genome	version	err	lwr	npl	edge	nsti	precision	recall	f1	rho
GCA_000171835.1	stock	0	0.9787580721	3	18195	0.082991	0.9515011547344111	0.8395313295975547	0.8920162381596752	0.42844764060802637
GCA_000227525.2	stock	1	0.3352663027	5	23527	0.015824	0.9682187730968219	0.8750835003340013	0.9192982456140351	0.37477494677305656
GCA_000688615.1	stock	4	0.0871804355	14	9682	0.00015	0.9254930606281958	0.8909985935302391	0.9079183088498746	0.4540695237495629
GCA_000963575.1	stock	2	0.0685486667	15	29862	0.01077	0.9807482746095169	0.96051227321238	0.9705248023005032	0.7545374054019137
GCA_001263235.1	stock	18	0.9140305358	8	28073	0.010423	0.8664222105814563	0.815179891572203	0.8400203148806501	0.2488304147004605
GCA_001567115.1	stock	0	1.0	1	2136	0.71336	0.7888799355358582	0.7114825581395349	0.7481849445930455	0.09658831915511243
GCA_001766905.1	stock	0	0.6317574902	4	9888	0.07525	0.8688663282571912	0.7490882567469	0.8045436741088915	0.2529922478417377
GCA_001899805.1	stock	6	0.9823032928	2	25039	0.119202	0.8640167364016736	0.7952503209242618	0.8282085561497327	0.07827097261091587
GCA_002083395.1	stock	0	0.9999714326	1	28715	0.055173	0.9244060475161987	0.9311094996374184	0.9277456647398844	0.43540774033265617
GCA_002319075.1	stock	3	1.0	1	7269	0.00015	0.9717348927875243	0.7752721617418351	0.8624567474048442	0.35127126197639724
GCA_002359655.1	stock	1	0.3473346762	3	18837	0.149806	0.9567251461988304	0.8547544409613375	0.902869757174393	0.17788260276525472
GCA_002411005.1	stock	5	0.5444735521	13	46681	0.325097	0.8606403013182674	0.8478664192949907	0.8542056074766354	0.14478442993271487
GCA_002574545.1	stock	2	0.0593112371	17	50695	0.002608	0.9517808219178082	0.9512595837897043	0.9515201314708299	0.7086849995938704
GCA_002746275.1	stock	0	1.0	1	16491	0.031242	0.9284741144414169	0.8984838497033619	0.9132328308207706	0.4499347279468451
GCA_003011965.1	stock	11	0.0085980627	100	38577	0.00015	0.9221967963386728	0.8629550321199143	0.8915929203539823	0.5309062181056086
GCA_003210095.1	stock	9	0.0493789242	42	18452	0.00951	0.8629737609329446	0.925	0.8929110105580694	0.08871813258075115
GCA_003259005.1	stock	4	0.7269200566	12	3050	0.138469	0.9733155436957972	0.8972939729397293	0.9337599999999999	0.5575560573265035
GCA_003428585.1	stock	17	0.1976382105	85	12684	0.070299	0.8584176085663295	0.8384660081348053	0.8483245149911818	0.27853394417747174
GCA_003644505.1	stock	0	0.8732269822	2	53074	0.317112	0.8416856492027335	0.7770767613038907	0.8080918534718426	0.06977015228228646
GCA_003666485.1	stock	3	0.2034899028	5	49071	0.00015	0.9545867393278837	0.9219298245614035	0.9379741186970102	0.6506334326201434
GCA_004321905.1	stock	1	0.6542974383	2	1936	0.137016	0.7603305785123967	0.8884986830553117	0.8194331983805667	0.23869921441237665
GCA_006210265.1	stock	2	0.3614734457	3	31333	0.056563	0.9410205434062293	0.9015873015873016	0.9208819714656291	0.5713774059132872
GCA_007988745.1	stock	15	0.0169877407	75	19933	0.01073	0.8610694652673663	0.8475159862272503	0.8542389687654933	0.20572945033936488
GCA_009693575.1	stock	1	0.8135237767	7	7946	0.250725	0.7992047713717694	0.8903654485049833	0.8423258250392877	0.23058397652084894
GCA_009773565.1	stock	2	0.2784943932	4	42552	0.096826	0.9237899073120495	0.8132366273798731	0.8649951783992287	0.3136874931735924
GCA_012396185.1	stock	0	0.9694393399	13	36005	0.00015	0.9622926093514329	0.9410029498525073	0.9515287099179716	0.6514236882309288
GCA_013360405.1	stock	0	1.0	1	8594	0.021559	0.9247720364741642	0.8510489510489511	0.886380189366351	0.46036510394916075
GCA_015487435.1	stock	11	0.7153017335	4	10593	1.562978	0.7861635220125787	0.6925207756232687	0.7363770250368188	-0.13617727740975294
GCA_016194985.1	stock	1	0.8002997721	2	7284	0.018064	0.9495238095238095	0.8485106382978723	0.8961797752808989	0.40469036841776135
GCA_016706865.1	stock	1	0.8856269501	4	8501	0.262547	0.950834879406308	0.8708581138487681	0.9090909090909092	0.43381474775765855
GCA_016715765.1	stock	4	0.7262443992	10	1788	0.042247	0.8613945578231292	0.7554064131245339	0.8049264998013508	0.23907700508950885
GCA_016716535.1	stock	16	0.7046664243	22	28242	0.011974	0.8591160220994475	0.774402390438247	0.8145625982189628	0.18200834231359936
GCA_016716765.1	stock	0	1.0	1	32141	0.010342	0.9513014273719563	0.824	0.8830865159781761	0.37066244315977986
GCA_016795365.1	stock	3	0.8645880274	3	1715	0.955803	0.8026172300981461	0.635030198446937	0.7090558766859345	-0.097876755915887
GCA_017592665.1	stock	1	0.2548451736	19	41758	0.042152	0.8995703544575725	0.8375	0.8674262040393579	0.5193768037894265
GCA_018240425.1	stock	4	0.1915012611	19	12041	0.091598	0.8680722891566265	0.8521584861028977	0.8600417785735601	0.2954324981816753
GCA_019038465.1	stock	3	0.2681118951	7	52788	0.00015	0.975867269984917	0.9599406528189911	0.967838444278235	0.6926165917003704
GCA_019456285.1	stock	4	0.3341654873	7	32801	0.158639	0.8335100742311771	0.8478964401294499	0.8406417112299466	0.0696768789234814
GCA_019800895.1	stock	0	0.9874088286	2	25662	0.055884	0.9265988372093024	0.9094151212553495	0.91792656587473	0.37549318171339335
GCA_020056225.1	stock	1	0.4925812651	3	8796	0.09559	0.9247720364741642	0.8749101365923796	0.8991503509420022	0.5378707917178811
GCA_020404485.1	stock	8	0.0486836107	25	18892	0.007446	0.8288409703504043	0.9564541213063764	0.8880866425992779	0.06810594383584136
GCA_020636645.1	stock	1	1.0	1	8496	0.120678	0.8413729128014842	0.8998015873015873	0.8696069031639502	0.307063759770586
GCA_021299695.1	stock	1	0.8063247221	2	1000	0.017911	0.8255977496483825	0.9093725793958172	0.865462587541467	0.35677605699758475
GCA_021531795.1	stock	4	0.3010277146	20	44731	0.041635	0.7361111111111112	0.8870292887029289	0.8045540796963948	0.17578874684664875
GCA_021647205.1	stock	0	0.9991186052	1	4350	0.10428	0.9381139489194499	0.8086367485182049	0.8685766257389722	0.3532333277103744
GCA_021813555.1	stock	22	1.0	1	9664	0.00015	0.605301914580265	0.6044117647058823	0.6048565121412803	-0.22930544039449494
GCA_022561875.1	stock	3	0.2399763046	25	3566	0.136108	0.7814748201438849	0.8031423290203327	0.7921604375569735	0.05872295740569352
GCA_022821845.1	stock	0	1.0	1	2365	0.00015	0.8910318225650916	0.8936170212765957	0.8923225494929985	0.3202901719501099
GCA_023250095.1	stock	1	0.9877346926	2	51753	0.054666	0.7948529411764705	0.8201820940819423	0.8073188946975355	0.27003691480628
GCA_023818645.1	stock	0	1.0	1	53108	0.092983	0.91320293398533	0.728780487804878	0.8106348345089528	0.20688772757206292
GCA_023957775.1	stock	4	1.0	1	43336	0.098564	0.8745874587458746	0.8450255102040817	0.859552384041518	0.4798281278857413
GCA_024346835.1	stock	6	0.050524511	22	20950	0.010638	0.9589572933998891	0.8940020682523268	0.9253411827669252	0.3625631400751406
GCA_900469475.1	stock	21	0.0108732305	92	14112	0.006061	0.8876199177706715	0.8681858802502234	0.8777953467359386	0.4246181357117959
GCA_903829855.1	stock	0	0.3916110299	3	1875	0.010452	0.9173819742489271	0.9243243243243243	0.9208400646203555	0.309490153196794
GCA_903874055.1	stock	0	0.3644608255	3	8290	0.010696	0.9291417165668663	0.9394550958627649	0.9342699448068239	0.46692162674057347
GCA_903892045.1	stock	0	1.0	1	504	0.020908	0.91328125	0.8308457711442786	0.8701153703014515	0.3956793145851795
GCA_905221545.1	stock	16	0.0029634319	100	47843	0.002824	0.9510818438381938	0.9413407821229051	0.9461862423958821	0.4627007207904486
GCA_913055905.1	stock	5	0.2096110085	6	7026	0.088314	0.9133928571428571	0.9325432999088423	0.9228687415426252	0.5241903111265589
GCA_913063055.1	stock	1	0.9999789895	1	51739	0.018212	0.8277777777777777	0.852037169406719	0.839732300105671	0.38759788473241497
GCA_916438965.1	stock	3	0.3236816572	7	42262	0.057778	0.967866323907455	0.9666238767650834	0.9672447013487475	0.44283106111696774
GCA_944324635.1	stock	3	0.4999545719	2	52957	0.00015	0.9093298291721419	0.8929032258064517	0.9010416666666667	0.28346843416199197
GCA_944391075.1	stock	0	1.0	1	18826	0.010241	0.6944024205748865	0.8038528896672504	0.7451298701298702	-0.16583313066120692
GCA_945883235.1	stock	3	0.4727784702	4	11849	0.085426	0.8816526610644257	0.871280276816609	0.8764357814131569	0.19871528394272772
GCF_000014045.1	stock	11	0.2020233513	5	13141	0.020576	0.8799540493968984	0.780040733197556	0.8269905533063429	0.17324723965530547
GCF_000022065.1	stock	1	0.4545321614	3	44417	0.00015	0.9059158945117605	0.9111111111111111	0.9085060757684059	0.5140843454880941
GCF_000093085.1	stock	0	0.6161167297	2	50832	0.010401	0.9466831990080595	0.9073083778966132	0.9265776699029127	0.5630359994026968
GCF_000152625.1	stock	7	0.2732908574	22	12834	0.044088	0.8870673952641166	0.8822463768115942	0.8846503178928248	0.4379298029202054
GCF_000159355.1	stock	3	0.1412524365	10	48670	0.00015	0.9384288747346072	0.949516648764769	0.9439402028830753	0.5501754940332726
GCF_000168975.1	stock	12	0.046832912	29	16259	0.00015	0.9474254742547426	0.7873873873873873	0.8600246002460025	0.4385836736763629
GCF_000189755.2	stock	0	1.0	1	43585	0.015663	0.9184268026219956	0.8584070796460177	0.8874032371569317	0.39656052450420776
GCF_000226315.1	stock	0	1.0	1	18251	0.00015	0.9350877192982456	0.8569131832797428	0.8942953020134228	0.40174760627249206
GCF_000228725.2	stock	0	0.9898627956	2	24500	0.102496	0.9522875816993464	0.8606024808033077	0.9041265901334161	0.27572159482651526
GCF_000233775.1	stock	1	0.8003972629	4	32589	0.455111	0.8208802456499488	0.7378104875804968	0.7771317829457365	-0.0014734395652459924
GCF_000265465.1	stock	0	0.9252652102	3	4804	0.00015	0.982740021574973	0.9630021141649049	0.9727709556860651	0.6860557140905975
GCF_000269905.1	stock	0	0.6941399932	2	49341	0.0206	0.9748778785764132	0.9154652686762779	0.9442379182156134	0.4550907726142535
GCF_000296815.2	stock	0	1.0	1	3042	0.010567	0.9651567944250871	0.9040469973890339	0.9336029659588809	0.6155845010330747
GCF_000300005.1	stock	0	0.2530096589	8	24026	0.011038	0.975767366720517	0.913767019667171	0.9437500000000002	0.5838847915209963
GCF_000312425.1	stock	5	0.9999713794	1	18041	0.015151	0.9075244112578977	0.8987485779294653	0.9031151757645042	0.5184308091259519
GCF_000341065.1	stock	6	0.3236525405	38	42133	0.068244	0.9539198084979055	0.8914988814317674	0.9216536571263371	0.5576973891061205
GCF_000348945.1	stock	0	0.6207278591	13	35712	0.02686	0.9123480486244402	0.9048223350253807	0.9085696081554636	0.5458869039607013
GCF_000368265.1	stock	0	0.2373933219	10	23830	0.010464	0.9595654797827399	0.9486873508353222	0.9540954095409541	0.6292488830577332
GCF_000374525.1	stock	9	0.9314820389	14	16324	0.150524	0.8683559950556242	0.7897695334457561	0.8272004710038269	0.22560313243068697
GCF_000378405.1	stock	0	0.4282043107	3	21014	0.502097	0.8827004219409282	0.8095975232198143	0.8445700444085588	-0.08507353176567854
GCF_000381345.1	stock	6	1.0	1	32330	0.043761	0.9210884353741496	0.8473091364205256	0.8826597131681876	0.39296723109109305
GCF_000406145.1	stock	11	0.0367325383	34	30438	0.010866	0.8783948115119579	0.851808176100629	0.8648972261025744	0.2613010832355399
GCF_000420165.1	stock	3	0.0964587945	11	24566	0.00015	0.9711673699015471	0.9471879286694102	0.9590277777777777	0.5666692763568216
GCF_000423365.1	stock	1	0.4817197942	3	16327	0.00015	0.9758364312267658	0.9199766355140186	0.9470835838845459	0.6324976870333964
GCF_000425645.1	stock	16	0.1923956563	8	6948	0.055858	0.8929527207850134	0.8584905660377359	0.8753825972890249	0.3207535381913524
GCF_000428465.1	stock	2	0.3315690406	3	28921	0.186237	0.9453273998728544	0.7476118652589241	0.8349241998877035	0.2160579073635258
GCF_000439435.1	stock	2	0.6582983957	6	47246	0.15181	0.9495327102803738	0.8881118881118881	0.9177958446251129	0.5885263712427734
GCF_000463075.2	stock	3	0.1162174978	14	49018	0.00015	0.9733124018838305	0.9323308270676691	0.9523809523809524	0.7148777881930489
GCF_000612445.1	stock	2	0.3918692187	5	48856	0.00015	0.9735720375106565	0.9041963578780681	0.9376026272577996	0.5128297796498944
GCF_000710465.2	stock	5	0.0142905008	73	38805	0.009084	0.8952434881087202	0.8351822503961965	0.8641705383984696	0.4681134461210645
GCF_000720835.1	stock	26	0.0062929004	100	37923	0.003096	0.8605577689243028	0.8944099378881988	0.8771573604060914	0.5261783320284169
GCF_000730245.1	stock	1	0.3345875889	3	18717	0.00015	0.9528415961305925	0.9668711656441717	0.9598051157125457	0.5013135056395465
GCF_000737325.1	stock	0	1.0	1	31716	0.010053	0.947463768115942	0.7996941896024465	0.867330016583748	0.545323991802293
GCF_000737575.1	stock	6	0.125300141	30	52620	0.03058	0.9450915141430949	0.922077922077922	0.933442892358258	0.4678926378714975
GCF_000737705.1	stock	16	0.054033175	23	4956	0.00015	0.9510603588907015	0.8887195121951219	0.9188337273443655	0.5086371776756874
GCF_000747525.1	stock	2	0.2010332458	5	7593	0.010139	0.9256505576208178	0.9201773835920177	0.9229058561897702	0.5339885604132169
GCF_000819985.1	stock	8	0.0221851022	51	19442	0.01084	0.9247551202137133	0.9157848324514991	0.9202481169694284	0.394395073555426
GCF_000832605.1	stock	13	0.0167000051	61	50679	0.00015	0.9201183431952663	0.9419485108531045	0.930905462708905	0.6431855840403066
GCF_000934755.1	stock	0	0.9999928704	1	31362	0.021614	0.8765957446808511	0.812089356110381	0.8431105047748976	0.2687651539904927
GCF_000971295.1	stock	6	0.9999989139	1	16345	0.010309	0.9034157832744405	0.9044811320754716	0.9039481437831466	0.40923896436267604
GCF_001262605.1	stock	8	0.1920022697	8	44418	0.158237	0.84	0.7940026075619296	0.8163538873994638	0.19896657488510716
GCF_001282725.1	stock	1	0.2706245944	7	45834	0.151574	0.8230714791224345	0.860207100591716	0.8412296564195298	0.2826077519897686
GCF_001421995.1	stock	0	0.3919554115	5	16770	0.00015	0.9705671213208902	0.9298486932599724	0.9497716894977168	0.5360883986682012
GCF_001422985.1	stock	1	0.1129498729	9	15450	0.00015	0.95656836461126	0.9514666666666667	0.9540106951871657	0.6989715346138935
GCF_001428865.1	stock	5	0.082396491	17	16620	0.00015	0.927888153053716	0.8613387978142076	0.8933758413035776	0.34848586355970035
GCF_001434835.1	stock	0	0.9903653813	1	49056	0.010155	0.9551954242135366	0.8781770376862401	0.9150684931506848	0.560367880446822
GCF_001437125.1	stock	3	0.383862461	11	49081	0.00015	0.9825102880658436	0.9597989949748744	0.971021860701576	0.7710816377609472
GCF_001440415.1	stock	23	0.0055635407	100	15806	0.002185	0.8885893980233602	0.8942133815551537	0.8913925191527715	0.5109638826876739
GCF_001511835.1	stock	5	0.2050189091	18	10781	0.069376	0.9690585911784069	0.9052890528905289	0.9360890302066772	0.5707444015285513
GCF_001548055.1	stock	2	0.4723910663	3	10291	0.029387	0.930622009569378	0.8983833718244804	0.9142185663924796	0.4057141858620198
GCF_001560895.1	stock	20	0.0029634319	100	47843	0.002824	0.9586077140169332	0.9163669064748201	0.9370114942528736	0.44863081540962996
GCF_001579035.1	stock	17	0.0029634319	100	47843	0.002824	0.9322671683913453	0.9108455882352942	0.9214318921431893	0.26048441609185036
GCF_001591505.1	stock	30	0.0537270945	92	49834	0.00015	0.8864795918367347	0.625	0.7331223628691983	0.0909957876536952
GCF_001641335.1	stock	26	0.0055635407	100	15806	0.002185	0.9083557951482479	0.8907488986784141	0.8994661921708185	0.5498743111434914
GCF_001665875.1	stock	5	0.0110317323	97	40093	0.006547	0.9826812059012188	0.9720812182741116	0.9773524720893142	0.801299979525762
GCF_001672975.1	stock	3	0.0110317323	97	40093	0.006547	0.9858883899935856	0.951702786377709	0.9684940138626339	0.7323869302282147
GCF_001870735.1	stock	2	0.4000318532	4	3090	0.371595	0.9396735273243435	0.8745046235138706	0.9059185768046529	0.5244838367543254
GCF_001889045.1	stock	0	0.9070281897	2	7139	0.051399	0.9516587677725118	0.9069557362240289	0.9287696577243294	0.4912108324827634
GCF_002079305.1	stock	3	0.9943792963	1	13439	0.051312	0.9414129810453762	0.8603674540682414	0.8990674712013166	0.39342972308131957
GCF_002086285.1	stock	5	0.1884556878	8	40266	0.00015	0.9763353617308993	0.95	0.9629876625541847	0.7393347614092068
GCF_002090075.1	stock	0	0.5359862712	12	35841	0.052383	0.9295190713101161	0.8910969793322735	0.9099025974025975	0.4709139775526569
GCF_002099195.1	stock	8	0.0909582923	22	26622	0.010335	0.9680383539752297	0.9431685480731802	0.9554416403785488	0.7873385438543313
GCF_002101775.1	stock	2	0.0860198321	13	40257	0.00015	0.9568062827225131	0.9720744680851063	0.9643799472295514	0.7380959584839374
GCF_002111585.1	stock	11	0.1179197729	59	30429	0.010771	0.8102218700475435	0.9228339350180506	0.8628691983122363	0.21544632236151956
GCF_002205845.1	stock	8	0.6653425923	30	28185	0.023001	0.872057318321392	0.7970065481758652	0.8328445747800586	0.2493622005770388
GCF_002251385.1	stock	5	0.3443286076	5	3818	0.248919	0.8821138211382114	0.8966942148760331	0.889344262295082	0.34920707327355427
GCF_002584535.1	stock	8	0.0167000051	61	50679	0.00015	0.8658777120315582	0.9325544344131704	0.897980056251598	0.4939637649964251
GCF_002752675.1	stock	15	0.0648214013	27	27034	0.011309	0.8570734078755469	0.82	0.838126931304968	0.3328199351840338
GCF_002813915.1	stock	8	0.0542770346	27	7154	0.030065	0.9107142857142857	0.8740359897172236	0.8919982509838216	0.3009717035058417
GCF_002875945.1	stock	1	0.1026876154	52	20893	0.011271	0.9765037593984962	0.9415496148618033	0.958708189158016	0.6352553652314373
GCF_002917095.1	stock	2	0.5028033305	2	26515	0.010352	0.9257445940432476	0.9545645771981489	0.9399337199668599	0.7089924598790479
GCF_002933955.1	stock	0	0.7415110587	3	3725	0.133901	0.9143835616438356	0.8821585903083701	0.897982062780269	0.31740043127425066
GCF_002953195.1	stock	14	0.0314765224	40	30292	0.010932	0.8736141906873615	0.9123890389810884	0.892580706060034	0.3115891886125612
GCF_002995745.1	stock	0	0.6598007493	12	45545	0.085371	0.8257142857142857	0.7727272727272727	0.7983425414364641	0.16710525163644324
GCF_003024195.1	stock	12	0.0238098424	46	37444	0.00015	0.9149045899948427	0.8645224171539961	0.8890002505637684	0.5738984007728477
GCF_003057615.1	stock	0	0.9999999825	1	50034	0.00015	0.8180112570356473	0.930298719772404	0.8705490848585691	0.3693215954254388
GCF_003058195.1	stock	2	0.1063837388	11	5254	0.030237	0.981974921630094	0.9835164835164835	0.9827450980392157	0.8254637898736172
GCF_003112555.1	stock	6	0.0076315307	100	37619	0.000152	0.9602364320257926	0.9061866125760649	0.9324289068614663	0.6724826977383589
GCF_003112695.1	stock	0	0.9997591944	1	26057	0.010525	0.956687898089172	0.9220380601596071	0.939043451078462	0.5215857628268991
GCF_003116135.1	stock	0	0.6614036755	7	11164	0.042316	0.9524096385542169	0.8932203389830509	0.921865889212828	0.5354914980953348
GCF_003143775.1	stock	0	0.8613276042	5	4465	0.010006	0.9545032497678737	0.9261261261261261	0.9401005944215821	0.5844373896808063
GCF_003201105.1	stock	15	0.3950683697	7	24939	0.011017	0.9367321867321867	0.8567415730337079	0.8949530516431924	0.30375326123704693
GCF_003293675.1	stock	3	0.0869327147	13	33491	0.00015	0.9786324786324786	0.9528432732316228	0.9655657062543921	0.6326428100650769
GCF_003308995.1	stock	0	0.9958281731	1	8343	0.010256	0.978021978021978	0.931076923076923	0.9539722572509457	0.7896238466675756
GCF_003415655.1	stock	7	0.4440991809	31	20966	0.010729	0.8288091068301225	0.8929245283018868	0.8596730245231609	0.09031233427563211
GCF_003432035.1	stock	3	0.4961911463	3	45080	0.00015	0.963980463980464	0.9074712643678161	0.9348727057430432	0.6820683472408569
GCF_003432115.1	stock	13	0.4097125479	18	7412	0.00015	0.8600143575017947	0.8960359012715033	0.8776556776556775	0.40937517692063485
GCF_003478505.1	stock	0	0.9995401621	1	45068	0.00015	0.8768	0.8535825545171339	0.8650355169692185	0.36340406941344355
GCF_003606345.3	stock	12	0.5650830354	47	14859	0.00015	0.9904661016949152	0.9709241952232607	0.9805977975878343	0.675390533614318
GCF_003614235.1	stock	0	0.8444619882	3	45709	0.027372	0.8685291700903862	0.9395555555555556	0.9026473099914604	0.4112703418716695
GCF_003688615.2	stock	4	0.1241368887	9	50397	0.00015	0.9308541545613016	0.9357476635514018	0.9332944946111272	0.5151723701267995
GCF_003691585.1	stock	0	0.821618338	4	43869	0.194648	0.9352801894238358	0.7659987071751778	0.8422174840085288	0.2601211684782412
GCF_003697165.2	stock	1	0.0599840634	17	29997	0.010716	0.9764542936288089	0.9035565523870555	0.9385921118322516	0.5259729123596842
GCF_003853645.1	stock	12	0.0312118511	37	26602	0.010459	0.9308811641067097	0.8940217391304348	0.9120792079207921	0.6043581750053567
GCF_003863355.1	stock	3	0.9727715924	3	3387	0.009804	0.94765625	0.9196360879454132	0.9334359368988072	0.6318643162408694
GCF_003864975.1	stock	2	0.9999973975	1	28882	0.010597	0.9119718309859155	0.8918732782369146	0.9018105849582172	0.3651067642476519
GCF_003966955.1	stock	0	1.0	1	42316	0.023841	0.8744541484716157	0.8821585903083701	0.8782894736842106	0.40570551655397613
GCF_003987065.1	stock	6	0.6496228696	16	20080	0.030905	0.9551839464882943	0.9296875	0.9422632794457274	0.38840260585303193
GCF_004117935.1	stock	13	0.01817083	55	38243	0.003483	0.8887683125339121	0.9264705882352942	0.9072279147050678	0.5896697477741749
GCF_004119455.1	stock	14	0.1990911821	53	5095	0.00015	0.9409984871406959	0.9628482972136223	0.9517980107115532	0.6440571606116066
GCF_004216955.1	stock	6	0.0720432116	15	50890	0.00015	0.9378847229994404	0.95662100456621	0.9471602147499293	0.6614293364956264
GCF_004310345.1	stock	15	0.0949435215	12	12170	0.00015	0.8414071510957324	0.8399539435808866	0.8406799193316048	0.2020877785897314
GCF_004339665.1	stock	9	0.2215957118	7	22721	0.01047	0.8388468809073724	0.7747708424268879	0.805536646244611	0.05078003862721465
GCF_004343775.1	stock	12	0.0174636658	80	26603	0.010484	0.9349232012934519	0.903515625	0.9189511323003576	0.5709475624462909
GCF_004360145.1	stock	25	0.2377463851	5	12880	0.00015	0.8550640279394645	0.8903030303030303	0.8723277909738717	0.28219246542879517
GCF_004363305.1	stock	0	0.4662889597	5	22888	0.010601	0.9679558011049724	0.9172774869109948	0.9419354838709677	0.5415687502641022
GCF_004364325.1	stock	8	0.9177195899	6	40853	0.082395	0.9290617848970252	0.757816145590294	0.8347468517090723	0.41538622371450706
GCF_004379335.1	stock	0	0.9997116708	1	47241	0.020801	0.9269162210338681	0.9369369369369369	0.9318996415770608	0.745129301748398
GCF_005222225.1	stock	9	0.2515111277	23	20202	0.089231	0.9607616849394114	0.848191543555782	0.900974025974026	0.3064916845580936
GCF_005696555.1	stock	5	0.0876023034	18	36177	0.00015	0.9457364341085271	0.9589519650655022	0.9522983521248916	0.664010784956687
GCF_005876855.1	stock	0	0.7833185982	99	21442	0.010987	0.9616490891658677	0.8521665250637214	0.9036036036036037	0.44298631083965645
GCF_006546935.1	stock	4	0.8056865002	9	47032	0.23171	0.9479166666666666	0.914572864321608	0.9309462915601021	0.6439259515438882
GCF_006715765.1	stock	0	0.9998540021	1	36001	0.026695	0.8972542072630647	0.9209090909090909	0.9089277703005832	0.4274326525966274
GCF_007421815.1	stock	0	0.9999649335	1	36909	0.00015	0.9489644970414202	0.8934540389972145	0.9203730272596844	0.5279040107507296
GCF_007752935.1	stock	0	1.0	1	932	0.00015	0.9274861878453039	0.8829717291255753	0.9046817110138095	0.5583929662785593
GCF_007858255.1	stock	13	0.0294372806	92	22105	0.012039	0.9418029669075694	0.9523076923076923	0.9470262000382482	0.6699088261282424
GCF_007990545.2	stock	2	0.999977383	1	32421	0.010575	0.9563492063492064	0.9251439539347409	0.9404878048780487	0.4571352920543406
GCF_008065095.1	stock	4	1.0	1	696	0.037421	0.9498825371965545	0.8512280701754386	0.8978534418948926	0.4636364356311151
GCF_008086205.1	stock	0	0.9899834157	2	6829	0.030026	0.956482320942883	0.9213973799126638	0.9386120996441281	0.6004551025360563
GCF_008123965.1	stock	12	0.0371860551	28	15942	0.011281	0.9503904455672945	0.9191470457574411	0.9345076784101174	0.6749278150826735
GCF_008386495.1	stock	4	0.0289170369	35	37848	0.003472	0.9083123425692695	0.8877400295420975	0.8979083665338645	0.579070891960812
GCF_008693185.1	stock	11	0.1421480961	52	23610	0.024496	0.848014888337469	0.8417487684729064	0.8448702101359703	0.16333994955167114
GCF_008801605.1	stock	7	0.0093952145	100	22008	0.016096	0.9778393351800554	0.9254681647940075	0.950933230710025	0.7079014122222187
GCF_009183365.2	stock	0	0.4212544816	6	19662	0.049643	0.9861963190184049	0.8836463582226294	0.9321092051220101	0.5067145522008912
GCF_009193265.1	stock	5	0.0173518363	80	23338	0.032565	0.9301450832885545	0.860337972166998	0.8938807126258713	0.37070740363738497
GCF_009363155.1	stock	7	0.1656710879	26	22724	0.046232	0.8574181117533719	0.7745865970409052	0.8139003200731596	0.047286676692513394
GCF_009495355.1	stock	5	0.9891851344	2	3807	0.076455	0.8846863468634686	0.9513888888888888	0.9168260038240917	0.3635315458575422
GCF_009569385.1	stock	11	0.0142905008	73	38805	0.009084	0.861268403171008	0.8521008403361344	0.8566600957476767	0.42661762918127677
GCF_009602705.1	stock	6	0.4949863627	3	5157	0.00015	0.9274809160305344	0.9440559440559441	0.9356950327300733	0.6177815958715327
GCF_009664835.1	stock	3	0.9829572149	4	40821	0.054651	0.8532518065591995	0.9197124026363092	0.8852364475201845	0.4767789264939469
GCF_009711045.1	stock	0	0.9865890484	2	5997	0.030223	0.9579230080572964	0.9377738825591586	0.9477413640389726	0.6226202215288261
GCF_009725235.1	stock	82	0.2047549042	10	5019	0.008298	0.6682887266828873	0.4287200832466181	0.5223454833597464	-0.22113335868628956
GCF_009765165.1	stock	3	0.1782932073	9	25333	0.033973	0.9627329192546584	0.9561998766193708	0.9594552770040236	0.6012210713495657
GCF_009805705.1	stock	0	0.3417758225	3	36469	0.00015	0.9765957446808511	0.9216867469879518	0.9483471074380165	0.7070385665991032
GCF_009832925.1	stock	2	0.0216496179	61	38416	0.00015	0.968421052631579	0.9458874458874459	0.957021626060772	0.7775081203085568
GCF_009907385.1	stock	8	0.1297701349	47	30060	0.010924	0.8975009054690329	0.8784119106699751	0.8878538158366177	0.3303554307325476
GCF_010365305.1	stock	10	0.1428198914	33	46519	0.00015	0.9557329462989841	0.8774150566289141	0.9149010072941994	0.38142785280583436
GCF_010435915.1	stock	4	0.2393397965	10	3068	0.078277	0.9112352576039727	0.9501618122977347	0.9302915082382764	0.6247124117553996
GCF_011742165.1	stock	14	0.0542521315	63	23199	0.011287	0.8853383458646616	0.8698060941828255	0.8775034932463903	0.27105405783723097
GCF_011762005.1	stock	5	0.0502468198	28	17176	0.00015	0.9264931087289433	0.9387121799844841	0.9325626204238922	0.3927626541856896
GCF_011765625.1	stock	4	0.2016476404	9	19587	0.13716	0.9523068947641264	0.9148406374501992	0.9331978663957328	0.4546550150758886
GCF_012034245.1	stock	8	0.5006845576	2	41395	0.014827	0.9405637254901961	0.911520190023753	0.9258142340168878	0.6370080699017612
GCF_012641465.1	stock	10	0.2026750471	5	20717	0.033716	0.8262494161606726	0.891633064516129	0.8576969696969697	0.1638705645957042
GCF_012955605.1	stock	10	0.6478956899	31	49628	0.021595	0.8342507645259939	0.866031746031746	0.8498442367601247	0.2278625734096738
GCF_012979535.1	stock	7	0.2793616624	7	17460	0.120473	0.8414918414918415	0.8547750591949487	0.8480814408770557	0.09104004745683325
GCF_013004695.1	stock	4	0.6042928847	13	35917	0.014485	0.8962432915921288	0.9429109159347553	0.918985019871599	0.5592287137051914
GCF_013141825.1	stock	2	0.9999998777	1	3395	0.00015	0.9536082474226805	0.9119718309859155	0.9323254139668826	0.6104030259089542
GCF_013155295.1	stock	3	0.9758555553	2	12247	0.020818	0.8708791208791209	0.8507783145464305	0.860711376595167	0.28015434995629146
GCF_013248905.1	stock	4	0.7158510708	9	19551	0.033928	0.8252202132591563	0.8632395732298739	0.8438018487793315	0.17992989013828195
GCF_013304385.1	stock	3	0.08497076	23	44802	0.110751	0.8884924174843889	0.8251864125932062	0.8556701030927835	0.37654797179751975
GCF_013365435.1	stock	1	0.6774689137	3	18787	0.061825	0.8894154818325435	0.9929453262786596	0.9383333333333334	0.2440007255458907
GCF_013409205.1	stock	8	0.7810552636	37	33342	0.031639	0.8305814788226848	0.8270192994996426	0.8287965616045845	0.2619024751408501
GCF_013410345.1	stock	1	0.204978084	5	40787	0.00015	0.8911353032659409	0.9403719912472648	0.9150918285866384	0.6045276468154022
GCF_014049385.1	stock	0	0.9128423143	3	47557	0.00015	0.9193408499566349	0.9430604982206405	0.9310496267018007	0.564690177892576
GCF_014193695.1	stock	3	0.0584377144	18	14092	0.006358	0.9564411492122336	0.9511520737327189	0.9537892791127541	0.7464166700882826
GCF_014196495.1	stock	1	0.4334254261	9	17687	0.091991	0.9452773613193404	0.778875849289685	0.85404673213681	0.16198635045427315
GCF_014196715.1	stock	8	0.0183687808	60	7850	0.010362	0.937546468401487	0.915758896151053	0.9265246142542249	0.5415752874697803
GCF_014203015.1	stock	0	0.9999974821	1	28252	0.010728	0.9370125974805039	0.8039114770972723	0.8653739612188366	0.29654694443575963
GCF_014207655.1	stock	0	0.9999971356	1	50812	0.102572	0.924203821656051	0.8601066982809722	0.8910039914031317	0.396601474937987
GCF_014243445.1	stock	9	0.9693935451	6	12307	0.020705	0.915303738317757	0.8282241014799154	0.869589345172031	0.3299908560856307
GCF_014251595.1	stock	9	0.3432131279	27	4694	0.080498	0.9941747572815534	1.0	0.9970788704965919	0.7076825188132393
GCF_014490485.1	stock	6	0.3287172842	8	11175	0.053528	0.9286998202516477	0.8737316798196166	0.9003775776938716	0.4591424947946523
GCF_014641695.1	stock	12	0.664971862	7	14523	0.010669	0.8293918918918919	0.8022875816993464	0.8156146179401994	0.2505863589009392
GCF_014646355.1	stock	10	0.0233642124	58	41887	0.011718	0.844876660341556	0.8990408884401817	0.8711176326730252	0.5023351824230847
GCF_014650055.1	stock	15	0.0143335952	76	37602	0.00015	0.8832228454869965	0.9212765957446809	0.9018484769591253	0.5935289784779122
GCF_014651595.1	stock	0	0.2118334532	5	16278	0.013939	0.9257281553398058	0.9573293172690763	0.9412635735439289	0.6335647275485817
GCF_014651895.1	stock	3	0.7880156623	15	24904	0.010903	0.9077608142493638	0.9551539491298527	0.9308545335942595	0.45697243617049127
GCF_014692495.1	stock	1	0.2020679949	9	7616	0.069126	0.9636824324324325	0.9201612903225806	0.9414191419141914	0.6066481772468945
GCF_014879975.1	stock	1	0.1026876154	52	20893	0.011271	0.9694548872180451	0.9450297755382501	0.957086522848527	0.6408593399527291
GCF_015477775.1	stock	13	0.0760048853	19	39559	0.00015	0.9257950530035336	0.8366152208621607	0.8789488398098966	0.5046706892107099
GCF_015690345.1	stock	0	0.9999981714	1	41631	0.00015	0.9212598425196851	0.900990099009901	0.9110122358175751	0.6325444704762521
GCF_015841355.1	stock	3	0.1569929103	13	52836	0.00015	0.9641221374045802	0.9446522064323112	0.9542878730638459	0.5268025766848741
GCF_016464305.1	stock	1	0.9888218358	2	41190	0.010382	0.8460325801366264	0.9096045197740112	0.8766675741900354	0.47859502755062405
GCF_016612545.1	stock	23	0.0062929004	100	37923	0.003096	0.9233067729083665	0.8862332695984704	0.904390243902439	0.6492238021494495
GCF_016901575.1	stock	0	0.9999266872	1	42441	0.022453	0.9449648711943794	0.8800436205016358	0.9113495200451722	0.3729270372937842
GCF_016905005.1	stock	5	0.9999993004	1	24958	0.011036	0.9457227138643067	0.9260543038705951	0.9357851722124927	0.5145739599330668
GCF_016908715.1	stock	0	0.9996371256	1	48929	0.00015	0.983177570093458	0.9351111111111111	0.9585421412300683	0.6231087298920985
GCF_017355935.1	stock	0	1.0	1	3178	0.01033	0.9551049963794352	0.8991138377641446	0.9262640449438202	0.5823205591609829
GCF_017571475.1	stock	0	0.9999934306	1	19038	0.00015	0.9737039819684448	0.9425454545454546	0.9578713968957872	0.6150750747545036
GCF_017573545.1	stock	3	0.0542590531	29	42005	0.00015	0.9529411764705882	0.9400386847195358	0.9464459591041869	0.7529976414036587
GCF_017884005.1	stock	0	0.0269310308	38	48208	0.027703	0.9569120287253142	0.846703733121525	0.8984407922461021	0.39962708734302144
GCF_018394335.1	stock	2	0.6877597413	5	19659	0.077982	0.9569620253164557	0.9314933464760966	0.9440559440559441	0.4506254665320736
GCF_018760365.1	stock	4	0.9760038275	2	12903	0.010365	0.9302059496567505	0.8262195121951219	0.8751345532831	0.4161161066686457
GCF_018860625.1	stock	7	0.4786302044	4	12062	0.00015	0.8834733893557423	0.8899548532731377	0.8867022771998875	0.3744228633040905
GCF_018860915.1	stock	2	0.929829091	18	19767	0.045796	0.9262926292629263	0.913232104121475	0.9197160021845986	0.4825290227077661
GCF_018882325.1	stock	3	0.0247624137	47	26695	0.010808	0.9837133550488599	0.9193302891933028	0.9504327301337528	0.409149154999954
GCF_019048065.1	stock	1	0.0565801461	24	29975	0.010934	0.9601148691767709	0.9810890120639061	0.9704886308659892	0.6818097219566015
GCF_019443405.1	stock	3	0.0979393268	11	11746	0.00015	0.8892782060266293	0.8855547801814375	0.8874125874125876	0.28708253162297825
GCF_019668465.1	stock	2	0.0110317323	97	40093	0.006547	0.9916613213598461	0.9698870765370138	0.9806533460196638	0.83236832165489
GCF_019704135.1	stock	6	0.9334142369	5	30806	0.11551	0.900137741046832	0.7355092853123242	0.8095385568287395	0.2027992777457873
GCF_019956575.1	stock	5	0.0143630496	70	22412	0.019163	0.9734653465346534	0.9144345238095238	0.9430270477652024	0.6421034327474867
GCF_019977335.1	stock	15	0.0055251217	100	35259	0.003153	0.9026434558349452	0.9020618556701031	0.9023525620367387	0.5502009244936612
GCF_020097155.1	stock	4	0.1158061335	10	35604	0.00015	0.9512820512820512	0.9408284023668639	0.9460263493412665	0.6073237398739596
GCF_020524905.1	stock	0	0.0572794401	33	21203	0.01082	0.9692982456140351	0.9572279371954521	0.9632252792154726	0.6650621057553571
GCF_020809045.1	stock	15	0.0055251217	100	35259	0.003153	0.9200515796260477	0.921239509360878	0.9206451612903226	0.6439865636393384
GCF_020905345.1	stock	13	0.024495309	100	5867	0.009822	0.9432013769363167	0.8118518518518518	0.8726114649681527	0.3085711842073474
GCF_020911885.1	stock	9	0.024495309	100	5867	0.009822	0.9182444061962134	0.8876871880199667	0.9027072758037226	0.368188598090907
GCF_020991125.1	stock	6	0.4990694232	2	21194	0.010731	0.9106840022611645	0.8447823807026743	0.8764961915125136	0.3028585657271272
GCF_021165935.1	stock	14	0.1369409661	33	21205	0.010776	0.8440065681444991	0.839412084921067	0.8417030567685589	0.17636089368898847
GCF_021284745.1	stock	0	0.7134148333	7	25233	0.052482	0.9609144542772862	0.93943763518385	0.9500546846518412	0.4700794743501455
GCF_022179405.1	stock	4	0.1115060002	9	15445	0.004216	0.9428113308391235	0.9602612955906369	0.9514563106796116	0.6427695447517962
GCF_022846615.1	stock	0	0.9614714434	2	11222	0.010768	0.968129885748647	0.8969359331476323	0.9311740890688259	0.5621750141695574
GCF_022919115.1	stock	4	0.2897637539	7	49487	0.00015	0.9362980769230769	0.8718522663682149	0.9029266879165458	0.4873614192904442
GCF_023516435.1	stock	2	0.8830885577	3	38958	0.07802	0.8821917808219178	0.8304319793681496	0.8555297243440717	0.343024780242308
GCF_023534745.1	stock	14	0.0196850802	61	38197	0.00015	0.8927038626609443	0.8841657810839533	0.8884143085958357	0.5170812551108008
GCF_023555055.1	stock	4	0.0982724006	13	23460	0.010583	0.9452709883103082	0.879387048937222	0.9111395646606913	0.4413299965292634
GCF_023630175.1	stock	24	0.0062929004	100	37923	0.003096	0.8102589641434262	0.9186900056465274	0.8610743582958454	0.44813043249673495
GCF_023656565.1	stock	2	0.2497123325	4	5704	0.00015	0.9737609329446064	0.963924963924964	0.9688179840464105	0.8121807079028587
GCF_024211275.1	stock	15	0.3235200534	56	16706	0.051273	0.9121212121212121	0.7708066581306018	0.8355308813324079	0.026146056790962463
GCF_024273195.1	stock	2	0.0697836243	23	16376	0.00015	0.9297935103244838	0.9173457508731082	0.9235276882508058	0.5306967792314292
GCF_024810105.1	stock	1	0.0736954022	16	25396	0.011193	0.9625949736995909	0.9654161781946072	0.9640035118525021	0.6964312502577393
GCF_900089755.1	stock	2	0.4995864198	5	22887	0.045883	0.9038674033149171	0.9068736141906873	0.9053680132816823	0.38535777813093997
GCF_900089955.1	stock	2	0.1430993585	7	26035	0.00015	0.9034749034749034	0.8703506907545164	0.8866035182679296	0.3798700352230857
GCF_900096755.1	stock	17	0.0244679273	59	26695	0.021668	0.9193811074918566	0.955160744500846	0.9369294605809129	0.29053396182833013
GCF_900101165.1	stock	8	0.1023834976	17	47484	0.00015	0.8765331152902698	0.897071129707113	0.8866832092638544	0.36772232465131516
GCF_900104475.1	stock	2	0.4055939791	3	40772	0.00015	0.9203980099502488	0.9378960709759189	0.9290646578782172	0.6143309763859482
GCF_900104815.1	stock	17	0.0076315307	100	37619	0.000152	0.8936055883933369	0.8738833420914346	0.8836344314558979	0.5227299129567492
GCF_900107105.1	stock	0	0.2287810645	9	39057	0.00015	0.9576624925462135	0.9093997734994338	0.9329073482428115	0.628320649594386
GCF_900111515.1	stock	8	0.1288573559	18	2847	0.00015	0.8661870503597122	0.9435736677115988	0.9032258064516129	0.4858594147835414
GCF_900112185.1	stock	8	0.0237478684	45	15277	0.00015	0.8992665036674816	0.8625703564727955	0.8805362700502753	0.4414388796984017
GCF_900114055.1	stock	3	0.5825447238	6	46366	0.145109	0.9053380782918149	0.7798896382587369	0.8379446640316205	0.1563395183251584
GCF_900116435.1	stock	11	0.0169877407	75	19933	0.01073	0.863568215892054	0.8714069591527988	0.8674698795180723	0.2459571885416482
GCF_900117415.1	stock	1	0.4002176076	3	13705	0.00015	0.9477866061293984	0.8666320705760249	0.9053944158308485	0.5196622000654209
GCF_900119075.1	stock	0	0.989237176	2	44263	0.010368	0.973963355834137	0.9637404580152672	0.9688249400479616	0.7479964502029267
GCF_900168125.1	stock	0	0.9106285842	3	7600	0.041664	0.9732793522267207	0.9210727969348659	0.9464566929133857	0.6812918419933686
GCF_900176285.1	stock	0	0.7993923	3	31071	0.065989	0.9355271994627267	0.8850063532401525	0.9095657851779302	0.5636949846392437
GCF_900199375.1	stock	4	0.7932215609	4	42490	0.136884	0.949290060851927	0.8524590163934426	0.8982725527831092	0.36555394689677584
GCF_900199435.1	stock	4	1.0	1	44381	0.050545	0.8230912476722533	0.7574978577549272	0.7889335118250781	0.1269482327565421
GCF_900230195.1	stock	2	0.411239378	3	37290	0.032092	0.942189421894219	0.9240048250904704	0.9330085261875762	0.6829304416654824
GCF_900290195.1	stock	0	0.8751902309	4	46038	0.009723	0.9249217935349322	0.8834661354581673	0.9037187977585328	0.4629912630529583
GCF_900290275.1	stock	0	0.9921648242	1	3783	0.045027	0.9610115911485775	0.8587570621468926	0.9070114370959722	0.41212064435780765
GCF_900475935.1	stock	0	0.242685847	7	10111	0.00015	0.9789473684210527	0.9224526600541028	0.9498607242339834	0.43082801729675224
GCF_900637555.1	stock	0	1.0	1	26125	0.042463	0.7962085308056872	0.703770197486535	0.7471410419313851	-0.06033588842802021
GCF_902702775.1	stock	1	0.0291746661	34	48259	0.002963	0.9526315789473684	0.948471615720524	0.9505470459518599	0.5679449805035522
GCF_902833225.1	stock	9	0.0174636658	80	26603	0.010484	0.9603880355699272	0.9187935034802784	0.9391304347826086	0.7153040096963319
GCF_903819435.1	stock	10	0.0423434338	45	5671	0.00015	0.9387291981845688	0.8966763005780347	0.9172209903917221	0.48098110537664623
GCF_907164555.1	stock	9	0.015533326	89	26421	0.028299	0.8961982058949167	0.9221978021978022	0.9090121317157713	0.5760978357845982
GCA_000171835.1	fix	0	0.9787580722	3	18195	0.082991	0.9515011547344111	0.8395313295975547	0.8920162381596752	0.42844764060802637
GCA_000227525.2	fix	1	0.3352663027	5	23527	0.015824	0.9682187730968219	0.8750835003340013	0.9192982456140351	0.37477494677305656
GCA_000688615.1	fix	4	0.0871804355	14	9682	0.00015	0.9254930606281958	0.8909985935302391	0.9079183088498746	0.4540695237495629
GCA_000963575.1	fix	2	0.0685486667	15	29862	0.01077	0.9807482746095169	0.96051227321238	0.9705248023005032	0.7545374054019137
GCA_001263235.1	fix	18	0.9140305358	8	28073	0.010423	0.8664222105814563	0.815179891572203	0.8400203148806501	0.2488304147004605
GCA_001567115.1	fix	0	1.0	1	2136	0.71336	0.7888799355358582	0.7114825581395349	0.7481849445930455	0.09658831915511243
GCA_001766905.1	fix	0	0.6317574902	4	9888	0.07525	0.8688663282571912	0.7490882567469	0.8045436741088915	0.2529922478417377
GCA_001899805.1	fix	6	0.9823032928	2	25039	0.119202	0.8640167364016736	0.7952503209242618	0.8282085561497327	0.07827097261091587
GCA_002083395.1	fix	0	0.9999714326	1	28715	0.055173	0.9244060475161987	0.9311094996374184	0.9277456647398844	0.43540774033265617
GCA_002319075.1	fix	3	0.9999999985	1	7269	0.00015	0.9717348927875243	0.7752721617418351	0.8624567474048442	0.35127126197639724
GCA_002359655.1	fix	1	0.3473346762	3	18837	0.149806	0.9567251461988304	0.8547544409613375	0.902869757174393	0.17788260276525472
GCA_002411005.1	fix	5	0.5444735521	13	46681	0.325097	0.8606403013182674	0.8478664192949907	0.8542056074766354	0.14478442993271487
GCA_002574545.1	fix	2	0.0593112371	17	50695	0.002608	0.9517808219178082	0.9512595837897043	0.9515201314708299	0.7086849995938704
GCA_002746275.1	fix	0	1.0	1	16491	0.031242	0.9284741144414169	0.8984838497033619	0.9132328308207706	0.4499347279468451
GCA_003011965.1	fix	11	0.0085980627	100	38577	0.00015	0.9221967963386728	0.8629550321199143	0.8915929203539823	0.5309062181056086
GCA_003210095.1	fix	9	0.0493789242	42	18452	0.00951	0.8629737609329446	0.925	0.8929110105580694	0.08871813258075115
GCA_003259005.1	fix	4	0.7269200566	12	3050	0.138469	0.9733155436957972	0.8972939729397293	0.9337599999999999	0.5575560573265035
GCA_003428585.1	fix	17	0.1976382105	85	12684	0.070299	0.8584176085663295	0.8384660081348053	0.8483245149911818	0.27853394417747174
GCA_003644505.1	fix	0	0.8732269822	2	53074	0.317112	0.8416856492027335	0.7770767613038907	0.8080918534718426	0.06977015228228646
GCA_003666485.1	fix	3	0.2034899028	5	49071	0.00015	0.9545867393278837	0.9219298245614035	0.9379741186970102	0.6506334326201434
GCA_004321905.1	fix	1	0.6542974383	2	1936	0.137016	0.7603305785123967	0.8884986830553117	0.8194331983805667	0.23869921441237665
GCA_006210265.1	fix	2	0.3614734457	3	31333	0.056563	0.9410205434062293	0.9015873015873016	0.9208819714656291	0.5713774059132872
GCA_007988745.1	fix	15	0.0169877407	75	19933	0.01073	0.8610694652673663	0.8475159862272503	0.8542389687654933	0.20572945033936488
GCA_009693575.1	fix	1	0.8135237767	7	7946	0.250725	0.7992047713717694	0.8903654485049833	0.8423258250392877	0.23058397652084894
GCA_009773565.1	fix	2	0.2784943932	4	42552	0.096826	0.9237899073120495	0.8132366273798731	0.8649951783992287	0.3136874931735924
GCA_012396185.1	fix	0	0.9694393399	13	36005	0.00015	0.9622926093514329	0.9410029498525073	0.9515287099179716	0.6514236882309288
GCA_013360405.1	fix	0	1.0	1	8594	0.021559	0.9247720364741642	0.8510489510489511	0.886380189366351	0.46036510394916075
GCA_015487435.1	fix	11	0.7153017335	4	10593	1.562978	0.7861635220125787	0.6925207756232687	0.7363770250368188	-0.13617727740975294
GCA_016194985.1	fix	2	0.9987804146	1	7283	0.01998	0.954119850187266	0.8672340425531915	0.9086045474810522	0.43159771906417743
GCA_016706865.1	fix	1	0.8856269501	4	8501	0.262547	0.950834879406308	0.8708581138487681	0.9090909090909092	0.43381474775765855
GCA_016715765.1	fix	4	0.7262443992	10	1788	0.042247	0.8613945578231292	0.7554064131245339	0.8049264998013508	0.23907700508950885
GCA_016716535.1	fix	16	0.7046664243	22	28242	0.011974	0.8591160220994475	0.774402390438247	0.8145625982189628	0.18200834231359936
GCA_016716765.1	fix	0	1.0	1	32141	0.010342	0.9513014273719563	0.824	0.8830865159781761	0.37066244315977986
GCA_016795365.1	fix	3	0.8645880274	3	1715	0.955803	0.8026172300981461	0.635030198446937	0.7090558766859345	-0.097876755915887
GCA_017592665.1	fix	1	0.2548451736	19	41758	0.042152	0.8995703544575725	0.8375	0.8674262040393579	0.5193768037894265
GCA_018240425.1	fix	4	0.1915012611	19	12041	0.091598	0.8680722891566265	0.8521584861028977	0.8600417785735601	0.2954324981816753
GCA_019038465.1	fix	3	0.2681118951	7	52788	0.00015	0.975867269984917	0.9599406528189911	0.967838444278235	0.6926165917003704
GCA_019456285.1	fix	4	0.3341654873	7	32801	0.158639	0.8335100742311771	0.8478964401294499	0.8406417112299466	0.0696768789234814
GCA_019800895.1	fix	0	0.9874088286	2	25662	0.055884	0.9265988372093024	0.9094151212553495	0.91792656587473	0.37549318171339335
GCA_020056225.1	fix	1	0.4925812651	3	8796	0.09559	0.9247720364741642	0.8749101365923796	0.8991503509420022	0.5378707917178811
GCA_020404485.1	fix	7	0.031964287	34	18893	0.008383	0.8288409703504043	0.9564541213063764	0.8880866425992779	0.06810594383584136
GCA_020636645.1	fix	1	1.0	1	8496	0.120678	0.8413729128014842	0.8998015873015873	0.8696069031639502	0.307063759770586
GCA_021299695.1	fix	1	0.4468322139	3	1000	0.042177	0.8255977496483825	0.9093725793958172	0.865462587541467	0.35677605699758475
GCA_021531795.1	fix	4	0.3010277146	20	44731	0.041635	0.7361111111111112	0.8870292887029289	0.8045540796963948	0.17578874684664875
GCA_021647205.1	fix	0	0.9991186052	1	4350	0.10428	0.9381139489194499	0.8086367485182049	0.8685766257389722	0.3532333277103744
GCA_021813555.1	fix	22	1.0	1	9664	0.00015	0.605301914580265	0.6044117647058823	0.6048565121412803	-0.22930544039449494
GCA_022561875.1	fix	3	0.2399763046	25	3566	0.136108	0.7814748201438849	0.8031423290203327	0.7921604375569735	0.05872295740569352
GCA_022821845.1	fix	0	1.0	1	2365	0.00015	0.8910318225650916	0.8936170212765957	0.8923225494929985	0.3202901719501099
GCA_023250095.1	fix	2	0.9270634417	6	51742	0.236447	0.7903225806451613	0.8179059180576631	0.8038777032065623	0.26633510324032533
GCA_023818645.1	fix	0	1.0	1	53108	0.092983	0.91320293398533	0.728780487804878	0.8106348345089528	0.20688772757206292
GCA_023957775.1	fix	5	0.9640655072	3	43335	0.124838	0.8567639257294429	0.8239795918367347	0.8400520156046815	0.4369404912262896
GCA_024346835.1	fix	6	0.050524511	22	20950	0.010638	0.9589572933998891	0.8940020682523268	0.9253411827669252	0.3625631400751406
GCA_900469475.1	fix	21	0.0108732305	92	14112	0.006061	0.8876199177706715	0.8681858802502234	0.8777953467359386	0.4246181357117959
GCA_903829855.1	fix	0	0.3916110299	3	1875	0.010452	0.9173819742489271	0.9243243243243243	0.9208400646203555	0.309490153196794
GCA_903874055.1	fix	0	0.3644608255	3	8290	0.010696	0.9291417165668663	0.9394550958627649	0.9342699448068239	0.46692162674057347
GCA_903892045.1	fix	0	1.0	1	504	0.020908	0.91328125	0.8308457711442786	0.8701153703014515	0.3956793145851795
GCA_905221545.1	fix	16	0.0029634319	100	47843	0.002824	0.9510818438381938	0.9413407821229051	0.9461862423958821	0.4627007207904486
GCA_913055905.1	fix	5	0.2096110085	6	7026	0.088314	0.9133928571428571	0.9325432999088423	0.9228687415426252	0.5241903111265589
GCA_913063055.1	fix	1	0.8870345307	5	51739	0.075679	0.8277777777777777	0.852037169406719	0.839732300105671	0.38759788473241497
GCA_916438965.1	fix	3	0.3236816572	7	42262	0.057778	0.967866323907455	0.9666238767650834	0.9672447013487475	0.44283106111696774
GCA_944324635.1	fix	3	0.2432154071	13	52957	0.00015	0.9093298291721419	0.8929032258064517	0.9010416666666667	0.28346843416199197
GCA_944391075.1	fix	0	1.0	1	18826	0.010241	0.6944024205748865	0.8038528896672504	0.7451298701298702	-0.16583313066120692
GCA_945883235.1	fix	3	0.4727784702	4	11849	0.085426	0.8816526610644257	0.871280276816609	0.8764357814131569	0.19871528394272772
GCF_000014045.1	fix	11	0.2020233513	5	13141	0.020576	0.8799540493968984	0.780040733197556	0.8269905533063429	0.17324723965530547
GCF_000022065.1	fix	1	0.4545321614	3	44417	0.00015	0.9059158945117605	0.9111111111111111	0.9085060757684059	0.5140843454880941
GCF_000093085.1	fix	0	0.6161167297	2	50832	0.010401	0.9466831990080595	0.9073083778966132	0.9265776699029127	0.5630359994026968
GCF_000152625.1	fix	7	0.2732908574	22	12834	0.044088	0.8870673952641166	0.8822463768115942	0.8846503178928248	0.4379298029202054
GCF_000159355.1	fix	3	0.1412524365	10	48670	0.00015	0.9384288747346072	0.949516648764769	0.9439402028830753	0.5501754940332726
GCF_000168975.1	fix	12	0.046832912	29	16259	0.00015	0.9474254742547426	0.7873873873873873	0.8600246002460025	0.4385836736763629
GCF_000189755.2	fix	0	0.9490996196	3	43585	0.070048	0.9184268026219956	0.8584070796460177	0.8874032371569317	0.39656052450420776
GCF_000226315.1	fix	0	1.0	1	18251	0.00015	0.9350877192982456	0.8569131832797428	0.8942953020134228	0.40174760627249206
GCF_000228725.2	fix	0	0.9898627956	2	24500	0.102496	0.9522875816993464	0.8606024808033077	0.9041265901334161	0.27572159482651526
GCF_000233775.1	fix	1	0.8003972629	4	32589	0.455111	0.8208802456499488	0.7378104875804968	0.7771317829457365	-0.0014734395652459924
GCF_000265465.1	fix	0	0.9252652102	3	4804	0.00015	0.982740021574973	0.9630021141649049	0.9727709556860651	0.6860557140905975
GCF_000269905.1	fix	0	0.6941399932	2	49341	0.0206	0.9748778785764132	0.9154652686762779	0.9442379182156134	0.4550907726142535
GCF_000296815.2	fix	0	1.0	1	3042	0.010567	0.9651567944250871	0.9040469973890339	0.9336029659588809	0.6155845010330747
GCF_000300005.1	fix	0	0.2530096589	8	24026	0.011038	0.975767366720517	0.913767019667171	0.9437500000000002	0.5838847915209963
GCF_000312425.1	fix	1	0.8990274755	2	18030	0.031138	0.9150889271371199	0.9072810011376564	0.9111682376463868	0.5304966445690444
GCF_000341065.1	fix	6	0.3236525405	38	42133	0.068244	0.9539198084979055	0.8914988814317674	0.9216536571263371	0.5576973891061205
GCF_000348945.1	fix	0	0.6207278591	13	35712	0.02686	0.9123480486244402	0.9048223350253807	0.9085696081554636	0.5458869039607013
GCF_000368265.1	fix	0	0.2373933218	10	23830	0.010464	0.9595654797827399	0.9486873508353222	0.9540954095409541	0.6292488830577332
GCF_000374525.1	fix	9	0.9314820389	14	16324	0.150524	0.8683559950556242	0.7897695334457561	0.8272004710038269	0.22560313243068697
GCF_000378405.1	fix	0	0.4282043107	3	21014	0.502097	0.8827004219409282	0.8095975232198143	0.8445700444085588	-0.08507353176567854
GCF_000381345.1	fix	6	1.0	1	32330	0.043761	0.9210884353741496	0.8473091364205256	0.8826597131681876	0.39296723109109305
GCF_000406145.1	fix	11	0.0367325383	34	30438	0.010866	0.8783948115119579	0.851808176100629	0.8648972261025744	0.2613010832355399
GCF_000420165.1	fix	3	0.0964587945	11	24566	0.00015	0.9711673699015471	0.9471879286694102	0.9590277777777777	0.5666692763568216
GCF_000423365.1	fix	1	0.4817197942	3	16327	0.00015	0.9758364312267658	0.9199766355140186	0.9470835838845459	0.6324976870333964
GCF_000425645.1	fix	16	0.1923956563	8	6948	0.055858	0.8929527207850134	0.8584905660377359	0.8753825972890249	0.3207535381913524
GCF_000428465.1	fix	2	0.3315690406	3	28921	0.186237	0.9453273998728544	0.7476118652589241	0.8349241998877035	0.2160579073635258
GCF_000439435.1	fix	2	0.6582983957	6	47246	0.15181	0.9495327102803738	0.8881118881118881	0.9177958446251129	0.5885263712427734
GCF_000463075.2	fix	3	0.1162174978	14	49018	0.00015	0.9733124018838305	0.9323308270676691	0.9523809523809524	0.7148777881930489
GCF_000612445.1	fix	2	0.3918692187	5	48856	0.00015	0.9735720375106565	0.9041963578780681	0.9376026272577996	0.5128297796498944
GCF_000710465.2	fix	5	0.0142905008	73	38805	0.009084	0.8952434881087202	0.8351822503961965	0.8641705383984696	0.4681134461210645
GCF_000720835.1	fix	26	0.0062929004	100	37923	0.003096	0.8605577689243028	0.8944099378881988	0.8771573604060914	0.5261783320284169
GCF_000730245.1	fix	1	0.3345875889	3	18717	0.00015	0.9528415961305925	0.9668711656441717	0.9598051157125457	0.5013135056395465
GCF_000737325.1	fix	0	1.0	1	31716	0.010053	0.947463768115942	0.7996941896024465	0.867330016583748	0.545323991802293
GCF_000737575.1	fix	6	0.125300141	30	52620	0.03058	0.9450915141430949	0.922077922077922	0.933442892358258	0.4678926378714975
GCF_000737705.1	fix	16	0.054033175	23	4956	0.00015	0.9510603588907015	0.8887195121951219	0.9188337273443655	0.5086371776756874
GCF_000747525.1	fix	2	0.2010332458	5	7593	0.010139	0.9256505576208178	0.9201773835920177	0.9229058561897702	0.5339885604132169
GCF_000819985.1	fix	8	0.0221851022	51	19442	0.01084	0.9247551202137133	0.9157848324514991	0.9202481169694284	0.394395073555426
GCF_000832605.1	fix	13	0.0167000051	61	50679	0.00015	0.9201183431952663	0.9419485108531045	0.930905462708905	0.6431855840403066
GCF_000934755.1	fix	0	0.9999928704	1	31362	0.021614	0.8765957446808511	0.812089356110381	0.8431105047748976	0.2687651539904927
GCF_000971295.1	fix	6	0.9999989139	1	16345	0.010309	0.9034157832744405	0.9044811320754716	0.9039481437831466	0.40923896436267604
GCF_001262605.1	fix	8	0.1920022697	8	44418	0.158237	0.84	0.7940026075619296	0.8163538873994638	0.19896657488510716
GCF_001282725.1	fix	1	0.2706245944	7	45834	0.151574	0.8230714791224345	0.860207100591716	0.8412296564195298	0.2826077519897686
GCF_001421995.1	fix	0	0.3919554115	5	16770	0.00015	0.9705671213208902	0.9298486932599724	0.9497716894977168	0.5360883986682012
GCF_001422985.1	fix	1	0.1129498729	9	15450	0.00015	0.95656836461126	0.9514666666666667	0.9540106951871657	0.6989715346138935
GCF_001428865.1	fix	5	0.082396491	17	16620	0.00015	0.927888153053716	0.8613387978142076	0.8933758413035776	0.34848586355970035
GCF_001434835.1	fix	0	0.9903653813	1	49056	0.010155	0.9551954242135366	0.8781770376862401	0.9150684931506848	0.560367880446822
GCF_001437125.1	fix	3	0.383862461	11	49081	0.00015	0.9825102880658436	0.9597989949748744	0.971021860701576	0.7710816377609472
GCF_001440415.1	fix	23	0.0055635407	100	15806	0.002185	0.8885893980233602	0.8942133815551537	0.8913925191527715	0.5109638826876739
GCF_001511835.1	fix	5	0.2050189091	18	10781	0.069376	0.9690585911784069	0.9052890528905289	0.9360890302066772	0.5707444015285513
GCF_001548055.1	fix	2	0.4723910663	3	10291	0.029387	0.930622009569378	0.8983833718244804	0.9142185663924796	0.4057141858620198
GCF_001560895.1	fix	20	0.0029634319	100	47843	0.002824	0.9586077140169332	0.9163669064748201	0.9370114942528736	0.44863081540962996
GCF_001579035.1	fix	17	0.0029634319	100	47843	0.002824	0.9322671683913453	0.9108455882352942	0.9214318921431893	0.26048441609185036
GCF_001591505.1	fix	30	0.0537270945	92	49834	0.00015	0.8864795918367347	0.625	0.7331223628691983	0.0909957876536952
GCF_001641335.1	fix	26	0.0055635407	100	15806	0.002185	0.9083557951482479	0.8907488986784141	0.8994661921708185	0.5498743111434914
GCF_001665875.1	fix	5	0.0110317323	97	40093	0.006547	0.9826812059012188	0.9720812182741116	0.9773524720893142	0.801299979525762
GCF_001672975.1	fix	3	0.0110317323	97	40093	0.006547	0.9858883899935856	0.951702786377709	0.9684940138626339	0.7323869302282147
GCF_001870735.1	fix	2	0.4000318532	4	3090	0.371595	0.9396735273243435	0.8745046235138706	0.9059185768046529	0.5244838367543254
GCF_001889045.1	fix	0	0.9070281897	2	7139	0.051399	0.9516587677725118	0.9069557362240289	0.9287696577243294	0.4912108324827634
GCF_002079305.1	fix	3	0.9943792963	1	13439	0.051312	0.9414129810453762	0.8603674540682414	0.8990674712013166	0.39342972308131957
GCF_002086285.1	fix	5	0.1884556879	8	40266	0.00015	0.9763353617308993	0.95	0.9629876625541847	0.7393347614092068
GCF_002090075.1	fix	0	0.5359862712	12	35841	0.052383	0.9295190713101161	0.8910969793322735	0.9099025974025975	0.4709139775526569
GCF_002099195.1	fix	8	0.0909582923	22	26622	0.010335	0.9680383539752297	0.9431685480731802	0.9554416403785488	0.7873385438543313
GCF_002101775.1	fix	2	0.0860198321	13	40257	0.00015	0.9568062827225131	0.9720744680851063	0.9643799472295514	0.7380959584839374
GCF_002111585.1	fix	11	0.1179197729	59	30429	0.010771	0.8102218700475435	0.9228339350180506	0.8628691983122363	0.21544632236151956
GCF_002205845.1	fix	8	0.6653425923	30	28185	0.023001	0.872057318321392	0.7970065481758652	0.8328445747800586	0.2493622005770388
GCF_002251385.1	fix	5	0.3443286076	5	3818	0.248919	0.8821138211382114	0.8966942148760331	0.889344262295082	0.34920707327355427
GCF_002584535.1	fix	8	0.0167000051	61	50679	0.00015	0.8658777120315582	0.9325544344131704	0.897980056251598	0.4939637649964251
GCF_002752675.1	fix	15	0.0648214013	27	27034	0.011309	0.8570734078755469	0.82	0.838126931304968	0.3328199351840338
GCF_002813915.1	fix	8	0.0542770346	27	7154	0.030065	0.9107142857142857	0.8740359897172236	0.8919982509838216	0.3009717035058417
GCF_002875945.1	fix	1	0.1026876154	52	20893	0.011271	0.9765037593984962	0.9415496148618033	0.958708189158016	0.6352553652314373
GCF_002917095.1	fix	2	0.5028033305	2	26515	0.010352	0.9257445940432476	0.9545645771981489	0.9399337199668599	0.7089924598790479
GCF_002933955.1	fix	0	0.7415110587	3	3725	0.133901	0.9143835616438356	0.8821585903083701	0.897982062780269	0.31740043127425066
GCF_002953195.1	fix	14	0.0314765224	40	30292	0.010932	0.8736141906873615	0.9123890389810884	0.892580706060034	0.3115891886125612
GCF_002995745.1	fix	0	0.6598007493	12	45545	0.085371	0.8257142857142857	0.7727272727272727	0.7983425414364641	0.16710525163644324
GCF_003024195.1	fix	12	0.0238098424	46	37444	0.00015	0.9149045899948427	0.8645224171539961	0.8890002505637684	0.5738984007728477
GCF_003057615.1	fix	0	0.9999999825	1	50034	0.00015	0.8180112570356473	0.930298719772404	0.8705490848585691	0.3693215954254388
GCF_003058195.1	fix	2	0.1063837388	11	5254	0.030237	0.981974921630094	0.9835164835164835	0.9827450980392157	0.8254637898736172
GCF_003112555.1	fix	6	0.0076315307	100	37619	0.000152	0.9602364320257926	0.9061866125760649	0.9324289068614663	0.6724826977383589
GCF_003112695.1	fix	0	0.9997591944	1	26057	0.010525	0.956687898089172	0.9220380601596071	0.939043451078462	0.5215857628268991
GCF_003116135.1	fix	0	0.6614036755	7	11164	0.042316	0.9524096385542169	0.8932203389830509	0.921865889212828	0.5354914980953348
GCF_003143775.1	fix	0	0.8613276042	5	4465	0.010006	0.9545032497678737	0.9261261261261261	0.9401005944215821	0.5844373896808063
GCF_003201105.1	fix	15	0.3950683697	7	24939	0.011017	0.9367321867321867	0.8567415730337079	0.8949530516431924	0.30375326123704693
GCF_003293675.1	fix	3	0.0869327147	13	33491	0.00015	0.9786324786324786	0.9528432732316228	0.9655657062543921	0.6326428100650769
GCF_003308995.1	fix	0	0.9958281731	1	8343	0.010256	0.978021978021978	0.931076923076923	0.9539722572509457	0.7896238466675756
GCF_003415655.1	fix	7	0.4440991808	31	20966	0.010729	0.8288091068301225	0.8929245283018868	0.8596730245231609	0.09031233427563211
GCF_003432035.1	fix	3	0.4961911463	3	45080	0.00015	0.963980463980464	0.9074712643678161	0.9348727057430432	0.6820683472408569
GCF_003432115.1	fix	13	0.4097125479	18	7412	0.00015	0.8600143575017947	0.8960359012715033	0.8776556776556775	0.40937517692063485
GCF_003478505.1	fix	0	0.9995401621	1	45068	0.00015	0.8768	0.8535825545171339	0.8650355169692185	0.36340406941344355
GCF_003606345.3	fix	12	0.5650830354	47	14859	0.00015	0.9904661016949152	0.9709241952232607	0.9805977975878343	0.675390533614318
GCF_003614235.1	fix	0	0.8444619882	3	45709	0.027372	0.8685291700903862	0.9395555555555556	0.9026473099914604	0.4112703418716695
GCF_003688615.2	fix	4	0.1241368887	9	50397	0.00015	0.9308541545613016	0.9357476635514018	0.9332944946111272	0.5151723701267995
GCF_003691585.1	fix	0	0.821618338	4	43869	0.194648	0.9352801894238358	0.7659987071751778	0.8422174840085288	0.2601211684782412
GCF_003697165.2	fix	1	0.0599840634	17	29997	0.010716	0.9764542936288089	0.9035565523870555	0.9385921118322516	0.5259729123596842
GCF_003853645.1	fix	12	0.0312118511	37	26602	0.010459	0.9308811641067097	0.8940217391304348	0.9120792079207921	0.6043581750053567
GCF_003863355.1	fix	3	0.9727715924	3	3387	0.009804	0.94765625	0.9196360879454132	0.9334359368988072	0.6318643162408694
GCF_003864975.1	fix	2	0.9999973975	1	28882	0.010597	0.9119718309859155	0.8918732782369146	0.9018105849582172	0.3651067642476519
GCF_003966955.1	fix	0	1.0	1	42316	0.023841	0.8744541484716157	0.8821585903083701	0.8782894736842106	0.40570551655397613
GCF_003987065.1	fix	6	0.6496228696	16	20080	0.030905	0.9551839464882943	0.9296875	0.9422632794457274	0.38840260585303193
GCF_004117935.1	fix	13	0.01817083	55	38243	0.003483	0.8887683125339121	0.9264705882352942	0.9072279147050678	0.5896697477741749
GCF_004119455.1	fix	14	0.1990911821	53	5095	0.00015	0.9409984871406959	0.9628482972136223	0.9517980107115532	0.6440571606116066
GCF_004216955.1	fix	6	0.0720432116	15	50890	0.00015	0.9378847229994404	0.95662100456621	0.9471602147499293	0.6614293364956264
GCF_004310345.1	fix	15	0.0949435215	12	12170	0.00015	0.8414071510957324	0.8399539435808866	0.8406799193316048	0.2020877785897314
GCF_004339665.1	fix	9	0.2215957118	7	22721	0.01047	0.8388468809073724	0.7747708424268879	0.805536646244611	0.05078003862721465
GCF_004343775.1	fix	12	0.0174636658	80	26603	0.010484	0.9349232012934519	0.903515625	0.9189511323003576	0.5709475624462909
GCF_004360145.1	fix	25	0.2377463851	5	12880	0.00015	0.8550640279394645	0.8903030303030303	0.8723277909738717	0.28219246542879517
GCF_004363305.1	fix	0	0.4662889597	5	22888	0.010601	0.9679558011049724	0.9172774869109948	0.9419354838709677	0.5415687502641022
GCF_004364325.1	fix	8	0.9177195899	6	40853	0.082395	0.9290617848970252	0.757816145590294	0.8347468517090723	0.41538622371450706
GCF_004379335.1	fix	0	0.9997116708	1	47241	0.020801	0.9269162210338681	0.9369369369369369	0.9318996415770608	0.745129301748398
GCF_005222225.1	fix	9	0.2515111277	23	20202	0.089231	0.9607616849394114	0.848191543555782	0.900974025974026	0.3064916845580936
GCF_005696555.1	fix	5	0.0876023034	18	36177	0.00015	0.9457364341085271	0.9589519650655022	0.9522983521248916	0.664010784956687
GCF_005876855.1	fix	0	0.7833185982	99	21442	0.010987	0.9616490891658677	0.8521665250637214	0.9036036036036037	0.44298631083965645
GCF_006546935.1	fix	4	0.8056865002	9	47032	0.23171	0.9479166666666666	0.914572864321608	0.9309462915601021	0.6439259515438882
GCF_006715765.1	fix	0	0.9998540021	1	36001	0.026695	0.8972542072630647	0.9209090909090909	0.9089277703005832	0.4274326525966274
GCF_007421815.1	fix	0	0.9999649335	1	36909	0.00015	0.9489644970414202	0.8934540389972145	0.9203730272596844	0.5279040107507296
GCF_007752935.1	fix	0	1.0	1	932	0.00015	0.9274861878453039	0.8829717291255753	0.9046817110138095	0.5583929662785593
GCF_007858255.1	fix	13	0.0294372806	92	22105	0.012039	0.9418029669075694	0.9523076923076923	0.9470262000382482	0.6699088261282424
GCF_007990545.2	fix	2	0.999977383	1	32421	0.010575	0.9563492063492064	0.9251439539347409	0.9404878048780487	0.4571352920543406
GCF_008065095.1	fix	3	0.1396695421	9	694	0.136158	0.9470817120622568	0.8540350877192983	0.8981549815498153	0.46835072715968445
GCF_008086205.1	fix	0	0.9899834157	2	6829	0.030026	0.956482320942883	0.9213973799126638	0.9386120996441281	0.6004551025360563
GCF_008123965.1	fix	12	0.0371860551	28	15942	0.011281	0.9503904455672945	0.9191470457574411	0.9345076784101174	0.6749278150826735
GCF_008386495.1	fix	4	0.0289170369	35	37848	0.003472	0.9083123425692695	0.8877400295420975	0.8979083665338645	0.579070891960812
GCF_008693185.1	fix	11	0.1421480961	52	23610	0.024496	0.848014888337469	0.8417487684729064	0.8448702101359703	0.16333994955167114
GCF_008801605.1	fix	7	0.0093952145	100	22008	0.016096	0.9778393351800554	0.9254681647940075	0.950933230710025	0.7079014122222187
GCF_009183365.2	fix	0	0.4212544816	6	19662	0.049643	0.9861963190184049	0.8836463582226294	0.9321092051220101	0.5067145522008912
GCF_009193265.1	fix	5	0.0173518363	80	23338	0.032565	0.9301450832885545	0.860337972166998	0.8938807126258713	0.37070740363738497
GCF_009363155.1	fix	7	0.1656710879	26	22724	0.046232	0.8574181117533719	0.7745865970409052	0.8139003200731596	0.047286676692513394
GCF_009495355.1	fix	5	0.9891851344	2	3807	0.076455	0.8846863468634686	0.9513888888888888	0.9168260038240917	0.3635315458575422
GCF_009569385.1	fix	11	0.0142905008	73	38805	0.009084	0.861268403171008	0.8521008403361344	0.8566600957476767	0.42661762918127677
GCF_009602705.1	fix	6	0.4949863627	3	5157	0.00015	0.9274809160305344	0.9440559440559441	0.9356950327300733	0.6177815958715327
GCF_009664835.1	fix	3	0.9829572149	4	40821	0.054651	0.8532518065591995	0.9197124026363092	0.8852364475201845	0.4767789264939469
GCF_009711045.1	fix	0	0.9865890484	2	5997	0.030223	0.9579230080572964	0.9377738825591586	0.9477413640389726	0.6226202215288261
GCF_009725235.1	fix	82	0.2047549042	10	5019	0.008298	0.6682887266828873	0.4287200832466181	0.5223454833597464	-0.22113335868628956
GCF_009765165.1	fix	3	0.1782932073	9	25333	0.033973	0.9627329192546584	0.9561998766193708	0.9594552770040236	0.6012210713495657
GCF_009805705.1	fix	0	0.3417758225	3	36469	0.00015	0.9765957446808511	0.9216867469879518	0.9483471074380165	0.7070385665991032
GCF_009832925.1	fix	2	0.0216496179	61	38416	0.00015	0.968421052631579	0.9458874458874459	0.957021626060772	0.7775081203085568
GCF_009907385.1	fix	8	0.1297701349	47	30060	0.010924	0.8975009054690329	0.8784119106699751	0.8878538158366177	0.3303554307325476
GCF_010365305.1	fix	10	0.1428198914	33	46519	0.00015	0.9557329462989841	0.8774150566289141	0.9149010072941994	0.38142785280583436
GCF_010435915.1	fix	4	0.2393397965	10	3068	0.078277	0.9112352576039727	0.9501618122977347	0.9302915082382764	0.6247124117553996
GCF_011742165.1	fix	14	0.0542521315	63	23199	0.011287	0.8853383458646616	0.8698060941828255	0.8775034932463903	0.27105405783723097
GCF_011762005.1	fix	5	0.0502468198	28	17176	0.00015	0.9264931087289433	0.9387121799844841	0.9325626204238922	0.3927626541856896
GCF_011765625.1	fix	4	0.2016476404	9	19587	0.13716	0.9523068947641264	0.9148406374501992	0.9331978663957328	0.4546550150758886
GCF_012034245.1	fix	8	0.0316476003	56	41609	0.00015	0.8908765652951699	0.8871733966745843	0.889021124665278	0.4951093212588005
GCF_012641465.1	fix	10	0.2026750471	5	20717	0.033716	0.8262494161606726	0.891633064516129	0.8576969696969697	0.1638705645957042
GCF_012955605.1	fix	10	0.6478956899	31	49628	0.021595	0.8342507645259939	0.866031746031746	0.8498442367601247	0.2278625734096738
GCF_012979535.1	fix	7	0.2793616624	7	17460	0.120473	0.8414918414918415	0.8547750591949487	0.8480814408770557	0.09104004745683325
GCF_013004695.1	fix	4	0.6042928847	13	35917	0.014485	0.8962432915921288	0.9429109159347553	0.918985019871599	0.5592287137051914
GCF_013141825.1	fix	2	0.9999998777	1	3395	0.00015	0.9536082474226805	0.9119718309859155	0.9323254139668826	0.6104030259089542
GCF_013155295.1	fix	3	0.9758555553	2	12247	0.020818	0.8708791208791209	0.8507783145464305	0.860711376595167	0.28015434995629146
GCF_013248905.1	fix	4	0.7158510708	9	19551	0.033928	0.8252202132591563	0.8632395732298739	0.8438018487793315	0.17992989013828195
GCF_013304385.1	fix	3	0.0849707599	23	44802	0.110751	0.8884924174843889	0.8251864125932062	0.8556701030927835	0.37654797179751975
GCF_013365435.1	fix	1	0.6774689137	3	18787	0.061825	0.8894154818325435	0.9929453262786596	0.9383333333333334	0.2440007255458907
GCF_013409205.1	fix	8	0.7810552636	37	33342	0.031639	0.8305814788226848	0.8270192994996426	0.8287965616045845	0.2619024751408501
GCF_013410345.1	fix	1	0.204978084	5	40787	0.00015	0.8911353032659409	0.9403719912472648	0.9150918285866384	0.6045276468154022
GCF_014049385.1	fix	0	0.9128423143	3	47557	0.00015	0.9193408499566349	0.9430604982206405	0.9310496267018007	0.564690177892576
GCF_014193695.1	fix	3	0.0584377144	18	14092	0.006358	0.9564411492122336	0.9511520737327189	0.9537892791127541	0.7464166700882826
GCF_014196495.1	fix	1	0.4334254261	9	17687	0.091991	0.9452773613193404	0.778875849289685	0.85404673213681	0.16198635045427315
GCF_014196715.1	fix	8	0.0183687808	60	7850	0.010362	0.937546468401487	0.915758896151053	0.9265246142542249	0.5415752874697803
GCF_014203015.1	fix	0	0.9999974821	1	28252	0.010728	0.9370125974805039	0.8039114770972723	0.8653739612188366	0.29654694443575963
GCF_014207655.1	fix	0	0.9999971356	1	50812	0.102572	0.924203821656051	0.8601066982809722	0.8910039914031317	0.396601474937987
GCF_014243445.1	fix	9	0.9693935451	6	12307	0.020705	0.915303738317757	0.8282241014799154	0.869589345172031	0.3299908560856307
GCF_014251595.1	fix	9	0.3432131279	27	4694	0.080498	0.9941747572815534	1.0	0.9970788704965919	0.7076825188132393
GCF_014490485.1	fix	6	0.3287172842	8	11175	0.053528	0.9286998202516477	0.8737316798196166	0.9003775776938716	0.4591424947946523
GCF_014641695.1	fix	12	0.664971862	7	14523	0.010669	0.8293918918918919	0.8022875816993464	0.8156146179401994	0.2505863589009392
GCF_014646355.1	fix	10	0.0233642124	58	41887	0.011718	0.844876660341556	0.8990408884401817	0.8711176326730252	0.5023351824230847
GCF_014650055.1	fix	15	0.0143335952	76	37602	0.00015	0.8832228454869965	0.9212765957446809	0.9018484769591253	0.5935289784779122
GCF_014651595.1	fix	0	0.2118334532	5	16278	0.013939	0.9257281553398058	0.9573293172690763	0.9412635735439289	0.6335647275485817
GCF_014651895.1	fix	3	0.7880156623	15	24904	0.010903	0.9077608142493638	0.9551539491298527	0.9308545335942595	0.45697243617049127
GCF_014692495.1	fix	1	0.2020679949	9	7616	0.069126	0.9636824324324325	0.9201612903225806	0.9414191419141914	0.6066481772468945
GCF_014879975.1	fix	1	0.1026876154	52	20893	0.011271	0.9694548872180451	0.9450297755382501	0.957086522848527	0.6408593399527291
GCF_015477775.1	fix	13	0.0760048853	19	39559	0.00015	0.9257950530035336	0.8366152208621607	0.8789488398098966	0.5046706892107099
GCF_015690345.1	fix	0	0.9999945275	1	41631	0.00015	0.9212598425196851	0.900990099009901	0.9110122358175751	0.6325444704762521
GCF_015841355.1	fix	3	0.1569929103	13	52836	0.00015	0.9641221374045802	0.9446522064323112	0.9542878730638459	0.5268025766848741
GCF_016464305.1	fix	1	0.9888218358	2	41190	0.010382	0.8460325801366264	0.9096045197740112	0.8766675741900354	0.47859502755062405
GCF_016612545.1	fix	23	0.0062929004	100	37923	0.003096	0.9233067729083665	0.8862332695984704	0.904390243902439	0.6492238021494495
GCF_016901575.1	fix	0	0.9999266872	1	42441	0.022453	0.9449648711943794	0.8800436205016358	0.9113495200451722	0.3729270372937842
GCF_016905005.1	fix	5	0.9999993004	1	24958	0.011036	0.9457227138643067	0.9260543038705951	0.9357851722124927	0.5145739599330668
GCF_016908715.1	fix	0	0.9996371256	1	48929	0.00015	0.983177570093458	0.9351111111111111	0.9585421412300683	0.6231087298920985
GCF_017355935.1	fix	0	1.0	1	3178	0.01033	0.9551049963794352	0.8991138377641446	0.9262640449438202	0.5823205591609829
GCF_017571475.1	fix	0	0.9999934306	1	19038	0.00015	0.9737039819684448	0.9425454545454546	0.9578713968957872	0.6150750747545036
GCF_017573545.1	fix	3	0.0542590531	29	42005	0.00015	0.9529411764705882	0.9400386847195358	0.9464459591041869	0.7529976414036587
GCF_017884005.1	fix	0	0.0269310308	38	48208	0.027703	0.9569120287253142	0.846703733121525	0.8984407922461021	0.39962708734302144
GCF_018394335.1	fix	2	0.6877597413	5	19659	0.077982	0.9569620253164557	0.9314933464760966	0.9440559440559441	0.4506254665320736
GCF_018760365.1	fix	4	0.9760038275	2	12903	0.010365	0.9302059496567505	0.8262195121951219	0.8751345532831	0.4161161066686457
GCF_018860625.1	fix	7	0.4786302044	4	12062	0.00015	0.8834733893557423	0.8899548532731377	0.8867022771998875	0.3744228633040905
GCF_018860915.1	fix	2	0.929829091	18	19767	0.045796	0.9262926292629263	0.913232104121475	0.9197160021845986	0.4825290227077661
GCF_018882325.1	fix	3	0.0247624137	47	26695	0.010808	0.9837133550488599	0.9193302891933028	0.9504327301337528	0.409149154999954
GCF_019048065.1	fix	1	0.0565801461	24	29975	0.010934	0.9601148691767709	0.9810890120639061	0.9704886308659892	0.6818097219566015
GCF_019443405.1	fix	3	0.0979393268	11	11746	0.00015	0.8892782060266293	0.8855547801814375	0.8874125874125876	0.28708253162297825
GCF_019668465.1	fix	2	0.0110317323	97	40093	0.006547	0.9916613213598461	0.9698870765370138	0.9806533460196638	0.83236832165489
GCF_019704135.1	fix	6	0.9334142369	5	30806	0.11551	0.900137741046832	0.7355092853123242	0.8095385568287395	0.2027992777457873
GCF_019956575.1	fix	5	0.0143630496	70	22412	0.019163	0.9734653465346534	0.9144345238095238	0.9430270477652024	0.6421034327474867
GCF_019977335.1	fix	15	0.0055251217	100	35259	0.003153	0.9026434558349452	0.9020618556701031	0.9023525620367387	0.5502009244936612
GCF_020097155.1	fix	4	0.1158061335	10	35604	0.00015	0.9512820512820512	0.9408284023668639	0.9460263493412665	0.6073237398739596
GCF_020524905.1	fix	0	0.0572794401	33	21203	0.01082	0.9692982456140351	0.9572279371954521	0.9632252792154726	0.6650621057553571
GCF_020809045.1	fix	15	0.0055251217	100	35259	0.003153	0.9200515796260477	0.921239509360878	0.9206451612903226	0.6439865636393384
GCF_020905345.1	fix	13	0.024495309	100	5867	0.009822	0.9432013769363167	0.8118518518518518	0.8726114649681527	0.3085711842073474
GCF_020911885.1	fix	9	0.024495309	100	5867	0.009822	0.9182444061962134	0.8876871880199667	0.9027072758037226	0.368188598090907
GCF_020991125.1	fix	6	0.4990694232	2	21194	0.010731	0.9106840022611645	0.8447823807026743	0.8764961915125136	0.3028585657271272
GCF_021165935.1	fix	14	0.1369409661	33	21205	0.010776	0.8440065681444991	0.839412084921067	0.8417030567685589	0.17636089368898847
GCF_021284745.1	fix	0	0.7134148333	7	25233	0.052482	0.9609144542772862	0.93943763518385	0.9500546846518412	0.4700794743501455
GCF_022179405.1	fix	4	0.1115060002	9	15445	0.004216	0.9428113308391235	0.9602612955906369	0.9514563106796116	0.6427695447517962
GCF_022846615.1	fix	0	0.9614714434	2	11222	0.010768	0.968129885748647	0.8969359331476323	0.9311740890688259	0.5621750141695574
GCF_022919115.1	fix	4	0.2897637539	7	49487	0.00015	0.9362980769230769	0.8718522663682149	0.9029266879165458	0.4873614192904442
GCF_023516435.1	fix	2	0.8830885577	3	38958	0.07802	0.8821917808219178	0.8304319793681496	0.8555297243440717	0.343024780242308
GCF_023534745.1	fix	14	0.0196850802	61	38197	0.00015	0.8927038626609443	0.8841657810839533	0.8884143085958357	0.5170812551108008
GCF_023555055.1	fix	4	0.0982724006	13	23460	0.010583	0.9452709883103082	0.879387048937222	0.9111395646606913	0.4413299965292634
GCF_023630175.1	fix	24	0.0062929004	100	37923	0.003096	0.8102589641434262	0.9186900056465274	0.8610743582958454	0.44813043249673495
GCF_023656565.1	fix	2	0.2497123325	4	5704	0.00015	0.9737609329446064	0.963924963924964	0.9688179840464105	0.8121807079028587
GCF_024211275.1	fix	15	0.3235200534	56	16706	0.051273	0.9121212121212121	0.7708066581306018	0.8355308813324079	0.026146056790962463
GCF_024273195.1	fix	2	0.0697836243	23	16376	0.00015	0.9297935103244838	0.9173457508731082	0.9235276882508058	0.5306967792314292
GCF_024810105.1	fix	1	0.0736954022	16	25396	0.011193	0.9625949736995909	0.9654161781946072	0.9640035118525021	0.6964312502577393
GCF_900089755.1	fix	2	0.4995864198	5	22887	0.045883	0.9038674033149171	0.9068736141906873	0.9053680132816823	0.38535777813093997
GCF_900089955.1	fix	2	0.1430993585	7	26035	0.00015	0.9034749034749034	0.8703506907545164	0.8866035182679296	0.3798700352230857
GCF_900096755.1	fix	17	0.0244679273	59	26695	0.021668	0.9193811074918566	0.955160744500846	0.9369294605809129	0.29053396182833013
GCF_900101165.1	fix	8	0.1023834976	17	47484	0.00015	0.8765331152902698	0.897071129707113	0.8866832092638544	0.36772232465131516
GCF_900104475.1	fix	2	0.4055939791	3	40772	0.00015	0.9203980099502488	0.9378960709759189	0.9290646578782172	0.6143309763859482
GCF_900104815.1	fix	17	0.0076315307	100	37619	0.000152	0.8936055883933369	0.8738833420914346	0.8836344314558979	0.5227299129567492
GCF_900107105.1	fix	0	0.2287810645	9	39057	0.00015	0.9576624925462135	0.9093997734994338	0.9329073482428115	0.628320649594386
GCF_900111515.1	fix	8	0.1288573559	18	2847	0.00015	0.8661870503597122	0.9435736677115988	0.9032258064516129	0.4858594147835414
GCF_900112185.1	fix	8	0.0237478684	45	15277	0.00015	0.8992665036674816	0.8625703564727955	0.8805362700502753	0.4414388796984017
GCF_900114055.1	fix	3	0.5825447238	6	46366	0.145109	0.9053380782918149	0.7798896382587369	0.8379446640316205	0.1563395183251584
GCF_900116435.1	fix	11	0.0169877407	75	19933	0.01073	0.863568215892054	0.8714069591527988	0.8674698795180723	0.2459571885416482
GCF_900117415.1	fix	1	0.4002176076	3	13705	0.00015	0.9477866061293984	0.8666320705760249	0.9053944158308485	0.5196622000654209
GCF_900119075.1	fix	0	0.989237176	2	44263	0.010368	0.973963355834137	0.9637404580152672	0.9688249400479616	0.7479964502029267
GCF_900168125.1	fix	0	0.9106285842	3	7600	0.041664	0.9732793522267207	0.9210727969348659	0.9464566929133857	0.6812918419933686
GCF_900176285.1	fix	0	0.7993923	3	31071	0.065989	0.9355271994627267	0.8850063532401525	0.9095657851779302	0.5636949846392437
GCF_900199375.1	fix	4	0.7932215609	4	42490	0.136884	0.949290060851927	0.8524590163934426	0.8982725527831092	0.36555394689677584
GCF_900199435.1	fix	4	0.9950952225	1	44381	0.139821	0.8230912476722533	0.7574978577549272	0.7889335118250781	0.1269482327565421
GCF_900230195.1	fix	2	0.411239378	3	37290	0.032092	0.942189421894219	0.9240048250904704	0.9330085261875762	0.6829304416654824
GCF_900290195.1	fix	0	0.8751902309	4	46038	0.009723	0.9249217935349322	0.8834661354581673	0.9037187977585328	0.4629912630529583
GCF_900290275.1	fix	0	0.9921648242	1	3783	0.045027	0.9610115911485775	0.8587570621468926	0.9070114370959722	0.41212064435780765
GCF_900475935.1	fix	0	0.242685847	7	10111	0.00015	0.9789473684210527	0.9224526600541028	0.9498607242339834	0.43082801729675224
GCF_900637555.1	fix	0	1.0	1	26125	0.042463	0.7962085308056872	0.703770197486535	0.7471410419313851	-0.06033588842802021
GCF_902702775.1	fix	1	0.0291746661	34	48259	0.002963	0.9526315789473684	0.948471615720524	0.9505470459518599	0.5679449805035522
GCF_902833225.1	fix	9	0.0174636658	80	26603	0.010484	0.9603880355699272	0.9187935034802784	0.9391304347826086	0.7153040096963319
GCF_903819435.1	fix	10	0.0423434338	45	5671	0.00015	0.9387291981845688	0.8966763005780347	0.9172209903917221	0.48098110537664623
GCF_907164555.1	fix	9	0.015533326	89	26421	0.028299	0.8961982058949167	0.9221978021978022	0.9090121317157713	0.5760978357845982
