sample	rho_stock	rho_fix	prec_stock	prec_fix	rec_stock	rec_fix
B1	0.7648406736837641	0.7664601695882522	0.7732032365540219	0.7733333333333333	0.90124826629681	0.9009708737864077
C2	0.8080608406647163	0.8063002375270353	0.7546343107516009	0.7532773109243698	0.8966760112134562	0.8974769723668402
iGEM-18	0.7988904735959573	0.8006357249974	0.8401135288552507	0.84576	0.7995198079231692	0.7932172869147659
C1	0.7834674621710659	0.7870494005647333	0.7958512522135087	0.8014837554361729	0.9148008141901716	0.9110206455364932
B2	0.783119733588407	0.7757069166425327	0.7956186807896004	0.792797118847539	0.8976099945681695	0.8967952199891364
iGEM-4	0.7914349545366596	0.7944629581921945	0.8292017848289539	0.8307155322862129	0.9129366812227074	0.9093886462882096
iGEM-16	0.7535152163837557	0.7523889909705671	0.633785140562249	0.6353118712273642	0.9021078956770275	0.902465166130761
A1	0.7981838319783215	0.8005369577729847	0.8837555886736215	0.8883299798792756	0.8962216624685139	0.8896725440806046
A2	0.7890743819739529	0.7863429808754744	0.6784994964753273	0.6840091813312931	0.9312370421561852	0.926744989633725
D2	0.7455240434680276	0.7477751328744116	0.8411148165793235	0.8435634105564843	0.851869722557298	0.8521109770808203
iGEM-9	0.7812542444397191	0.7837566202108279	0.7255759696704579	0.7281524926686217	0.8620928620928621	0.8603603603603603
