SIMHIGH_R1_gt	truesub_magus	/opt/work/treecrit/reps/SIMHIGH_R1_gt_ts/vote/magus/out.fasta
SIMHIGH_R1_gt	truesub_es4	/opt/work/treecrit/reps/SIMHIGH_R1_gt_ts/vote/es4/out.fasta
SIMHIGH_R2_gt	truesub_magus	/opt/work/treecrit/reps/SIMHIGH_R2_gt_ts/vote/magus/out.fasta
SIMHIGH_R2_gt	truesub_es4	/opt/work/treecrit/reps/SIMHIGH_R2_gt_ts/vote/es4/out.fasta
SIMHIGH_R3_gt	truesub_magus	/opt/work/treecrit/reps/SIMHIGH_R3_gt_ts/vote/magus/out.fasta
SIMHIGH_R3_gt	truesub_es4	/opt/work/treecrit/reps/SIMHIGH_R3_gt_ts/vote/es4/out.fasta
SIMHIGH_R4_gt	truesub_magus	/opt/work/treecrit/reps/SIMHIGH_R4_gt_ts/vote/magus/out.fasta
SIMHIGH_R4_gt	truesub_es4	/opt/work/treecrit/reps/SIMHIGH_R4_gt_ts/vote/es4/out.fasta
SIMHIGH_R5_gt	truesub_magus	/opt/work/treecrit/reps/SIMHIGH_R5_gt_ts/vote/magus/out.fasta
SIMHIGH_R5_gt	truesub_es4	/opt/work/treecrit/reps/SIMHIGH_R5_gt_ts/vote/es4/out.fasta
SIMHIGH_R6_gt	truesub_magus	/opt/work/treecrit/reps/SIMHIGH_R6_gt_ts/vote/magus/out.fasta
SIMHIGH_R6_gt	truesub_es4	/opt/work/treecrit/reps/SIMHIGH_R6_gt_ts/vote/es4/out.fasta
SIMHIGH_R7_gt	truesub_magus	/opt/work/treecrit/reps/SIMHIGH_R7_gt_ts/vote/magus/out.fasta
SIMHIGH_R7_gt	truesub_es4	/opt/work/treecrit/reps/SIMHIGH_R7_gt_ts/vote/es4/out.fasta
SIMHIGH_R8_gt	truesub_magus	/opt/work/treecrit/reps/SIMHIGH_R8_gt_ts/vote/magus/out.fasta
SIMHIGH_R8_gt	truesub_es4	/opt/work/treecrit/reps/SIMHIGH_R8_gt_ts/vote/es4/out.fasta
SIMHIGH_R9_gv	truesub_magus	/opt/work/treecrit/reps/SIMHIGH_R9_gv_ts/vote/magus/out.fasta
SIMHIGH_R9_gv	truesub_es4	/opt/work/treecrit/reps/SIMHIGH_R9_gv_ts/vote/es4/out.fasta
SIMHIGH_R10_gv	truesub_magus	/opt/work/treecrit/reps/SIMHIGH_R10_gv_ts/vote/magus/out.fasta
SIMHIGH_R10_gv	truesub_es4	/opt/work/treecrit/reps/SIMHIGH_R10_gv_ts/vote/es4/out.fasta
