cond	guide	rep	k	fn_guide	fn_gtm	fn_blendft	fn_polishft	induced_blendft	wall_blendft	wall_polishft	mem_blendft
1000M1-HF	FT	R0	3	0.5392	0.4247	0.4096	0.3273	3	88.6	123.2	139.0
1000M1-HF	FT	R1	3	0.4702	0.3855	0.3774	0.3269	3	83.2	110.4	130.1
1000M1-HF	FT	R2	3	0.5035	0.4300	0.4280	0.3938	3	94.7	147.6	143.8
1000M1-HF	FT	R3	3	0.4995	0.3897	0.3837	0.3595	3	81.5	130.3	130.3
1000M1-HF	FT	R4	3	0.5590	0.4924	0.4924	0.4581	3	99.6	139.9	149.9
1000M1-HF	IQ	R0	3	0.2741	0.2620	0.2600	0.2530	3	87.8	119.1	138.6
1000M1-HF	IQ	R1	3	0.2583	0.2533	0.2533	0.2563	3	84.0	109.8	129.6
1000M1-HF	IQ	R2	3	0.3172	0.2830	0.2850	0.3202	3	94.5	136.3	144.4
1000M1-HF	IQ	R3	3	0.2920	0.2820	0.2820	0.2759	3	90.7	110.2	129.4
1000M1-HF	IQ	R4	3	0.3673	0.3380	0.3380	0.3370	3	97.3	143.6	148.6
Cox1-HET	FT	R01	7	0.2879	0.2357	0.2361	0.2814	7	59.3	67.8	171.7
Cox1-HET	FT	R02	8	0.2361	0.1762	0.1741	0.2211	8	64.9	86.0	171.4
Cox1-HET	FT	R03	8	0.2361	0.1822	0.1766	0.2074	8	66.8	66.2	171.9
Cox1-HET	FT	R04	8	0.2246	0.1719	0.1719	0.2074	8	59.5	64.6	171.2
Cox1-HET	FT	R05	8	0.2314	0.1865	0.1843	0.2147	8	57.1	64.3	172.0
Cox1-HET	FT	R06	8	0.2532	0.1886	0.1865	0.2263	8	63.3	86.2	171.7
Cox1-HET	FT	R07	8	0.2284	0.1831	0.1826	0.2173	8	65.8	68.6	171.6
Cox1-HET	FT	R08	8	0.2305	0.1801	0.1766	0.2305	8	56.7	65.9	171.5
Cox1-HET	FT	R09	8	0.2216	0.1719	0.1732	0.2126	8	57.5	63.4	171.5
Cox1-HET	FT	R10	8	0.2451	0.2092	0.2010	0.2421	8	60.1	85.0	171.7
Cox1-HET	IQ	R01	8	0.2455	0.2275	0.2280	0.2729	8	56.9	85.6	171.6
Cox1-HET	IQ	R02	8	0.1967	0.1775	0.1771	0.2134	8	69.1	70.5	171.7
Cox1-HET	IQ	R03	8	0.1728	0.1822	0.1835	0.2096	8	56.8	65.6	172.1
Cox1-HET	IQ	R04	8	0.1818	0.1711	0.1707	0.2151	8	56.7	68.0	171.5
Cox1-HET	IQ	R05	8	0.1826	0.1878	0.1878	0.2177	8	57.6	82.4	171.9
Cox1-HET	IQ	R06	8	0.1967	0.1852	0.1848	0.2293	8	68.2	76.7	171.4
Cox1-HET	IQ	R07	8	0.1852	0.1809	0.1818	0.2151	8	57.5	66.2	171.6
Cox1-HET	IQ	R08	8	0.1899	0.1698	0.1694	0.2233	8	56.4	65.2	171.7
Cox1-HET	IQ	R09	8	0.1882	0.1749	0.1754	0.2100	8	56.2	79.6	171.6
Cox1-HET	IQ	R10	8	0.2186	0.2139	0.2079	0.2263	8	65.3	63.6	171.7
