cond,gt,rep,variant,base,t,z,zmode,r_true,kmax,time_s,n_nontree_quartets,base_fn,base_fp,fn_k1,fp_k1,fn_ktrue,fp_ktrue,score_k1
n15,iqtree_500,00,default,astral_pub,0.5,0,,1,1,1.106,170,0.3157894736842105,0.07142857142857142,0.21052631578947367,0.0625,0.21052631578947367,0.0625,1270036
n15,iqtree_500,00,t0,astral_pub,0.0,0,,1,3,1.198,1798,0.3157894736842105,0.07142857142857142,0.3157894736842105,0.3157894736842105,0.3157894736842105,0.3157894736842105,
n15,iqtree_500,00,t0.2,astral_pub,0.2,0,,1,1,1.155,485,0.3157894736842105,0.07142857142857142,0.2631578947368421,0.3,0.2631578947368421,0.3,
n15,iqtree_500,00,t0.3,astral_pub,0.3,0,,1,1,1.123,417,0.3157894736842105,0.07142857142857142,0.2631578947368421,0.3,0.2631578947368421,0.3,
n15,iqtree_500,00,t0.7,astral_pub,0.7,0,,1,1,1.018,45,0.3157894736842105,0.07142857142857142,0.21052631578947367,0.0625,0.21052631578947367,0.0625,
n15,iqtree_500,00,t0.8,astral_pub,0.8,0,,1,1,1.135,28,0.3157894736842105,0.07142857142857142,0.2631578947368421,0.06666666666666667,0.2631578947368421,0.06666666666666667,
n15,iqtree_500,00,z2and,astral_pub,0.5,2.0,and,1,1,1.103,170,0.3157894736842105,0.07142857142857142,0.21052631578947367,0.0625,0.21052631578947367,0.0625,
n15,iqtree_500,00,z3and,astral_pub,0.5,3.0,and,1,1,1.042,168,0.3157894736842105,0.07142857142857142,0.21052631578947367,0.0625,0.21052631578947367,0.0625,
n15,iqtree_500,00,z3only,astral_pub,0.0,3.0,only,1,1,1.082,457,0.3157894736842105,0.07142857142857142,0.2631578947368421,0.17647058823529413,0.2631578947368421,0.17647058823529413,
n15,iqtree_500,00,z5only,astral_pub,0.0,5.0,only,1,1,1.142,432,0.3157894736842105,0.07142857142857142,0.2631578947368421,0.17647058823529413,0.2631578947368421,0.17647058823529413,
n15,iqtree_500,00,z3or,astral_pub,0.5,3.0,or,1,1,1.107,459,0.3157894736842105,0.07142857142857142,0.2631578947368421,0.17647058823529413,0.2631578947368421,0.17647058823529413,
n15,iqtree_500,00,tqmc,tqmc,0.5,0,,1,1,1.116,170,0.3157894736842105,0.07142857142857142,0.21052631578947367,0.0625,0.21052631578947367,0.0625,1270036
n15,iqtree_500,00,wastral,wastral,0.5,0,,1,1,1.062,338,0.3684210526315789,0.14285714285714285,0.21052631578947367,0.11764705882352941,0.21052631578947367,0.11764705882352941,1269039
n15,iqtree_500,00,true_major,true_major,0.5,0,,1,1,1.049,325,0.2631578947368421,0.0,0.05263157894736842,0.0,0.05263157894736842,0.0,1282470
n15,iqtree_500,00,swap,swap,0.5,0,,1,1,1.139,293,0.2631578947368421,0.0,0.21052631578947367,0.0625,0.21052631578947367,0.0625,1270036
n15,iqtree_500,01,default,astral_pub,0.5,0,,1,1,1.084,111,0.2222222222222222,0.0,0.05555555555555555,0.0,0.05555555555555555,0.0,1384091
n15,iqtree_500,01,t0,astral_pub,0.0,0,,1,4,1.112,1765,0.2222222222222222,0.0,0.0,0.05263157894736842,0.0,0.05263157894736842,
n15,iqtree_500,01,t0.2,astral_pub,0.2,0,,1,1,1.141,355,0.2222222222222222,0.0,0.0,0.0,0.0,0.0,
n15,iqtree_500,01,t0.3,astral_pub,0.3,0,,1,1,1.077,251,0.2222222222222222,0.0,0.0,0.0,0.0,0.0,
n15,iqtree_500,01,t0.7,astral_pub,0.7,0,,1,1,1.145,54,0.2222222222222222,0.0,0.05555555555555555,0.0,0.05555555555555555,0.0,
n15,iqtree_500,01,t0.8,astral_pub,0.8,0,,1,1,1.14,32,0.2222222222222222,0.0,0.2222222222222222,0.06666666666666667,0.2222222222222222,0.06666666666666667,
n15,iqtree_500,01,z2and,astral_pub,0.5,2.0,and,1,1,1.041,98,0.2222222222222222,0.0,0.05555555555555555,0.0,0.05555555555555555,0.0,
n15,iqtree_500,01,z3and,astral_pub,0.5,3.0,and,1,1,1.128,92,0.2222222222222222,0.0,0.05555555555555555,0.0,0.05555555555555555,0.0,
n15,iqtree_500,01,z3only,astral_pub,0.0,3.0,only,1,1,1.12,264,0.2222222222222222,0.0,0.0,0.0,0.0,0.0,
n15,iqtree_500,01,z5only,astral_pub,0.0,5.0,only,1,1,1.13,201,0.2222222222222222,0.0,0.0,0.0,0.0,0.0,
n15,iqtree_500,01,z3or,astral_pub,0.5,3.0,or,1,1,1.092,283,0.2222222222222222,0.0,0.0,0.0,0.0,0.0,
n15,iqtree_500,01,tqmc,tqmc,0.5,0,,1,1,1.18,111,0.2222222222222222,0.0,0.05555555555555555,0.0,0.05555555555555555,0.0,1384091
n15,iqtree_500,01,wastral,wastral,0.5,0,,1,2,1.123,191,0.2777777777777778,0.07142857142857142,0.16666666666666666,0.11764705882352941,0.16666666666666666,0.11764705882352941,1371905
n15,iqtree_500,01,true_major,true_major,0.5,0,,1,1,1.195,111,0.2222222222222222,0.0,0.05555555555555555,0.0,0.05555555555555555,0.0,1384091
n15,iqtree_500,01,swap,swap,0.5,0,,1,1,1.091,204,0.2222222222222222,0.0,0.05555555555555555,0.0,0.05555555555555555,0.0,1384091
n15,iqtree_500,02,default,astral_pub,0.5,0,,1,2,1.099,213,0.38095238095238093,0.07142857142857142,0.2857142857142857,0.0625,0.2857142857142857,0.0625,1235319
n15,iqtree_500,02,t0,astral_pub,0.0,0,,1,3,1.257,1789,0.38095238095238093,0.07142857142857142,0.38095238095238093,0.3157894736842105,0.38095238095238093,0.3157894736842105,
n15,iqtree_500,02,t0.2,astral_pub,0.2,0,,1,1,1.104,476,0.38095238095238093,0.07142857142857142,0.38095238095238093,0.3157894736842105,0.38095238095238093,0.3157894736842105,
n15,iqtree_500,02,t0.3,astral_pub,0.3,0,,1,1,1.029,365,0.38095238095238093,0.07142857142857142,0.38095238095238093,0.3157894736842105,0.38095238095238093,0.3157894736842105,
n15,iqtree_500,02,t0.7,astral_pub,0.7,0,,1,2,1.108,79,0.38095238095238093,0.07142857142857142,0.38095238095238093,0.1875,0.38095238095238093,0.1875,
n15,iqtree_500,02,t0.8,astral_pub,0.8,0,,1,2,1.299,36,0.38095238095238093,0.07142857142857142,0.38095238095238093,0.23529411764705882,0.38095238095238093,0.23529411764705882,
n15,iqtree_500,02,z2and,astral_pub,0.5,2.0,and,1,2,1.052,213,0.38095238095238093,0.07142857142857142,0.2857142857142857,0.0625,0.2857142857142857,0.0625,
n15,iqtree_500,02,z3and,astral_pub,0.5,3.0,and,1,2,1.151,213,0.38095238095238093,0.07142857142857142,0.2857142857142857,0.0625,0.2857142857142857,0.0625,
n15,iqtree_500,02,z3only,astral_pub,0.0,3.0,only,1,1,1.011,473,0.38095238095238093,0.07142857142857142,0.38095238095238093,0.3157894736842105,0.38095238095238093,0.3157894736842105,
n15,iqtree_500,02,z5only,astral_pub,0.0,5.0,only,1,1,1.089,407,0.38095238095238093,0.07142857142857142,0.38095238095238093,0.3157894736842105,0.38095238095238093,0.3157894736842105,
n15,iqtree_500,02,z3or,astral_pub,0.5,3.0,or,1,1,1.162,473,0.38095238095238093,0.07142857142857142,0.38095238095238093,0.3157894736842105,0.38095238095238093,0.3157894736842105,
n15,iqtree_500,02,tqmc,tqmc,0.5,0,,1,2,1.211,218,0.38095238095238093,0.07142857142857142,0.2857142857142857,0.0625,0.2857142857142857,0.0625,1235316
n15,iqtree_500,02,wastral,wastral,0.5,0,,1,2,1.036,354,0.47619047619047616,0.21428571428571427,0.3333333333333333,0.17647058823529413,0.3333333333333333,0.17647058823529413,1214256
n15,iqtree_500,02,true_major,true_major,0.5,0,,1,1,1.096,276,0.3333333333333333,0.0,0.09523809523809523,0.0,0.09523809523809523,0.0,1247116
n15,iqtree_500,02,swap,swap,0.5,0,,1,2,1.08,256,0.3333333333333333,0.0,0.2857142857142857,0.0625,0.2857142857142857,0.0625,1235319
n15,iqtree_500,03,default,astral_pub,0.5,0,,1,1,1.066,307,0.3157894736842105,0.07142857142857142,0.3157894736842105,0.2777777777777778,0.3157894736842105,0.2777777777777778,1245982
n15,iqtree_500,03,t0,astral_pub,0.0,0,,1,4,1.243,1808,0.3157894736842105,0.07142857142857142,0.3157894736842105,0.2777777777777778,0.3157894736842105,0.2777777777777778,
n15,iqtree_500,03,t0.2,astral_pub,0.2,0,,1,1,1.107,502,0.3157894736842105,0.07142857142857142,0.3157894736842105,0.2777777777777778,0.3157894736842105,0.2777777777777778,
n15,iqtree_500,03,t0.3,astral_pub,0.3,0,,1,1,1.088,375,0.3157894736842105,0.07142857142857142,0.3157894736842105,0.2777777777777778,0.3157894736842105,0.2777777777777778,
n15,iqtree_500,03,t0.7,astral_pub,0.7,0,,1,2,1.19,106,0.3157894736842105,0.07142857142857142,0.3157894736842105,0.2777777777777778,0.3157894736842105,0.2777777777777778,
n15,iqtree_500,03,t0.8,astral_pub,0.8,0,,1,2,1.077,98,0.3157894736842105,0.07142857142857142,0.3157894736842105,0.2777777777777778,0.3157894736842105,0.2777777777777778,
n15,iqtree_500,03,z2and,astral_pub,0.5,2.0,and,1,1,1.031,307,0.3157894736842105,0.07142857142857142,0.3157894736842105,0.2777777777777778,0.3157894736842105,0.2777777777777778,
n15,iqtree_500,03,z3and,astral_pub,0.5,3.0,and,1,1,1.194,305,0.3157894736842105,0.07142857142857142,0.3157894736842105,0.2777777777777778,0.3157894736842105,0.2777777777777778,
n15,iqtree_500,03,z3only,astral_pub,0.0,3.0,only,1,2,1.072,500,0.3157894736842105,0.07142857142857142,0.3157894736842105,0.2777777777777778,0.3157894736842105,0.2777777777777778,
n15,iqtree_500,03,z5only,astral_pub,0.0,5.0,only,1,1,1.049,391,0.3157894736842105,0.07142857142857142,0.3157894736842105,0.2777777777777778,0.3157894736842105,0.2777777777777778,
n15,iqtree_500,03,z3or,astral_pub,0.5,3.0,or,1,2,1.282,502,0.3157894736842105,0.07142857142857142,0.3157894736842105,0.2777777777777778,0.3157894736842105,0.2777777777777778,
n15,iqtree_500,04,default,astral_pub,0.5,0,,1,2,1.095,46,0.2222222222222222,0.0,0.1111111111111111,0.0,0.1111111111111111,0.0,1202134
n15,iqtree_500,04,t0,astral_pub,0.0,0,,1,2,1.085,1774,0.2222222222222222,0.0,0.16666666666666666,0.25,0.16666666666666666,0.25,
n15,iqtree_500,04,t0.2,astral_pub,0.2,0,,1,2,1.056,121,0.2222222222222222,0.0,0.1111111111111111,0.0,0.1111111111111111,0.0,
n15,iqtree_500,04,t0.3,astral_pub,0.3,0,,1,2,1.051,58,0.2222222222222222,0.0,0.1111111111111111,0.0,0.1111111111111111,0.0,
n15,iqtree_500,04,t0.7,astral_pub,0.7,0,,1,2,1.099,46,0.2222222222222222,0.0,0.1111111111111111,0.0,0.1111111111111111,0.0,
n15,iqtree_500,04,t0.8,astral_pub,0.8,0,,1,2,1.183,46,0.2222222222222222,0.0,0.1111111111111111,0.0,0.1111111111111111,0.0,
n15,iqtree_500,04,z2and,astral_pub,0.5,2.0,and,1,2,0.967,46,0.2222222222222222,0.0,0.1111111111111111,0.0,0.1111111111111111,0.0,
n15,iqtree_500,04,z3and,astral_pub,0.5,3.0,and,1,2,1.197,46,0.2222222222222222,0.0,0.1111111111111111,0.0,0.1111111111111111,0.0,
n15,iqtree_500,05,default,astral_pub,0.5,0,,1,2,1.07,25,0.0,0.0,0.0,0.06666666666666667,0.0,0.06666666666666667,1151801
n15,iqtree_500,05,t0,astral_pub,0.0,0,,1,2,1.308,1791,0.0,0.0,0.0,0.3,0.0,0.3,
n15,iqtree_500,05,t0.2,astral_pub,0.2,0,,1,2,1.085,35,0.0,0.0,0.0,0.3333333333333333,0.0,0.3333333333333333,
n15,iqtree_500,05,t0.3,astral_pub,0.3,0,,1,2,1.086,27,0.0,0.0,0.0,0.06666666666666667,0.0,0.06666666666666667,
n15,iqtree_500,05,t0.7,astral_pub,0.7,0,,1,1,1.115,24,0.0,0.0,0.0,0.06666666666666667,0.0,0.06666666666666667,
n15,iqtree_500,05,t0.8,astral_pub,0.8,0,,1,1,1.058,24,0.0,0.0,0.0,0.06666666666666667,0.0,0.06666666666666667,
n15,iqtree_500,06,default,astral_pub,0.5,0,,1,2,1.261,145,0.13333333333333333,0.07142857142857142,0.13333333333333333,0.1875,0.13333333333333333,0.1875,1052232
n15,iqtree_500,06,t0,astral_pub,0.0,0,,1,4,1.089,1845,0.13333333333333333,0.07142857142857142,0.06666666666666667,0.2222222222222222,0.06666666666666667,0.2222222222222222,
n25,g_500,20,default,astral_pub,0.5,0,,1,2,8.491,257,0.11538461538461539,0.041666666666666664,0.11538461538461539,0.11538461538461539,0.11538461538461539,0.11538461538461539,11256791
n25,g_500,20,t0,astral_pub,0.0,0,,1,5,9.752,14365,0.11538461538461539,0.041666666666666664,0.11538461538461539,0.25806451612903225,0.11538461538461539,0.25806451612903225,
n25,g_500,20,t0.2,astral_pub,0.2,0,,1,3,8.578,1115,0.11538461538461539,0.041666666666666664,0.11538461538461539,0.28125,0.11538461538461539,0.28125,
n25,g_500,20,t0.3,astral_pub,0.3,0,,1,2,8.521,625,0.11538461538461539,0.041666666666666664,0.11538461538461539,0.30303030303030304,0.11538461538461539,0.30303030303030304,
n25,g_500,20,t0.7,astral_pub,0.7,0,,1,2,8.59,176,0.11538461538461539,0.041666666666666664,0.11538461538461539,0.11538461538461539,0.11538461538461539,0.11538461538461539,
n25,g_500,20,t0.8,astral_pub,0.8,0,,1,2,8.108,164,0.11538461538461539,0.041666666666666664,0.11538461538461539,0.11538461538461539,0.11538461538461539,0.11538461538461539,
n25,g_500,20,z2and,astral_pub,0.5,2.0,and,1,2,8.615,87,0.11538461538461539,0.041666666666666664,0.11538461538461539,0.11538461538461539,0.11538461538461539,0.11538461538461539,
n25,g_500,20,z3and,astral_pub,0.5,3.0,and,1,2,8.33,65,0.11538461538461539,0.041666666666666664,0.11538461538461539,0.11538461538461539,0.11538461538461539,0.11538461538461539,
n25,g_500,20,z3only,astral_pub,0.0,3.0,only,1,2,8.276,197,0.11538461538461539,0.041666666666666664,0.11538461538461539,0.23333333333333334,0.11538461538461539,0.23333333333333334,
n25,g_500,20,z5only,astral_pub,0.0,5.0,only,1,1,7.811,61,0.11538461538461539,0.041666666666666664,0.11538461538461539,0.11538461538461539,0.11538461538461539,0.11538461538461539,
n25,g_500,20,z3or,astral_pub,0.5,3.0,or,1,2,8.137,389,0.11538461538461539,0.041666666666666664,0.11538461538461539,0.23333333333333334,0.11538461538461539,0.23333333333333334,
n25,g_500,20,tqmc,tqmc,0.5,0,,1,2,8.196,257,0.11538461538461539,0.041666666666666664,0.11538461538461539,0.11538461538461539,0.11538461538461539,0.11538461538461539,11256791
n25,g_500,20,wastral,wastral,0.5,0,,1,2,7.999,257,0.11538461538461539,0.041666666666666664,0.11538461538461539,0.11538461538461539,0.11538461538461539,0.11538461538461539,11256791
n25,g_500,20,true_major,true_major,0.5,0,,1,2,7.564,280,0.07692307692307693,0.0,0.07692307692307693,0.2727272727272727,0.07692307692307693,0.2727272727272727,11249555
n25,g_500,20,swap,swap,0.5,0,,1,2,8.118,755,0.19230769230769232,0.125,0.11538461538461539,0.11538461538461539,0.11538461538461539,0.11538461538461539,11256791
n25,g_500,21,default,astral_pub,0.5,0,,1,5,8.524,724,0.15384615384615385,0.08333333333333333,0.11538461538461539,0.11538461538461539,0.11538461538461539,0.11538461538461539,10859978
n25,g_500,21,t0,astral_pub,0.0,0,,1,6,8.982,14349,0.15384615384615385,0.08333333333333333,0.07692307692307693,0.22580645161290322,0.07692307692307693,0.22580645161290322,
n25,g_500,21,t0.2,astral_pub,0.2,0,,1,5,8.322,2272,0.15384615384615385,0.08333333333333333,0.11538461538461539,0.11538461538461539,0.11538461538461539,0.11538461538461539,
n25,g_500,21,t0.3,astral_pub,0.3,0,,1,5,8.96,1429,0.15384615384615385,0.08333333333333333,0.11538461538461539,0.11538461538461539,0.11538461538461539,0.11538461538461539,
n25,g_500,21,t0.7,astral_pub,0.7,0,,1,5,8.761,630,0.15384615384615385,0.08333333333333333,0.11538461538461539,0.11538461538461539,0.11538461538461539,0.11538461538461539,
n25,g_500,21,t0.8,astral_pub,0.8,0,,1,5,8.119,609,0.15384615384615385,0.08333333333333333,0.11538461538461539,0.11538461538461539,0.11538461538461539,0.11538461538461539,
n25,g_500,21,z2and,astral_pub,0.5,2.0,and,1,5,8.223,657,0.15384615384615385,0.08333333333333333,0.11538461538461539,0.11538461538461539,0.11538461538461539,0.11538461538461539,
n25,g_500,21,z3and,astral_pub,0.5,3.0,and,1,5,8.33,613,0.15384615384615385,0.08333333333333333,0.11538461538461539,0.11538461538461539,0.11538461538461539,0.11538461538461539,
n25,g_500,21,z3only,astral_pub,0.0,3.0,only,1,5,8.459,938,0.15384615384615385,0.08333333333333333,0.11538461538461539,0.11538461538461539,0.11538461538461539,0.11538461538461539,
n25,g_500,21,z5only,astral_pub,0.0,5.0,only,1,5,8.014,686,0.15384615384615385,0.08333333333333333,0.11538461538461539,0.11538461538461539,0.11538461538461539,0.11538461538461539,
n25,g_500,21,z3or,astral_pub,0.5,3.0,or,1,5,8.868,1049,0.15384615384615385,0.08333333333333333,0.11538461538461539,0.11538461538461539,0.11538461538461539,0.11538461538461539,
n25,g_500,21,tqmc,tqmc,0.5,0,,1,5,8.1,743,0.19230769230769232,0.125,0.15384615384615385,0.15384615384615385,0.15384615384615385,0.15384615384615385,10853471
n25,g_500,21,wastral,wastral,0.5,0,,1,5,8.34,724,0.15384615384615385,0.08333333333333333,0.11538461538461539,0.11538461538461539,0.11538461538461539,0.11538461538461539,10859978
n25,g_500,21,true_major,true_major,0.5,0,,1,5,8.189,1424,0.07692307692307693,0.0,0.07692307692307693,0.22580645161290322,0.07692307692307693,0.22580645161290322,10867325
n25,g_500,21,swap,swap,0.5,0,,1,5,8.392,1518,0.11538461538461539,0.041666666666666664,0.11538461538461539,0.11538461538461539,0.11538461538461539,0.11538461538461539,10859978
n25,g_500,22,default,astral_pub,0.5,0,,1,1,8.619,314,0.1724137931034483,0.0,0.06896551724137931,0.0,0.06896551724137931,0.0,10084966
n25,g_500,22,t0,astral_pub,0.0,0,,1,6,9.349,14607,0.1724137931034483,0.0,0.1724137931034483,0.22580645161290322,0.1724137931034483,0.22580645161290322,
n25,g_500,22,t0.2,astral_pub,0.2,0,,1,3,8.194,1188,0.1724137931034483,0.0,0.034482758620689655,0.0,0.034482758620689655,0.0,
n25,g_500,22,t0.3,astral_pub,0.3,0,,1,2,8.488,838,0.1724137931034483,0.0,0.06896551724137931,0.0,0.06896551724137931,0.0,
n25,g_500,22,t0.7,astral_pub,0.7,0,,1,1,9.087,195,0.1724137931034483,0.0,0.06896551724137931,0.0,0.06896551724137931,0.0,
n25,g_500,22,t0.8,astral_pub,0.8,0,,1,1,7.951,194,0.1724137931034483,0.0,0.06896551724137931,0.0,0.06896551724137931,0.0,
n25,g_500,22,z2and,astral_pub,0.5,2.0,and,1,1,8.283,312,0.1724137931034483,0.0,0.06896551724137931,0.0,0.06896551724137931,0.0,
n25,g_500,22,z3and,astral_pub,0.5,3.0,and,1,1,8.358,309,0.1724137931034483,0.0,0.06896551724137931,0.0,0.06896551724137931,0.0,
n25,g_500,22,z3only,astral_pub,0.0,3.0,only,1,2,7.964,1061,0.1724137931034483,0.0,0.034482758620689655,0.0,0.034482758620689655,0.0,
n25,g_500,22,z5only,astral_pub,0.0,5.0,only,1,1,8.574,932,0.1724137931034483,0.0,0.06896551724137931,0.0,0.06896551724137931,0.0,
n25,g_500,22,z3or,astral_pub,0.5,3.0,or,1,2,8.219,1066,0.1724137931034483,0.0,0.034482758620689655,0.0,0.034482758620689655,0.0,
n25,g_500,22,tqmc,tqmc,0.5,0,,1,1,8.094,314,0.1724137931034483,0.0,0.06896551724137931,0.0,0.06896551724137931,0.0,10084966
n25,g_500,22,wastral,wastral,0.5,0,,1,1,8.048,314,0.1724137931034483,0.0,0.06896551724137931,0.0,0.06896551724137931,0.0,10084966
n25,g_500,22,true_major,true_major,0.5,0,,1,1,7.833,1002,0.1724137931034483,0.0,0.034482758620689655,0.0,0.034482758620689655,0.0,10084966
n25,g_500,22,swap,swap,0.5,0,,1,1,7.766,922,0.1724137931034483,0.0,0.06896551724137931,0.0,0.06896551724137931,0.0,10084966
n25,g_500,23,default,astral_pub,0.5,0,,1,2,8.185,1101,0.1724137931034483,0.0,0.10344827586206896,0.0,0.10344827586206896,0.0,10643306
n25,g_500,23,t0,astral_pub,0.0,0,,1,6,9.22,14511,0.1724137931034483,0.0,0.13793103448275862,0.07407407407407407,0.13793103448275862,0.07407407407407407,
n25,g_500,23,t0.2,astral_pub,0.2,0,,1,2,8.102,1933,0.1724137931034483,0.0,0.06896551724137931,0.0,0.06896551724137931,0.0,
n25,g_500,23,t0.3,astral_pub,0.3,0,,1,2,7.806,1497,0.1724137931034483,0.0,0.10344827586206896,0.0,0.10344827586206896,0.0,
n25,g_500,23,t0.7,astral_pub,0.7,0,,1,2,8.307,685,0.1724137931034483,0.0,0.10344827586206896,0.0,0.10344827586206896,0.0,
n25,g_500,23,t0.8,astral_pub,0.8,0,,1,2,8.1,414,0.1724137931034483,0.0,0.1724137931034483,0.1111111111111111,0.1724137931034483,0.1111111111111111,
n25,g_500,23,z2and,astral_pub,0.5,2.0,and,1,2,7.921,896,0.1724137931034483,0.0,0.10344827586206896,0.0,0.10344827586206896,0.0,
n25,g_500,23,z3and,astral_pub,0.5,3.0,and,1,2,7.78,878,0.1724137931034483,0.0,0.10344827586206896,0.0,0.10344827586206896,0.0,
n25,g_500,23,z3only,astral_pub,0.0,3.0,only,1,2,7.753,1270,0.1724137931034483,0.0,0.06896551724137931,0.0,0.06896551724137931,0.0,
n25,g_500,23,z5only,astral_pub,0.0,5.0,only,1,2,8.244,1034,0.1724137931034483,0.0,0.06896551724137931,0.0,0.06896551724137931,0.0,
n25,g_500,23,z3or,astral_pub,0.5,3.0,or,1,2,8.161,1493,0.1724137931034483,0.0,0.06896551724137931,0.0,0.06896551724137931,0.0,
n25,g_500,23,tqmc,tqmc,0.5,0,,1,2,7.567,1101,0.1724137931034483,0.0,0.10344827586206896,0.0,0.10344827586206896,0.0,10643306
n25,g_500,23,wastral,wastral,0.5,0,,1,2,8.205,1101,0.1724137931034483,0.0,0.10344827586206896,0.0,0.10344827586206896,0.0,10643306
n25,g_500,23,true_major,true_major,0.5,0,,1,1,7.647,1201,0.1724137931034483,0.0,0.0,0.0,0.0,0.0,10700378
n25,g_500,23,swap,swap,0.5,0,,1,1,7.914,1021,0.1724137931034483,0.0,0.034482758620689655,0.0,0.034482758620689655,0.0,10700378
n25,g_500,24,default,astral_pub,0.5,0,,1,3,7.821,198,0.26666666666666666,0.08333333333333333,0.23333333333333334,0.23333333333333334,0.23333333333333334,0.23333333333333334,10517926
n25,g_500,24,t0,astral_pub,0.0,0,,1,6,9.268,14559,0.26666666666666666,0.08333333333333333,0.23333333333333334,0.25806451612903225,0.23333333333333334,0.25806451612903225,
n25,g_500,24,t0.2,astral_pub,0.2,0,,1,3,7.602,1430,0.26666666666666666,0.08333333333333333,0.2,0.07692307692307693,0.2,0.07692307692307693,
n25,g_500,24,t0.3,astral_pub,0.3,0,,1,3,7.515,777,0.26666666666666666,0.08333333333333333,0.2,0.07692307692307693,0.2,0.07692307692307693,
n25,g_500,24,t0.7,astral_pub,0.7,0,,1,3,7.682,58,0.26666666666666666,0.08333333333333333,0.26666666666666666,0.26666666666666666,0.26666666666666666,0.26666666666666666,
n25,g_500,24,t0.8,astral_pub,0.8,0,,1,3,8.027,58,0.26666666666666666,0.08333333333333333,0.26666666666666666,0.26666666666666666,0.26666666666666666,0.26666666666666666,
n25,g_500,24,z2and,astral_pub,0.5,2.0,and,1,3,7.526,197,0.26666666666666666,0.08333333333333333,0.23333333333333334,0.23333333333333334,0.23333333333333334,0.23333333333333334,
n25,g_500,24,z3and,astral_pub,0.5,3.0,and,1,3,7.998,191,0.26666666666666666,0.08333333333333333,0.23333333333333334,0.23333333333333334,0.23333333333333334,0.23333333333333334,
n25,g_500,24,z3only,astral_pub,0.0,3.0,only,1,3,8.176,1144,0.26666666666666666,0.08333333333333333,0.16666666666666666,0.07407407407407407,0.16666666666666666,0.07407407407407407,
n25,g_500,24,z5only,astral_pub,0.0,5.0,only,1,3,7.665,990,0.26666666666666666,0.08333333333333333,0.2,0.07692307692307693,0.2,0.07692307692307693,
n25,g_500,24,z3or,astral_pub,0.5,3.0,or,1,3,7.854,1151,0.26666666666666666,0.08333333333333333,0.16666666666666666,0.07407407407407407,0.16666666666666666,0.07407407407407407,
n25,g_500,24,tqmc,tqmc,0.5,0,,1,3,7.428,212,0.23333333333333334,0.041666666666666664,0.1,0.03571428571428571,0.1,0.03571428571428571,10512894
n25,g_500,24,wastral,wastral,0.5,0,,1,3,8.84,212,0.23333333333333334,0.041666666666666664,0.1,0.03571428571428571,0.1,0.03571428571428571,10512894
n25,g_500,24,true_major,true_major,0.5,0,,1,3,7.469,531,0.2,0.0,0.1,0.15625,0.1,0.15625,10488994
n25,g_500,24,swap,swap,0.5,0,,1,2,7.727,1349,0.4,0.25,0.23333333333333334,0.23333333333333334,0.23333333333333334,0.23333333333333334,10517926
n25,g_500,25,default,astral_pub,0.5,0,,1,1,8.018,191,0.1111111111111111,0.0,0.037037037037037035,0.0,0.037037037037037035,0.0,10418560
n25,g_500,25,t0,astral_pub,0.0,0,,1,4,9.824,14525,0.1111111111111111,0.0,0.1111111111111111,0.25,0.1111111111111111,0.25,
n25,g_500,25,t0.2,astral_pub,0.2,0,,1,1,8.051,744,0.1111111111111111,0.0,0.0,0.0,0.0,0.0,
n25,g_500,25,t0.3,astral_pub,0.3,0,,1,1,8.098,334,0.1111111111111111,0.0,0.037037037037037035,0.0,0.037037037037037035,0.0,
n25,g_500,25,t0.7,astral_pub,0.7,0,,1,1,8.257,180,0.1111111111111111,0.0,0.037037037037037035,0.0,0.037037037037037035,0.0,
n25,g_500,25,t0.8,astral_pub,0.8,0,,1,1,8.474,180,0.1111111111111111,0.0,0.037037037037037035,0.0,0.037037037037037035,0.0,
n25,g_500,25,z2and,astral_pub,0.5,2.0,and,1,1,8.611,189,0.1111111111111111,0.0,0.037037037037037035,0.0,0.037037037037037035,0.0,
n25,g_500,25,z3and,astral_pub,0.5,3.0,and,1,1,8.161,189,0.1111111111111111,0.0,0.037037037037037035,0.0,0.037037037037037035,0.0,
n25,g_500,25,z3only,astral_pub,0.0,3.0,only,1,2,8.18,432,0.1111111111111111,0.0,0.0,0.0,0.0,0.0,
n25,g_500,25,z5only,astral_pub,0.0,5.0,only,1,1,8.155,325,0.1111111111111111,0.0,0.0,0.0,0.0,0.0,
n25,g_500,25,z3or,astral_pub,0.5,3.0,or,1,2,7.78,434,0.1111111111111111,0.0,0.0,0.0,0.0,0.0,
n25,g_500,25,tqmc,tqmc,0.5,0,,1,1,8.479,226,0.1111111111111111,0.0,0.07407407407407407,0.038461538461538464,0.07407407407407407,0.038461538461538464,10418560
n25,g_500,25,wastral,wastral,0.5,0,,1,1,7.961,191,0.1111111111111111,0.0,0.07407407407407407,0.038461538461538464,0.07407407407407407,0.038461538461538464,10418560
n25,g_500,25,true_major,true_major,0.5,0,,1,1,8.173,191,0.1111111111111111,0.0,0.037037037037037035,0.0,0.037037037037037035,0.0,10418560
n25,g_500,25,swap,swap,0.5,0,,1,1,8.235,226,0.1111111111111111,0.0,0.07407407407407407,0.038461538461538464,0.07407407407407407,0.038461538461538464,10418560
n25,g_500,26,default,astral_pub,0.5,0,,1,3,7.396,898,0.20689655172413793,0.041666666666666664,0.034482758620689655,0.034482758620689655,0.034482758620689655,0.034482758620689655,10892749
n25,g_500,26,t0,astral_pub,0.0,0,,1,7,8.683,14397,0.20689655172413793,0.041666666666666664,0.20689655172413793,0.25806451612903225,0.20689655172413793,0.25806451612903225,
n25,g_500,26,t0.2,astral_pub,0.2,0,,1,3,7.514,2007,0.20689655172413793,0.041666666666666664,0.034482758620689655,0.034482758620689655,0.034482758620689655,0.034482758620689655,
n25,g_500,26,t0.3,astral_pub,0.3,0,,1,3,7.458,1276,0.20689655172413793,0.041666666666666664,0.034482758620689655,0.034482758620689655,0.034482758620689655,0.034482758620689655,
n25,g_500,26,t0.7,astral_pub,0.7,0,,1,3,7.5,805,0.20689655172413793,0.041666666666666664,0.034482758620689655,0.034482758620689655,0.034482758620689655,0.034482758620689655,
n25,g_500,26,t0.8,astral_pub,0.8,0,,1,3,7.47,746,0.20689655172413793,0.041666666666666664,0.034482758620689655,0.034482758620689655,0.034482758620689655,0.034482758620689655,
n25,g_500,26,z2and,astral_pub,0.5,2.0,and,1,2,7.513,760,0.20689655172413793,0.041666666666666664,0.034482758620689655,0.034482758620689655,0.034482758620689655,0.034482758620689655,
n25,g_500,26,z3and,astral_pub,0.5,3.0,and,1,2,7.795,754,0.20689655172413793,0.041666666666666664,0.034482758620689655,0.034482758620689655,0.034482758620689655,0.034482758620689655,
n25,g_500,26,z3only,astral_pub,0.0,3.0,only,1,2,7.801,855,0.20689655172413793,0.041666666666666664,0.034482758620689655,0.034482758620689655,0.034482758620689655,0.034482758620689655,
n25,g_500,26,z5only,astral_pub,0.0,5.0,only,1,2,7.277,784,0.20689655172413793,0.041666666666666664,0.034482758620689655,0.034482758620689655,0.034482758620689655,0.034482758620689655,
n25,g_500,26,z3or,astral_pub,0.5,3.0,or,1,2,7.46,999,0.20689655172413793,0.041666666666666664,0.034482758620689655,0.034482758620689655,0.034482758620689655,0.034482758620689655,
n25,g_500,26,tqmc,tqmc,0.5,0,,1,3,7.152,898,0.20689655172413793,0.041666666666666664,0.034482758620689655,0.034482758620689655,0.034482758620689655,0.034482758620689655,10892749
n25,g_500,26,wastral,wastral,0.5,0,,1,4,8.231,1258,0.2413793103448276,0.08333333333333333,0.20689655172413793,0.14814814814814814,0.20689655172413793,0.14814814814814814,10873601
n25,g_500,26,true_major,true_major,0.5,0,,1,4,7.158,942,0.1724137931034483,0.0,0.0,0.0,0.0,0.0,10877527
n25,g_500,26,swap,swap,0.5,0,,1,3,7.228,949,0.20689655172413793,0.041666666666666664,0.034482758620689655,0.034482758620689655,0.034482758620689655,0.034482758620689655,10892749
n25,g_500,27,default,astral_pub,0.5,0,,2,3,7.877,460,0.20689655172413793,0.041666666666666664,0.13793103448275862,0.13793103448275862,0.10344827586206896,0.07142857142857142,9720425
n25,g_500,27,t0,astral_pub,0.0,0,,2,6,8.98,14847,0.20689655172413793,0.041666666666666664,0.13793103448275862,0.16666666666666666,0.13793103448275862,0.2647058823529412,
n25,g_500,27,t0.2,astral_pub,0.2,0,,2,3,7.812,1378,0.20689655172413793,0.041666666666666664,0.13793103448275862,0.13793103448275862,0.10344827586206896,0.07142857142857142,
n25,g_500,27,t0.3,astral_pub,0.3,0,,2,3,7.923,1236,0.20689655172413793,0.041666666666666664,0.13793103448275862,0.13793103448275862,0.10344827586206896,0.07142857142857142,
n25,g_500,27,t0.7,astral_pub,0.7,0,,2,3,7.527,459,0.20689655172413793,0.041666666666666664,0.13793103448275862,0.13793103448275862,0.10344827586206896,0.07142857142857142,
n25,g_500,27,t0.8,astral_pub,0.8,0,,2,3,8.164,459,0.20689655172413793,0.041666666666666664,0.13793103448275862,0.13793103448275862,0.10344827586206896,0.07142857142857142,
n25,g_500,27,z2and,astral_pub,0.5,2.0,and,2,3,8.064,460,0.20689655172413793,0.041666666666666664,0.13793103448275862,0.13793103448275862,0.10344827586206896,0.07142857142857142,
n25,g_500,27,z3and,astral_pub,0.5,3.0,and,2,3,8.207,460,0.20689655172413793,0.041666666666666664,0.13793103448275862,0.13793103448275862,0.10344827586206896,0.07142857142857142,
n25,g_500,27,z3only,astral_pub,0.0,3.0,only,2,4,8.006,1315,0.20689655172413793,0.041666666666666664,0.13793103448275862,0.13793103448275862,0.06896551724137931,0.03571428571428571,
n25,g_500,27,z5only,astral_pub,0.0,5.0,only,2,3,7.667,1248,0.20689655172413793,0.041666666666666664,0.13793103448275862,0.13793103448275862,0.10344827586206896,0.07142857142857142,
n25,g_500,27,z3or,astral_pub,0.5,3.0,or,2,4,7.668,1315,0.20689655172413793,0.041666666666666664,0.13793103448275862,0.13793103448275862,0.06896551724137931,0.03571428571428571,
n25,g_500,27,tqmc,tqmc,0.5,0,,2,3,7.906,461,0.27586206896551724,0.125,0.20689655172413793,0.20689655172413793,0.13793103448275862,0.10714285714285714,9723619
n25,g_500,27,wastral,wastral,0.5,0,,2,3,7.778,461,0.2413793103448276,0.08333333333333333,0.1724137931034483,0.1724137931034483,0.10344827586206896,0.07142857142857142,9722486
n25,g_500,27,true_major,true_major,0.5,0,,2,3,7.722,1418,0.1724137931034483,0.0,0.13793103448275862,0.038461538461538464,0.034482758620689655,0.034482758620689655,9677937
n25,g_500,27,swap,swap,0.5,0,,2,2,7.734,1822,0.27586206896551724,0.125,0.13793103448275862,0.13793103448275862,0.13793103448275862,0.16666666666666666,9720425
n25,g_500,28,default,astral_pub,0.5,0,,1,2,7.52,193,0.20689655172413793,0.041666666666666664,0.13793103448275862,0.038461538461538464,0.13793103448275862,0.038461538461538464,10723021
n25,g_500,28,t0,astral_pub,0.0,0,,1,7,9.147,14496,0.20689655172413793,0.041666666666666664,0.1724137931034483,0.1724137931034483,0.1724137931034483,0.1724137931034483,
n25,g_500,28,t0.2,astral_pub,0.2,0,,1,3,7.789,979,0.20689655172413793,0.041666666666666664,0.13793103448275862,0.038461538461538464,0.13793103448275862,0.038461538461538464,
n25,g_500,28,t0.3,astral_pub,0.3,0,,1,3,7.952,399,0.20689655172413793,0.041666666666666664,0.13793103448275862,0.038461538461538464,0.13793103448275862,0.038461538461538464,
n25,g_500,28,t0.7,astral_pub,0.7,0,,1,2,7.673,184,0.20689655172413793,0.041666666666666664,0.13793103448275862,0.038461538461538464,0.13793103448275862,0.038461538461538464,
n25,g_500,28,t0.8,astral_pub,0.8,0,,1,2,8.1,184,0.20689655172413793,0.041666666666666664,0.13793103448275862,0.038461538461538464,0.13793103448275862,0.038461538461538464,
n25,g_500,28,z2and,astral_pub,0.5,2.0,and,1,2,7.793,193,0.20689655172413793,0.041666666666666664,0.13793103448275862,0.038461538461538464,0.13793103448275862,0.038461538461538464,
n25,g_500,28,z3and,astral_pub,0.5,3.0,and,1,2,8.09,189,0.20689655172413793,0.041666666666666664,0.13793103448275862,0.038461538461538464,0.13793103448275862,0.038461538461538464,
n25,g_500,28,z3only,astral_pub,0.0,3.0,only,1,4,7.848,972,0.20689655172413793,0.041666666666666664,0.13793103448275862,0.038461538461538464,0.13793103448275862,0.038461538461538464,
n25,g_500,28,z5only,astral_pub,0.0,5.0,only,1,2,8.083,607,0.20689655172413793,0.041666666666666664,0.13793103448275862,0.038461538461538464,0.13793103448275862,0.038461538461538464,
n25,g_500,28,z3or,astral_pub,0.5,3.0,or,1,4,8.126,976,0.20689655172413793,0.041666666666666664,0.13793103448275862,0.038461538461538464,0.13793103448275862,0.038461538461538464,
n25,g_500,28,tqmc,tqmc,0.5,0,,1,2,7.7,466,0.20689655172413793,0.041666666666666664,0.06896551724137931,0.03571428571428571,0.06896551724137931,0.03571428571428571,10729910
n25,g_500,28,wastral,wastral,0.5,0,,1,3,7.696,489,0.20689655172413793,0.041666666666666664,0.13793103448275862,0.038461538461538464,0.13793103448275862,0.038461538461538464,10715209
n25,g_500,28,true_major,true_major,0.5,0,,1,3,8.034,489,0.1724137931034483,0.0,0.034482758620689655,0.0,0.034482758620689655,0.0,10722098
n25,g_500,28,swap,swap,0.5,0,,1,2,7.741,466,0.20689655172413793,0.041666666666666664,0.06896551724137931,0.03571428571428571,0.06896551724137931,0.03571428571428571,10729910
n25,g_500,29,default,astral_pub,0.5,0,,1,2,7.989,750,0.2413793103448276,0.08333333333333333,0.1724137931034483,0.07692307692307693,0.1724137931034483,0.07692307692307693,10724907
n25,g_500,29,t0,astral_pub,0.0,0,,1,5,8.666,14535,0.2413793103448276,0.08333333333333333,0.20689655172413793,0.3235294117647059,0.20689655172413793,0.3235294117647059,
n25,g_500,29,t0.2,astral_pub,0.2,0,,1,2,8.383,1328,0.2413793103448276,0.08333333333333333,0.1724137931034483,0.07692307692307693,0.1724137931034483,0.07692307692307693,
n25,g_500,29,t0.3,astral_pub,0.3,0,,1,2,8.054,1064,0.2413793103448276,0.08333333333333333,0.1724137931034483,0.07692307692307693,0.1724137931034483,0.07692307692307693,
n25,g_500,29,t0.7,astral_pub,0.7,0,,1,2,8.424,534,0.2413793103448276,0.08333333333333333,0.1724137931034483,0.07692307692307693,0.1724137931034483,0.07692307692307693,
n25,g_500,29,t0.8,astral_pub,0.8,0,,1,2,7.815,448,0.2413793103448276,0.08333333333333333,0.1724137931034483,0.07692307692307693,0.1724137931034483,0.07692307692307693,
n25,g_500,29,z2and,astral_pub,0.5,2.0,and,1,2,7.984,743,0.2413793103448276,0.08333333333333333,0.1724137931034483,0.07692307692307693,0.1724137931034483,0.07692307692307693,
n25,g_500,29,z3and,astral_pub,0.5,3.0,and,1,2,8.294,738,0.2413793103448276,0.08333333333333333,0.1724137931034483,0.07692307692307693,0.1724137931034483,0.07692307692307693,
n25,g_500,29,z3only,astral_pub,0.0,3.0,only,1,2,7.936,1012,0.2413793103448276,0.08333333333333333,0.1724137931034483,0.07692307692307693,0.1724137931034483,0.07692307692307693,
n25,g_500,29,z5only,astral_pub,0.0,5.0,only,1,1,8.451,943,0.2413793103448276,0.08333333333333333,0.1724137931034483,0.07692307692307693,0.1724137931034483,0.07692307692307693,
n25,g_500,29,z3or,astral_pub,0.5,3.0,or,1,2,7.816,1024,0.2413793103448276,0.08333333333333333,0.1724137931034483,0.07692307692307693,0.1724137931034483,0.07692307692307693,
n25,g_500,29,tqmc,tqmc,0.5,0,,1,2,8.269,750,0.2413793103448276,0.08333333333333333,0.1724137931034483,0.07692307692307693,0.1724137931034483,0.07692307692307693,10724907
n25,g_500,29,wastral,wastral,0.5,0,,1,2,8.099,750,0.2413793103448276,0.08333333333333333,0.1724137931034483,0.07692307692307693,0.1724137931034483,0.07692307692307693,10724907
n25,g_500,29,true_major,true_major,0.5,0,,1,1,8.379,820,0.1724137931034483,0.0,0.0,0.0,0.0,0.0,10767219
n25,g_500,29,swap,swap,0.5,0,,1,2,8.086,630,0.20689655172413793,0.041666666666666664,0.20689655172413793,0.17857142857142858,0.20689655172413793,0.17857142857142858,10727826
n25,g_500,30,default,astral_pub,0.5,0,,1,1,7.125,138,0.08,0.041666666666666664,0.08,0.11538461538461539,0.08,0.11538461538461539,10439623
n25,g_500,30,t0,astral_pub,0.0,0,,1,5,9.219,14564,0.08,0.041666666666666664,0.08,0.20689655172413793,0.08,0.20689655172413793,
n25,g_500,30,t0.2,astral_pub,0.2,0,,1,2,7.7,796,0.08,0.041666666666666664,0.04,0.1111111111111111,0.04,0.1111111111111111,
n25,g_500,30,t0.3,astral_pub,0.3,0,,1,2,8.188,531,0.08,0.041666666666666664,0.04,0.1111111111111111,0.04,0.1111111111111111,
n25,g_500,30,t0.7,astral_pub,0.7,0,,1,1,7.393,136,0.08,0.041666666666666664,0.08,0.11538461538461539,0.08,0.11538461538461539,
n25,g_500,30,t0.8,astral_pub,0.8,0,,1,1,7.476,136,0.08,0.041666666666666664,0.08,0.11538461538461539,0.08,0.11538461538461539,
n25,g_500,30,z2and,astral_pub,0.5,2.0,and,1,1,7.914,138,0.08,0.041666666666666664,0.08,0.11538461538461539,0.08,0.11538461538461539,
n25,g_500,30,z3and,astral_pub,0.5,3.0,and,1,1,7.644,136,0.08,0.041666666666666664,0.08,0.11538461538461539,0.08,0.11538461538461539,
n25,g_500,30,z3only,astral_pub,0.0,3.0,only,1,3,7.862,507,0.08,0.041666666666666664,0.04,0.1111111111111111,0.04,0.1111111111111111,
n25,g_500,30,z5only,astral_pub,0.0,5.0,only,1,2,7.572,476,0.08,0.041666666666666664,0.04,0.1111111111111111,0.04,0.1111111111111111,
n25,g_500,30,z3or,astral_pub,0.5,3.0,or,1,3,7.249,509,0.08,0.041666666666666664,0.04,0.1111111111111111,0.04,0.1111111111111111,
n25,g_500,30,tqmc,tqmc,0.5,0,,1,1,7.812,138,0.08,0.041666666666666664,0.08,0.11538461538461539,0.08,0.11538461538461539,10439623
n25,g_500,30,wastral,wastral,0.5,0,,1,1,7.784,138,0.08,0.041666666666666664,0.08,0.11538461538461539,0.08,0.11538461538461539,10439623
n25,g_500,30,true_major,true_major,0.5,0,,1,2,7.782,182,0.04,0.0,0.04,0.07692307692307693,0.04,0.07692307692307693,10423928
n25,g_500,30,swap,swap,0.5,0,,1,1,7.791,1753,0.16,0.125,0.08,0.11538461538461539,0.08,0.11538461538461539,10439623
n25,g_500,31,default,astral_pub,0.5,0,,1,3,7.608,646,0.1724137931034483,0.0,0.06896551724137931,0.0,0.06896551724137931,0.0,7644961
n25,g_500,31,t0,astral_pub,0.0,0,,1,4,9.899,14791,0.1724137931034483,0.0,0.1724137931034483,0.2727272727272727,0.1724137931034483,0.2727272727272727,
n25,g_500,31,t0.2,astral_pub,0.2,0,,1,3,8.415,712,0.1724137931034483,0.0,0.06896551724137931,0.0,0.06896551724137931,0.0,
n25,g_500,31,t0.3,astral_pub,0.3,0,,1,3,8.014,652,0.1724137931034483,0.0,0.06896551724137931,0.0,0.06896551724137931,0.0,
n25,g_500,31,t0.7,astral_pub,0.7,0,,1,3,7.782,646,0.1724137931034483,0.0,0.06896551724137931,0.0,0.06896551724137931,0.0,
n25,g_500,31,t0.8,astral_pub,0.8,0,,1,3,7.82,646,0.1724137931034483,0.0,0.06896551724137931,0.0,0.06896551724137931,0.0,
n25,g_500,31,z2and,astral_pub,0.5,2.0,and,1,3,7.934,646,0.1724137931034483,0.0,0.06896551724137931,0.0,0.06896551724137931,0.0,
n25,g_500,31,z3and,astral_pub,0.5,3.0,and,1,3,8.166,646,0.1724137931034483,0.0,0.06896551724137931,0.0,0.06896551724137931,0.0,
n25,g_500,31,z3only,astral_pub,0.0,3.0,only,1,3,8.443,800,0.1724137931034483,0.0,0.06896551724137931,0.0,0.06896551724137931,0.0,
n25,g_500,31,z5only,astral_pub,0.0,5.0,only,1,3,7.949,704,0.1724137931034483,0.0,0.06896551724137931,0.0,0.06896551724137931,0.0,
n25,g_500,31,z3or,astral_pub,0.5,3.0,or,1,3,7.834,800,0.1724137931034483,0.0,0.06896551724137931,0.0,0.06896551724137931,0.0,
n25,g_500,31,tqmc,tqmc,0.5,0,,1,3,7.996,662,0.1724137931034483,0.0,0.034482758620689655,0.0,0.034482758620689655,0.0,7650629
n25,g_500,31,wastral,wastral,0.5,0,,1,3,8.037,679,0.20689655172413793,0.041666666666666664,0.10344827586206896,0.037037037037037035,0.10344827586206896,0.037037037037037035,7635923
n25,g_500,31,true_major,true_major,0.5,0,,1,3,8.138,662,0.1724137931034483,0.0,0.034482758620689655,0.0,0.034482758620689655,0.0,7650629
n25,g_500,31,swap,swap,0.5,0,,1,3,7.69,809,0.1724137931034483,0.0,0.034482758620689655,0.0,0.034482758620689655,0.0,7650629
n25,g_500,32,default,astral_pub,0.5,0,,1,3,8.099,209,0.11538461538461539,0.041666666666666664,0.038461538461538464,0.13793103448275862,0.038461538461538464,0.13793103448275862,8219379
n25,g_500,32,t0,astral_pub,0.0,0,,1,7,9.668,14670,0.11538461538461539,0.041666666666666664,0.11538461538461539,0.25806451612903225,0.11538461538461539,0.25806451612903225,
n25,g_500,32,t0.2,astral_pub,0.2,0,,1,3,7.749,268,0.11538461538461539,0.041666666666666664,0.038461538461538464,0.13793103448275862,0.038461538461538464,0.13793103448275862,
n25,g_500,32,t0.3,astral_pub,0.3,0,,1,3,8.104,213,0.11538461538461539,0.041666666666666664,0.038461538461538464,0.13793103448275862,0.038461538461538464,0.13793103448275862,
n25,g_500,32,t0.7,astral_pub,0.7,0,,1,3,7.893,209,0.11538461538461539,0.041666666666666664,0.038461538461538464,0.13793103448275862,0.038461538461538464,0.13793103448275862,
n25,g_500,32,t0.8,astral_pub,0.8,0,,1,3,8.091,209,0.11538461538461539,0.041666666666666664,0.038461538461538464,0.13793103448275862,0.038461538461538464,0.13793103448275862,
n25,g_500,32,z2and,astral_pub,0.5,2.0,and,1,3,8.097,209,0.11538461538461539,0.041666666666666664,0.038461538461538464,0.13793103448275862,0.038461538461538464,0.13793103448275862,
n25,g_500,32,z3and,astral_pub,0.5,3.0,and,1,3,8.062,209,0.11538461538461539,0.041666666666666664,0.038461538461538464,0.13793103448275862,0.038461538461538464,0.13793103448275862,
n25,g_500,32,z3only,astral_pub,0.0,3.0,only,1,3,8.106,267,0.11538461538461539,0.041666666666666664,0.038461538461538464,0.13793103448275862,0.038461538461538464,0.13793103448275862,
n25,g_500,32,z5only,astral_pub,0.0,5.0,only,1,3,8.032,259,0.11538461538461539,0.041666666666666664,0.038461538461538464,0.13793103448275862,0.038461538461538464,0.13793103448275862,
n25,g_500,32,z3or,astral_pub,0.5,3.0,or,1,3,7.995,267,0.11538461538461539,0.041666666666666664,0.038461538461538464,0.13793103448275862,0.038461538461538464,0.13793103448275862,
n25,g_500,32,tqmc,tqmc,0.5,0,,1,3,7.646,209,0.11538461538461539,0.041666666666666664,0.038461538461538464,0.13793103448275862,0.038461538461538464,0.13793103448275862,8219379
n25,g_500,32,wastral,wastral,0.5,0,,1,3,8.615,209,0.11538461538461539,0.041666666666666664,0.038461538461538464,0.13793103448275862,0.038461538461538464,0.13793103448275862,8219379
n25,g_500,32,true_major,true_major,0.5,0,,1,3,8.139,209,0.07692307692307693,0.0,0.038461538461538464,0.07407407407407407,0.038461538461538464,0.07407407407407407,8214301
n25,g_500,32,swap,swap,0.5,0,,1,2,8.107,1300,0.19230769230769232,0.125,0.038461538461538464,0.16666666666666666,0.038461538461538464,0.16666666666666666,8220119
n25,g_500,33,default,astral_pub,0.5,0,,1,1,7.517,855,0.22580645161290322,0.0,0.06451612903225806,0.0,0.06451612903225806,0.0,9842836
n25,g_500,33,t0,astral_pub,0.0,0,,1,7,9.103,14623,0.22580645161290322,0.0,0.1935483870967742,0.10714285714285714,0.1935483870967742,0.10714285714285714,
n25,g_500,33,t0.2,astral_pub,0.2,0,,1,2,7.88,1367,0.22580645161290322,0.0,0.03225806451612903,0.0,0.03225806451612903,0.0,
n25,g_500,33,t0.3,astral_pub,0.3,0,,1,1,7.934,1178,0.22580645161290322,0.0,0.03225806451612903,0.0,0.03225806451612903,0.0,
n25,g_500,33,t0.7,astral_pub,0.7,0,,1,1,8.079,654,0.22580645161290322,0.0,0.0967741935483871,0.0,0.0967741935483871,0.0,
n25,g_500,33,t0.8,astral_pub,0.8,0,,1,1,7.893,604,0.22580645161290322,0.0,0.0967741935483871,0.0,0.0967741935483871,0.0,
n25,g_500,33,z2and,astral_pub,0.5,2.0,and,1,1,7.603,854,0.22580645161290322,0.0,0.06451612903225806,0.0,0.06451612903225806,0.0,
n25,g_500,33,z3and,astral_pub,0.5,3.0,and,1,1,7.815,852,0.22580645161290322,0.0,0.06451612903225806,0.0,0.06451612903225806,0.0,
n25,g_500,33,z3only,astral_pub,0.0,3.0,only,1,1,7.911,1248,0.22580645161290322,0.0,0.03225806451612903,0.0,0.03225806451612903,0.0,
n25,g_500,33,z5only,astral_pub,0.0,5.0,only,1,1,7.864,1200,0.22580645161290322,0.0,0.03225806451612903,0.0,0.03225806451612903,0.0,
n25,g_500,33,z3or,astral_pub,0.5,3.0,or,1,1,7.936,1251,0.22580645161290322,0.0,0.03225806451612903,0.0,0.03225806451612903,0.0,
n25,g_500,33,tqmc,tqmc,0.5,0,,1,1,8.173,855,0.22580645161290322,0.0,0.06451612903225806,0.0,0.06451612903225806,0.0,9842836
n25,g_500,33,wastral,wastral,0.5,0,,1,2,8.214,1647,0.25806451612903225,0.041666666666666664,0.25806451612903225,0.11538461538461539,0.25806451612903225,0.11538461538461539,9604661
n25,g_500,33,true_major,true_major,0.5,0,,1,1,8.091,878,0.22580645161290322,0.0,0.03225806451612903,0.0,0.03225806451612903,0.0,9842836
n25,g_500,33,swap,swap,0.5,0,,1,1,7.825,786,0.22580645161290322,0.0,0.06451612903225806,0.0,0.06451612903225806,0.0,9842836
n25,g_500,34,default,astral_pub,0.5,0,,1,1,7.539,350,0.08,0.041666666666666664,0.08,0.11538461538461539,0.08,0.11538461538461539,9966877
n25,g_500,34,t0,astral_pub,0.0,0,,1,7,9.227,14584,0.08,0.041666666666666664,0.08,0.20689655172413793,0.08,0.20689655172413793,
n25,g_500,34,t0.2,astral_pub,0.2,0,,1,3,7.975,584,0.08,0.041666666666666664,0.08,0.23333333333333334,0.08,0.23333333333333334,
n25,g_500,34,t0.3,astral_pub,0.3,0,,1,1,7.947,393,0.08,0.041666666666666664,0.08,0.20689655172413793,0.08,0.20689655172413793,
n25,g_500,34,t0.7,astral_pub,0.7,0,,1,1,7.879,348,0.08,0.041666666666666664,0.08,0.11538461538461539,0.08,0.11538461538461539,
n25,g_500,34,t0.8,astral_pub,0.8,0,,1,1,7.844,348,0.08,0.041666666666666664,0.08,0.11538461538461539,0.08,0.11538461538461539,
n25,g_500,34,z2and,astral_pub,0.5,2.0,and,1,1,7.811,350,0.08,0.041666666666666664,0.08,0.11538461538461539,0.08,0.11538461538461539,
n25,g_500,34,z3and,astral_pub,0.5,3.0,and,1,1,7.748,348,0.08,0.041666666666666664,0.08,0.11538461538461539,0.08,0.11538461538461539,
n25,g_500,34,z3only,astral_pub,0.0,3.0,only,1,3,7.889,991,0.08,0.041666666666666664,0.08,0.20689655172413793,0.08,0.20689655172413793,
n25,g_500,34,z5only,astral_pub,0.0,5.0,only,1,1,7.799,358,0.08,0.041666666666666664,0.08,0.11538461538461539,0.08,0.11538461538461539,
n25,g_500,34,z3or,astral_pub,0.5,3.0,or,1,3,7.678,993,0.08,0.041666666666666664,0.08,0.20689655172413793,0.08,0.20689655172413793,
n25,g_500,34,tqmc,tqmc,0.5,0,,1,1,7.681,350,0.08,0.041666666666666664,0.08,0.11538461538461539,0.08,0.11538461538461539,9966877
n25,g_500,34,wastral,wastral,0.5,0,,1,1,7.959,350,0.08,0.041666666666666664,0.08,0.11538461538461539,0.08,0.11538461538461539,9966877
n25,g_500,34,true_major,true_major,0.5,0,,1,1,7.883,921,0.04,0.0,0.04,0.07692307692307693,0.04,0.07692307692307693,9891107
n25,g_500,34,swap,swap,0.5,0,,1,1,7.848,1014,0.12,0.08333333333333333,0.08,0.11538461538461539,0.08,0.11538461538461539,9966877
n25,g_500,35,default,astral_pub,0.5,0,,1,3,7.778,537,0.17857142857142858,0.041666666666666664,0.03571428571428571,0.03571428571428571,0.03571428571428571,0.03571428571428571,10228669
n25,g_500,35,t0,astral_pub,0.0,0,,1,5,9.554,14513,0.17857142857142858,0.041666666666666664,0.17857142857142858,0.25806451612903225,0.17857142857142858,0.25806451612903225,
n25,g_500,35,t0.2,astral_pub,0.2,0,,1,4,7.97,1064,0.17857142857142858,0.041666666666666664,0.03571428571428571,0.03571428571428571,0.03571428571428571,0.03571428571428571,
n25,g_500,35,t0.3,astral_pub,0.3,0,,1,3,7.649,848,0.17857142857142858,0.041666666666666664,0.03571428571428571,0.03571428571428571,0.03571428571428571,0.03571428571428571,
n25,g_500,35,t0.7,astral_pub,0.7,0,,1,3,8.14,213,0.17857142857142858,0.041666666666666664,0.03571428571428571,0.03571428571428571,0.03571428571428571,0.03571428571428571,
n25,g_500,35,t0.8,astral_pub,0.8,0,,1,3,7.878,180,0.17857142857142858,0.041666666666666664,0.03571428571428571,0.03571428571428571,0.03571428571428571,0.03571428571428571,
n25,g_500,35,z2and,astral_pub,0.5,2.0,and,1,3,7.926,517,0.17857142857142858,0.041666666666666664,0.03571428571428571,0.03571428571428571,0.03571428571428571,0.03571428571428571,
n25,g_500,35,z3and,astral_pub,0.5,3.0,and,1,3,7.924,513,0.17857142857142858,0.041666666666666664,0.03571428571428571,0.03571428571428571,0.03571428571428571,0.03571428571428571,
n25,g_500,35,z3only,astral_pub,0.0,3.0,only,1,3,7.857,787,0.17857142857142858,0.041666666666666664,0.03571428571428571,0.03571428571428571,0.03571428571428571,0.03571428571428571,
n25,g_500,35,z5only,astral_pub,0.0,5.0,only,1,3,7.484,771,0.17857142857142858,0.041666666666666664,0.03571428571428571,0.03571428571428571,0.03571428571428571,0.03571428571428571,
n25,g_500,35,z3or,astral_pub,0.5,3.0,or,1,3,8.454,811,0.17857142857142858,0.041666666666666664,0.03571428571428571,0.03571428571428571,0.03571428571428571,0.03571428571428571,
n25,g_500,35,tqmc,tqmc,0.5,0,,1,4,8.214,673,0.21428571428571427,0.08333333333333333,0.14285714285714285,0.07692307692307693,0.14285714285714285,0.07692307692307693,10182581
n25,g_500,35,wastral,wastral,0.5,0,,1,4,7.417,673,0.21428571428571427,0.08333333333333333,0.14285714285714285,0.07692307692307693,0.14285714285714285,0.07692307692307693,10182581
n25,g_500,35,true_major,true_major,0.5,0,,1,4,8.289,560,0.14285714285714285,0.0,0.0,0.0,0.0,0.0,10220790
n25,g_500,35,swap,swap,0.5,0,,1,3,7.547,706,0.17857142857142858,0.041666666666666664,0.03571428571428571,0.03571428571428571,0.03571428571428571,0.03571428571428571,10228669
n25,g_500,36,default,astral_pub,0.5,0,,1,2,7.764,390,0.15384615384615385,0.08333333333333333,0.15384615384615385,0.15384615384615385,0.15384615384615385,0.15384615384615385,8596395
n25,g_500,36,t0,astral_pub,0.0,0,,1,7,9.464,14724,0.15384615384615385,0.08333333333333333,0.15384615384615385,0.26666666666666666,0.15384615384615385,0.26666666666666666,
n25,g_500,36,t0.2,astral_pub,0.2,0,,1,4,7.462,439,0.15384615384615385,0.08333333333333333,0.15384615384615385,0.26666666666666666,0.15384615384615385,0.26666666666666666,
n25,g_500,36,t0.3,astral_pub,0.3,0,,1,3,7.674,402,0.15384615384615385,0.08333333333333333,0.15384615384615385,0.26666666666666666,0.15384615384615385,0.26666666666666666,
n25,g_500,36,t0.7,astral_pub,0.7,0,,1,2,7.987,389,0.15384615384615385,0.08333333333333333,0.15384615384615385,0.15384615384615385,0.15384615384615385,0.15384615384615385,
n25,g_500,36,t0.8,astral_pub,0.8,0,,1,2,7.59,389,0.15384615384615385,0.08333333333333333,0.15384615384615385,0.15384615384615385,0.15384615384615385,0.15384615384615385,
n25,g_500,36,z2and,astral_pub,0.5,2.0,and,1,2,7.537,389,0.15384615384615385,0.08333333333333333,0.15384615384615385,0.15384615384615385,0.15384615384615385,0.15384615384615385,
n25,g_500,36,z3and,astral_pub,0.5,3.0,and,1,2,7.775,389,0.15384615384615385,0.08333333333333333,0.15384615384615385,0.15384615384615385,0.15384615384615385,0.15384615384615385,
n25,g_500,36,z3only,astral_pub,0.0,3.0,only,1,4,7.718,416,0.15384615384615385,0.08333333333333333,0.15384615384615385,0.15384615384615385,0.15384615384615385,0.15384615384615385,
n25,g_500,36,z5only,astral_pub,0.0,5.0,only,1,2,7.853,389,0.15384615384615385,0.08333333333333333,0.15384615384615385,0.15384615384615385,0.15384615384615385,0.15384615384615385,
n25,g_500,36,z3or,astral_pub,0.5,3.0,or,1,4,7.551,417,0.15384615384615385,0.08333333333333333,0.15384615384615385,0.15384615384615385,0.15384615384615385,0.15384615384615385,
n25,g_500,36,tqmc,tqmc,0.5,0,,1,2,8.056,390,0.15384615384615385,0.08333333333333333,0.15384615384615385,0.15384615384615385,0.15384615384615385,0.15384615384615385,8596395
n25,g_500,36,wastral,wastral,0.5,0,,1,2,7.765,388,0.11538461538461539,0.041666666666666664,0.11538461538461539,0.11538461538461539,0.11538461538461539,0.11538461538461539,8597079
n25,g_500,36,true_major,true_major,0.5,0,,1,3,7.759,411,0.07692307692307693,0.0,0.07692307692307693,0.07692307692307693,0.07692307692307693,0.07692307692307693,8588855
n25,g_500,36,swap,swap,0.5,0,,1,2,7.727,808,0.19230769230769232,0.125,0.15384615384615385,0.15384615384615385,0.15384615384615385,0.15384615384615385,8596395
n25,g_500,37,default,astral_pub,0.5,0,,1,3,7.642,269,0.21428571428571427,0.08333333333333333,0.21428571428571427,0.18518518518518517,0.21428571428571427,0.18518518518518517,9197133
n25,g_500,37,t0,astral_pub,0.0,0,,1,6,9.342,14650,0.21428571428571427,0.08333333333333333,0.21428571428571427,0.2413793103448276,0.21428571428571427,0.2413793103448276,
n25,g_500,37,t0.2,astral_pub,0.2,0,,1,4,7.479,668,0.21428571428571427,0.08333333333333333,0.10714285714285714,0.07407407407407407,0.10714285714285714,0.07407407407407407,
n25,g_500,37,t0.3,astral_pub,0.3,0,,1,3,7.718,507,0.21428571428571427,0.08333333333333333,0.21428571428571427,0.18518518518518517,0.21428571428571427,0.18518518518518517,
n25,g_500,37,t0.7,astral_pub,0.7,0,,1,2,7.68,262,0.21428571428571427,0.08333333333333333,0.21428571428571427,0.18518518518518517,0.21428571428571427,0.18518518518518517,
n25,g_500,37,t0.8,astral_pub,0.8,0,,1,2,7.53,262,0.21428571428571427,0.08333333333333333,0.21428571428571427,0.18518518518518517,0.21428571428571427,0.18518518518518517,
n25,g_500,37,z2and,astral_pub,0.5,2.0,and,1,3,7.582,269,0.21428571428571427,0.08333333333333333,0.21428571428571427,0.18518518518518517,0.21428571428571427,0.18518518518518517,
n25,g_500,37,z3and,astral_pub,0.5,3.0,and,1,3,7.633,269,0.21428571428571427,0.08333333333333333,0.21428571428571427,0.18518518518518517,0.21428571428571427,0.18518518518518517,
n25,g_500,37,z3only,astral_pub,0.0,3.0,only,1,4,7.312,669,0.21428571428571427,0.08333333333333333,0.10714285714285714,0.07407407407407407,0.10714285714285714,0.07407407407407407,
n25,g_500,37,z5only,astral_pub,0.0,5.0,only,1,3,7.86,541,0.21428571428571427,0.08333333333333333,0.21428571428571427,0.18518518518518517,0.21428571428571427,0.18518518518518517,
n25,g_500,37,z3or,astral_pub,0.5,3.0,or,1,4,7.614,669,0.21428571428571427,0.08333333333333333,0.10714285714285714,0.07407407407407407,0.10714285714285714,0.07407407407407407,
n25,g_500,37,tqmc,tqmc,0.5,0,,1,3,7.598,269,0.21428571428571427,0.08333333333333333,0.21428571428571427,0.18518518518518517,0.21428571428571427,0.18518518518518517,9197133
n25,g_500,37,wastral,wastral,0.5,0,,1,3,7.607,269,0.21428571428571427,0.08333333333333333,0.21428571428571427,0.18518518518518517,0.21428571428571427,0.18518518518518517,9197133
n25,g_500,37,true_major,true_major,0.5,0,,1,5,7.587,562,0.14285714285714285,0.0,0.14285714285714285,0.1724137931034483,0.14285714285714285,0.1724137931034483,9136025
n25,g_500,37,swap,swap,0.5,0,,1,3,7.467,2587,0.2857142857142857,0.16666666666666666,0.21428571428571427,0.2903225806451613,0.21428571428571427,0.2903225806451613,9200261
n25,g_500,38,default,astral_pub,0.5,0,,1,4,7.812,872,0.2903225806451613,0.08333333333333333,0.1935483870967742,0.07407407407407407,0.1935483870967742,0.07407407407407407,9877577
n25,g_500,38,t0,astral_pub,0.0,0,,1,6,9.156,14637,0.2903225806451613,0.08333333333333333,0.2903225806451613,0.21428571428571427,0.2903225806451613,0.21428571428571427,
n25,g_500,38,t0.2,astral_pub,0.2,0,,1,5,7.497,1420,0.2903225806451613,0.08333333333333333,0.1935483870967742,0.07407407407407407,0.1935483870967742,0.07407407407407407,
n25,g_500,38,t0.3,astral_pub,0.3,0,,1,4,7.676,1282,0.2903225806451613,0.08333333333333333,0.1935483870967742,0.07407407407407407,0.1935483870967742,0.07407407407407407,
n25,g_500,38,t0.7,astral_pub,0.7,0,,1,4,7.613,567,0.2903225806451613,0.08333333333333333,0.1935483870967742,0.07407407407407407,0.1935483870967742,0.07407407407407407,
n25,g_500,38,t0.8,astral_pub,0.8,0,,1,4,7.419,461,0.2903225806451613,0.08333333333333333,0.1935483870967742,0.07407407407407407,0.1935483870967742,0.07407407407407407,
n25,g_500,38,z2and,astral_pub,0.5,2.0,and,1,4,7.579,871,0.2903225806451613,0.08333333333333333,0.1935483870967742,0.07407407407407407,0.1935483870967742,0.07407407407407407,
n25,g_500,38,z3and,astral_pub,0.5,3.0,and,1,4,8.023,869,0.2903225806451613,0.08333333333333333,0.1935483870967742,0.07407407407407407,0.1935483870967742,0.07407407407407407,
n25,g_500,38,z3only,astral_pub,0.0,3.0,only,1,5,7.762,1318,0.2903225806451613,0.08333333333333333,0.16129032258064516,0.07142857142857142,0.16129032258064516,0.07142857142857142,
n25,g_500,38,z5only,astral_pub,0.0,5.0,only,1,4,7.94,1270,0.2903225806451613,0.08333333333333333,0.1935483870967742,0.07407407407407407,0.1935483870967742,0.07407407407407407,
n25,g_500,38,z3or,astral_pub,0.5,3.0,or,1,5,7.676,1321,0.2903225806451613,0.08333333333333333,0.16129032258064516,0.07142857142857142,0.16129032258064516,0.07142857142857142,
n25,g_500,38,tqmc,tqmc,0.5,0,,1,4,7.959,903,0.2903225806451613,0.08333333333333333,0.16129032258064516,0.07142857142857142,0.16129032258064516,0.07142857142857142,9901844
n25,g_500,38,wastral,wastral,0.5,0,,1,4,7.647,872,0.2903225806451613,0.08333333333333333,0.1935483870967742,0.07407407407407407,0.1935483870967742,0.07407407407407407,9877577
n25,g_500,38,true_major,true_major,0.5,0,,1,3,7.534,1065,0.22580645161290322,0.0,0.0,0.0,0.0,0.0,9963674
n25,g_500,38,swap,swap,0.5,0,,1,3,7.85,998,0.2903225806451613,0.08333333333333333,0.0967741935483871,0.06666666666666667,0.0967741935483871,0.06666666666666667,9972220
n25,g_500,39,default,astral_pub,0.5,0,,1,2,7.62,302,0.15384615384615385,0.08333333333333333,0.11538461538461539,0.08,0.11538461538461539,0.08,9755558
n25,g_500,39,t0,astral_pub,0.0,0,,1,5,8.952,14668,0.15384615384615385,0.08333333333333333,0.15384615384615385,0.2413793103448276,0.15384615384615385,0.2413793103448276,
n25,g_500,39,t0.2,astral_pub,0.2,0,,1,3,7.96,394,0.15384615384615385,0.08333333333333333,0.11538461538461539,0.23333333333333334,0.11538461538461539,0.23333333333333334,
n25,g_500,39,t0.3,astral_pub,0.3,0,,1,2,7.5,317,0.15384615384615385,0.08333333333333333,0.11538461538461539,0.23333333333333334,0.11538461538461539,0.23333333333333334,
n25,g_500,39,t0.7,astral_pub,0.7,0,,1,2,7.425,302,0.15384615384615385,0.08333333333333333,0.11538461538461539,0.08,0.11538461538461539,0.08,
n25,g_500,39,t0.8,astral_pub,0.8,0,,1,2,7.93,302,0.15384615384615385,0.08333333333333333,0.11538461538461539,0.08,0.11538461538461539,0.08,
n25,g_500,39,z2and,astral_pub,0.5,2.0,and,1,2,7.735,302,0.15384615384615385,0.08333333333333333,0.11538461538461539,0.08,0.11538461538461539,0.08,
n25,g_500,39,z3and,astral_pub,0.5,3.0,and,1,2,8.019,302,0.15384615384615385,0.08333333333333333,0.11538461538461539,0.08,0.11538461538461539,0.08,
n25,g_500,39,z3only,astral_pub,0.0,3.0,only,1,3,7.589,427,0.15384615384615385,0.08333333333333333,0.11538461538461539,0.14814814814814814,0.11538461538461539,0.14814814814814814,
n25,g_500,39,z5only,astral_pub,0.0,5.0,only,1,2,7.548,302,0.15384615384615385,0.08333333333333333,0.11538461538461539,0.08,0.11538461538461539,0.08,
n25,g_500,39,z3or,astral_pub,0.5,3.0,or,1,3,8.674,427,0.15384615384615385,0.08333333333333333,0.11538461538461539,0.14814814814814814,0.11538461538461539,0.14814814814814814,
n25,g_500,39,tqmc,tqmc,0.5,0,,1,2,7.562,302,0.15384615384615385,0.08333333333333333,0.11538461538461539,0.08,0.11538461538461539,0.08,9755558
n25,g_500,39,wastral,wastral,0.5,0,,1,2,7.728,302,0.15384615384615385,0.08333333333333333,0.11538461538461539,0.08,0.11538461538461539,0.08,9755558
n25,g_500,39,true_major,true_major,0.5,0,,1,2,8.218,1090,0.07692307692307693,0.0,0.038461538461538464,0.10714285714285714,0.038461538461538464,0.10714285714285714,9741950
n25,g_500,39,swap,swap,0.5,0,,1,2,8.038,333,0.11538461538461539,0.041666666666666664,0.11538461538461539,0.08,0.11538461538461539,0.08,9755558
