ds,group,it,phase,delta,sd,sig,t_frac
emp16S_16S3_0_n100,emp-DNA,3,init(<=20),12.407220000000052,18.813349915832468,False,0.19671023272462904
emp16S_16S3_0_n100,emp-DNA,12,init(<=20),0.6714000000002063,9.72273418235654,False,0.24011123730387207
emp16S_16S3_0_n100,emp-DNA,37,21-100,1.1668099999996864,14.71114688906643,False,0.37727453259300714
emp16S_16S3_0_n100,emp-DNA,38,21-100,1.0330400000002324,13.26166385844431,False,0.38463573119856925
emp16S_16S3_0_n100,emp-DNA,50,21-100,3.959099999999971,22.616959312210813,False,0.45709588139490887
emp16S_16S3_1_n150,emp-DNA,3,init(<=20),76.38412999999997,40.33892901035552,True,0.13447478215740583
emp16S_16S3_1_n150,emp-DNA,8,init(<=20),5.843119999999757,21.225265156490895,False,0.15689615714022062
emp16S_16S3_1_n150,emp-DNA,23,21-100,2.0773400000002145,17.557639376291142,False,0.2086682355431326
emp16S_16S3_1_n150,emp-DNA,38,21-100,2.755239999999919,16.240568887836275,False,0.2586354345126007
emp16S_16S3_1_n150,emp-DNA,52,21-100,0.9204000000001131,15.354714096015645,False,0.30757406644551516
emp16S_16S3_1_n150,emp-DNA,68,21-100,0.2862299999999838,10.01985821851678,False,0.36273391851978304
emp16S_16S3_1_n150,emp-DNA,148,>100,0.8844999999999672,13.009665433351541,False,0.6352432986087924
emp16S_16S3_1_n150,emp-DNA,154,>100,0.6213100000003031,10.858509133043507,False,0.656070899440596
emp16S_16S3_2_n200,emp-DNA,2,init(<=20),40.113870000000176,53.832601118693326,False,0.16571775121996055
emp16S_16S3_2_n200,emp-DNA,3,init(<=20),47.05132000000013,41.536372528256535,False,0.1728687834167197
emp16S_16S3_2_n200,emp-DNA,4,init(<=20),22.539279999999934,39.78139784697071,False,0.1805968564993109
emp16S_16S3_2_n200,emp-DNA,9,init(<=20),30.18829000000011,42.95390880599738,False,0.2044172382594263
emp16S_16S3_2_n200,emp-DNA,28,21-100,-0.04657000000005951,31.08250848332018,False,0.2790539789283751
emp16S_16S3_2_n200,emp-DNA,31,21-100,6.262770000000058,35.0276585644465,False,0.2927845791411338
emp16S_16S3_2_n200,emp-DNA,35,21-100,4.97469999999966,27.156349293706622,False,0.3118625505473423
emp16S_16S3_2_n200,emp-DNA,36,21-100,21.616230000000087,17.849328104048933,False,0.31782438721172906
emp16S_16S3_2_n200,emp-DNA,48,21-100,0.3372200000000918,20.00050512320244,False,0.36992519228240006
emp16S_16S3_2_n200,emp-DNA,63,21-100,7.5712600000002785,27.882732283729837,False,0.4306047404888947
emp16S_16S3_2_n200,emp-DNA,102,>100,0.9636599999998738,12.933418876736901,False,0.5915592253332519
emp16S_16S3_3_n300,emp-DNA,2,init(<=20),111.22148999999996,60.058243750815514,True,0.06801742650096503
emp16S_16S3_3_n300,emp-DNA,3,init(<=20),5.407470000000309,59.08648712244777,False,0.07055718886227808
emp16S_16S3_3_n300,emp-DNA,5,init(<=20),2.645939999999605,41.40143993033876,False,0.07397647871871192
emp16S_16S3_3_n300,emp-DNA,8,init(<=20),4.813120000000037,49.43394578778825,False,0.07963736744776381
emp16S_16S3_3_n300,emp-DNA,23,21-100,9.120610000000013,46.92994557350183,False,0.10675510707291756
emp16S_16S3_3_n300,emp-DNA,24,21-100,30.0656800000002,42.258171576032964,False,0.10876996292270016
emp16S_16S3_3_n300,emp-DNA,28,21-100,7.232109999999693,38.7387608007691,False,0.11575437908767727
emp16S_16S3_3_n300,emp-DNA,29,21-100,14.777630000000443,21.154763356509882,False,0.1176699915598608
emp16S_16S3_3_n300,emp-DNA,33,21-100,2.558239999999792,43.79661761177245,False,0.12540980453363548
emp16S_16S3_3_n300,emp-DNA,37,21-100,9.61697999999981,28.47388727428984,False,0.1331970149378434
emp16S_16S3_3_n300,emp-DNA,40,21-100,9.842110000000428,15.686619904026216,False,0.13891779909535626
emp16S_16S3_3_n300,emp-DNA,46,21-100,1.903769999999957,38.148268925382,False,0.14880512498703366
emp16S_16S3_3_n300,emp-DNA,126,>100,0.9119399999998599,11.883621665231866,False,0.27785620419398305
emp16S_16S3_3_n300,emp-DNA,141,>100,0.6456899999997905,17.23012336763558,False,0.30178173210480985
emp16S_16S3_3_n300,emp-DNA,200,>100,1.0154100000002557,10.565980377119624,False,0.39630432841957697
emp16S_16S3_3_n300,emp-DNA,279,>100,3.8503199999999094,15.972936799696399,False,0.5209830908155444
emp16S_16S3_3_n300,emp-DNA,326,>100,1.8977500000004568,14.090969338142456,False,0.5974604820966997
emp16S_16S3_3_n300,emp-DNA,346,>100,1.4531199999997,21.911833907936387,False,0.6305054825468415
emp16S_16S3_3_n300,emp-DNA,418,>100,0.0073499999999342425,1.9571053086378996,False,0.7449931250709763
emp16S_16S3_3_n300,emp-DNA,475,>100,-0.030560000000318777,6.891037957681153,False,0.838138352614724
emp16S_16SBALL_0_n100,emp-DNA,3,init(<=20),15.261099999999896,14.16486942205309,False,0.13316437431178388
emp16S_16SBALL_0_n100,emp-DNA,11,init(<=20),0.7736500000000639,6.750278609270073,False,0.1631794813846164
emp16S_16SBALL_0_n100,emp-DNA,14,init(<=20),0.00015000000001874625,0.0022596397983147137,False,0.1748879575696054
emp16S_16SBALL_0_n100,emp-DNA,21,21-100,2.152400000000094,7.9807167486016555,False,0.2031446705388118
emp16S_16SBALL_0_n100,emp-DNA,32,21-100,1.5864699999998546,23.457399691073725,False,0.2502778225815852
emp16S_16SBALL_0_n100,emp-DNA,88,21-100,0.38770000000004146,13.650330022631719,False,0.508641381451483
emp16S_16SBALL_0_n100,emp-DNA,91,21-100,0.07736000000003074,19.034241330438334,False,0.5193667186663434
emp16S_16SBALL_0_n100,emp-DNA,100,21-100,0.6183099999999548,16.556603977385862,False,0.5576426074623784
emp16S_16SBALL_1_n150,emp-DNA,2,init(<=20),16.015830000000086,41.976249727360305,False,0.06240098002912355
emp16S_16SBALL_1_n150,emp-DNA,3,init(<=20),-0.007030000000104453,0.02492823087324146,False,0.06469791999481242
emp16S_16SBALL_1_n150,emp-DNA,22,21-100,3.5234800000001414,25.565539989409576,False,0.1058729356405336
emp16S_16SBALL_1_n150,emp-DNA,23,21-100,3.45087999999987,19.840684139076235,False,0.10876380070173783
emp16S_16SBALL_1_n150,emp-DNA,25,21-100,2.4418200000000283,17.326289285934806,False,0.11324484237153043
emp16S_16SBALL_1_n150,emp-DNA,27,21-100,1.8485499999999393,8.915553291252284,False,0.11790744342273657
emp16S_16SBALL_1_n150,emp-DNA,31,21-100,1.716819999999957,8.83736575193681,False,0.12712324468438474
emp16S_16SBALL_1_n150,emp-DNA,37,21-100,0.6688800000001267,17.02983895306813,False,0.1422610064599837
emp16S_16SBALL_1_n150,emp-DNA,45,21-100,2.058880000000056,6.812198708808406,False,0.16039136184547462
emp16S_16SBALL_1_n150,emp-DNA,54,21-100,3.251819999999893,17.0408472182691,False,0.18107231077675084
emp16S_16SBALL_1_n150,emp-DNA,84,21-100,0.004840000000028821,0.023608861992945842,False,0.24650011044247772
emp16S_16SBALL_1_n150,emp-DNA,87,21-100,1.7071000000000716,23.404270956196743,False,0.25448833132360577
emp16S_16SBALL_1_n150,emp-DNA,114,>100,0.5757700000000288,8.506186306070383,False,0.3113331758637155
emp16S_16SBALL_1_n150,emp-DNA,117,>100,0.0008899999999048003,0.005264730199226233,False,0.31702176611509736
emp16S_16SBALL_1_n150,emp-DNA,149,>100,0.819969999999941,19.875107103023765,False,0.38808913135317963
emp16S_16SBALL_1_n150,emp-DNA,210,>100,0.0034800000000347886,0.0021741017370050424,False,0.5230314087426727
emp16S_16SBALL_1_n150,emp-DNA,230,>100,0.0006300000000039052,0.002888475843601953,False,0.5710593878120284
emp16S_16SBALL_1_n150,emp-DNA,310,>100,0.0010200000000084586,0.0006345450777961186,False,0.7650815468861933
emp16S_16SBALL_2_n200,emp-DNA,3,init(<=20),26.447279999999758,52.30221984155164,False,0.16383413973541294
emp16S_16SBALL_2_n200,emp-DNA,4,init(<=20),21.760820000000187,26.087302491730185,False,0.1704913484645652
emp16S_16SBALL_2_n200,emp-DNA,12,init(<=20),3.8586499999999617,26.716581732707176,False,0.22696227121809798
emp16S_16SBALL_2_n200,emp-DNA,22,21-100,8.19869999999994,21.3643168782606,False,0.2898843009221245
emp16S_16SBALL_2_n200,emp-DNA,46,21-100,0.17449000000001869,17.66104319253022,False,0.38207514479986204
emp16S_16SBALL_2_n200,emp-DNA,63,21-100,0.5807699999999496,15.181743615338661,False,0.4530706011966357
emp16S_16SBALL_2_n200,emp-DNA,102,>100,0.07751000000007924,6.638969394579111,False,0.60537046899456
emp16S_16SBALL_3_n300,emp-DNA,2,init(<=20),55.84358000000053,46.83162447423848,False,0.13980778243595238
emp16S_16SBALL_3_n300,emp-DNA,3,init(<=20),25.88188999999947,42.50322228436128,False,0.14592050248307004
emp16S_16SBALL_3_n300,emp-DNA,22,21-100,11.80388999999997,33.95811208215027,False,0.24601548926251846
emp16S_16SBALL_3_n300,emp-DNA,29,21-100,3.8710300000001157,20.308057940609203,False,0.2799275508677161
emp16S_16SBALL_3_n300,emp-DNA,40,21-100,4.165650000000166,17.448852364200377,False,0.3324142965907125
emp16S_16SBALL_3_n300,emp-DNA,83,21-100,2.8772200000001362,19.152266421666745,False,0.528927257870323
emp16S_16ST_0_n100,emp-DNA,2,init(<=20),7.140069999999911,35.636432108416486,False,0.17971518374153814
emp16S_16ST_0_n100,emp-DNA,3,init(<=20),23.54430000000005,41.41739402086895,False,0.1867143848802739
emp16S_16ST_0_n100,emp-DNA,4,init(<=20),1.9688900000000036,19.84531449960797,False,0.19362364538877969
emp16S_16ST_0_n100,emp-DNA,23,21-100,19.67571000000001,30.274785722849145,False,0.28910569324933233
emp16S_16ST_0_n100,emp-DNA,38,21-100,1.0060400000000524,12.364906693944139,False,0.3684002679681518
emp16S_16ST_0_n100,emp-DNA,41,21-100,1.7369000000000039,19.545913922333103,False,0.38434880045711817
emp16S_16ST_0_n100,emp-DNA,43,21-100,2.7227999999998964,19.4664237704069,False,0.3976523450510257
emp16S_16ST_0_n100,emp-DNA,44,21-100,0.31302000000011887,26.256195743217866,False,0.4041684147525317
emp16S_16ST_0_n100,emp-DNA,53,21-100,1.8248599999998731,25.316452768457417,False,0.4544966498881904
emp16S_16ST_0_n100,emp-DNA,67,21-100,1.979619999999997,10.363729429513777,False,0.5193242939684078
emp16S_16ST_1_n150,emp-DNA,2,init(<=20),141.7930900000001,46.63764796790746,True,0.2061983322340522
emp16S_16ST_1_n150,emp-DNA,3,init(<=20),22.903179999999892,34.705323347792984,False,0.2154585000554457
emp16S_16ST_1_n150,emp-DNA,14,init(<=20),11.048609999999982,27.880836037263883,False,0.25967791070197344
emp16S_16ST_1_n150,emp-DNA,21,21-100,1.5692699999999284,9.754522158839837,False,0.2870657611881599
emp16S_16ST_1_n150,emp-DNA,24,21-100,1.704680000000181,20.76168599876561,False,0.3013394739714675
emp16S_16ST_1_n150,emp-DNA,31,21-100,2.5499699999999956,24.18724536890292,False,0.33349472629211807
emp16S_16ST_1_n150,emp-DNA,33,21-100,2.8838700000003623,19.935420023846156,False,0.34382753564527974
emp16S_16ST_1_n150,emp-DNA,44,21-100,1.1668099999995514,18.810765131759297,False,0.38811249959901917
emp16S_16ST_1_n150,emp-DNA,63,21-100,0.6904400000001711,18.50909825499,False,0.4655433036882321
emp16S_16ST_1_n150,emp-DNA,75,21-100,0.04910999999992427,15.15524451410003,False,0.5175516286644487
emp16S_16ST_1_n150,emp-DNA,90,21-100,0.7238600000001538,14.412798621486465,False,0.582667729088344
emp16S_16ST_1_n150,emp-DNA,94,21-100,0.7094299999997258,6.270606992458374,False,0.6001056973297805
emp16S_16ST_2_n200,emp-DNA,3,init(<=20),18.114329999999896,56.60950487041012,False,0.12719027936119504
emp16S_16ST_2_n200,emp-DNA,5,init(<=20),4.525489999999909,39.65510152994174,False,0.13502539422673063
emp16S_16ST_2_n200,emp-DNA,8,init(<=20),36.92767000000027,50.80314579580838,False,0.14555402485934915
emp16S_16ST_2_n200,emp-DNA,35,21-100,5.649579999999791,18.614041809415827,False,0.23325998950047927
emp16S_16ST_2_n200,emp-DNA,54,21-100,3.983120000000117,24.95097252279199,False,0.29737370546769726
emp16S_16ST_2_n200,emp-DNA,60,21-100,2.974129999999935,13.003982319909989,False,0.31722268523331376
emp16S_16ST_2_n200,emp-DNA,64,21-100,0.6545299999999368,7.370075311184732,False,0.3318753075186903
emp16S_16ST_2_n200,emp-DNA,97,21-100,2.4500500000000525,15.64028102514249,False,0.43626522729248135
emp16S_16ST_2_n200,emp-DNA,112,>100,9.753969999999882,21.934135594570275,False,0.48584106128733745
emp16S_16ST_2_n200,emp-DNA,148,>100,2.3893800000003793,16.943375592416487,False,0.6067859676028516
emp16S_16ST_2_n200,emp-DNA,171,>100,0.8435499999994431,14.711423136390126,False,0.6820687506149447
emp16S_16ST_3_n300,emp-DNA,5,init(<=20),39.588630000000315,58.45736229993124,False,0.16610213394551784
emp16S_16ST_3_n300,emp-DNA,14,init(<=20),16.983959999999946,41.91957706043281,False,0.19859885370167038
emp16S_16ST_3_n300,emp-DNA,17,init(<=20),20.130149999999993,42.17780359346394,False,0.2108912182006179
emp16S_16ST_3_n300,emp-DNA,21,21-100,44.09679999999989,29.208423381486657,False,0.22587349676548685
emp16S_16ST_3_n300,emp-DNA,29,21-100,1.6128999999999283,17.862791632036068,False,0.2539402985469223
emp16S_16ST_3_n300,emp-DNA,56,21-100,3.1152700000000593,35.670358618283615,False,0.344556792954378
emp16S_16ST_3_n300,emp-DNA,60,21-100,0.9373400000000984,39.29739764244378,False,0.35874305806262535
emp16S_16ST_3_n300,emp-DNA,65,21-100,0.6370500000002082,19.020493656513157,False,0.3766638103525213
emp16S_16ST_3_n300,emp-DNA,100,21-100,1.3591600000000463,10.14820900532764,False,0.49171446926961354
emp16S_16ST_3_n300,emp-DNA,106,>100,1.5716199999999194,18.38086182656291,False,0.5116795303746827
emp16S_16ST_3_n300,emp-DNA,109,>100,3.9082300000000725,19.59067815597153,False,0.5246281742112797
emp16S_16ST_3_n300,emp-DNA,151,>100,1.3089599999997699,8.764929193306171,False,0.6599936671215495
empAA_RV100_BBA0039_n150,emp-AA,3,init(<=20),15.511590000000105,29.842280414741904,False,0.021818633205702077
empAA_RV100_BBA0039_n150,emp-AA,4,init(<=20),10.785440000000037,23.76368370690573,False,0.02457035646329296
empAA_RV100_BBA0039_n150,emp-AA,56,21-100,0.02304999999976509,16.787140876963992,False,0.159190308325084
empAA_RV100_BBA0039_n150,emp-AA,61,21-100,0.08897999999986261,16.206711934582525,False,0.17215416147985352
empAA_RV100_BBA0039_n150,emp-AA,74,21-100,0.3011200000003331,9.937336293218276,False,0.20353433477004565
empAA_RV100_BBA0039_n150,emp-AA,92,21-100,2.0463499999998636,11.65893434623356,False,0.24865931987043285
empAA_RV100_BBA0039_n150,emp-AA,115,>100,3.677019999999981,11.333598712903243,False,0.3043769612464723
empAA_RV100_BBA0039_n150,emp-AA,118,>100,1.1329399999999277,7.370666907796095,False,0.3118010866123047
empAA_RV100_BBA0039_n150,emp-AA,148,>100,1.8799400000002633,11.149875036060404,False,0.38465818514199135
empAA_RV100_BBA0039_n150,emp-AA,159,>100,0.6361799999998601,9.051548200780156,False,0.4113294992912988
empAA_RV100_BBA0039_n150,emp-AA,212,>100,0.0008199999999933816,0.003053401637289938,False,0.5379971876377624
empAA_RV100_BBA0039_n150,emp-AA,230,>100,0.7594300000000742,9.797154420748235,False,0.581470524715944
empAA_RV100_BBA0039_n150,emp-AA,261,>100,0.04013999999994189,8.809448951423118,False,0.6574118196880387
empAA_RV100_BBA0039_n150,emp-AA,283,>100,0.0743299999999385,8.082075844957712,False,0.709014245142505
empAA_RV100_BBA0039_n150,emp-AA,287,>100,0.27591000000011245,4.820808951917909,False,0.7191248743712177
empAA_RV100_BBA0039_n150,emp-AA,299,>100,0.09922000000003584,2.176589731336022,False,0.7498365067102586
empAA_RV100_BBA0067_n150,emp-AA,3,init(<=20),18.166080000000903,41.00687491161886,False,0.031146689928018775
empAA_RV100_BBA0067_n150,emp-AA,6,init(<=20),25.078929999999776,42.726926395966835,False,0.04332241145941391
empAA_RV100_BBA0067_n150,emp-AA,9,init(<=20),13.057329999999837,38.762343442692426,False,0.054264884138938034
empAA_RV100_BBA0067_n150,emp-AA,23,21-100,8.437070000000645,12.640231822100198,False,0.10980299610348455
empAA_RV100_BBA0067_n150,emp-AA,25,21-100,1.4089599999995706,15.160804042823239,False,0.1162848592482696
empAA_RV100_BBA0067_n150,emp-AA,39,21-100,0.06281999999938748,14.67530023463977,False,0.1596915127213828
empAA_RV100_BBA0067_n150,emp-AA,43,21-100,0.7024400000002942,11.353331375887361,False,0.17189244737680678
empAA_RV100_BBA0067_n150,emp-AA,46,21-100,28.603630000000702,24.022483572409875,False,0.18048761957737167
empAA_RV100_BBA0067_n150,emp-AA,68,21-100,0.21615999999939373,5.362848898331896,False,0.23973976896396304
empAA_RV100_BBA0067_n150,emp-AA,69,21-100,0.6574800000002563,10.329618520490138,False,0.24306292772929594
empAA_RV100_BBA0067_n150,emp-AA,74,21-100,0.19115999999989164,10.49312726133485,False,0.25633527954717894
empAA_RV100_BBA0067_n150,emp-AA,75,21-100,0.3979699999994386,7.602681345161292,False,0.2591566257682403
empAA_RV100_BBA0067_n150,emp-AA,89,21-100,4.5957200000002345,16.79216196690724,False,0.2970462308074142
empAA_RV100_BBA0067_n150,emp-AA,100,21-100,7.2543300000007,13.544285169586484,False,0.32672710755363926
empAA_RV100_BBA0067_n150,emp-AA,104,>100,1.9581199999995973,8.762397030296345,False,0.337922093860711
empAA_RV100_BBA0067_n150,emp-AA,106,>100,1.0937899999999132,6.85649466194193,False,0.3429507441697804
empAA_RV100_BBA0067_n150,emp-AA,115,>100,0.8004300000001989,6.410303251536182,False,0.36646255890838475
empAA_RV100_BBA0067_n150,emp-AA,116,>100,0.5361799999999022,16.636498025347976,False,0.3691163830717887
empAA_RV100_BBA0067_n150,emp-AA,126,>100,0.10806999999979716,8.039605392527791,False,0.39518584922040795
empAA_RV100_BBA0067_n150,emp-AA,170,>100,4.4913400000000445,16.52324414258824,False,0.5062324092006786
empAA_RV100_BBA0067_n150,emp-AA,204,>100,5.860420000000523,21.191334584084377,False,0.5917118591495212
empAA_RV100_BBA0067_n150,emp-AA,207,>100,1.8605899999999767,8.175808557406546,False,0.5995785615445403
empAA_RV100_BBA0067_n150,emp-AA,211,>100,1.4253699999996159,10.628971188569325,False,0.6101598851050207
empAA_RV100_BBA0067_n150,emp-AA,273,>100,0.543080000000157,14.27899133068874,False,0.7612201560474013
empAA_RV100_BBA0081_n150,emp-AA,2,init(<=20),6.985260000000103,19.893613618225697,False,0.05287959435852612
empAA_RV100_BBA0081_n150,emp-AA,36,21-100,0.963259999999964,18.334085096903245,False,0.26685246785332967
empAA_RV100_BBA0081_n150,emp-AA,39,21-100,2.0550400000002114,14.77805229264522,False,0.2879538174127215
empAA_RV100_BBA0117_n200,emp-AA,17,init(<=20),4.581270000000099,32.12813144165223,False,0.08352518194357222
empAA_RV100_BBA0117_n200,emp-AA,21,21-100,5.288249999999896,11.279647706852957,False,0.09857817955654029
empAA_RV100_BBA0117_n200,emp-AA,29,21-100,1.683039999999874,30.82057342129112,False,0.12236234034575115
empAA_RV100_BBA0117_n200,emp-AA,30,21-100,3.675750000000157,10.64962755640309,False,0.12444694587943059
empAA_RV100_BBA0117_n200,emp-AA,31,21-100,3.1019800000001014,12.680632335016197,False,0.12738176145095342
empAA_RV100_BBA0117_n200,emp-AA,33,21-100,5.305659999999815,11.634701133934911,False,0.1330674088233236
empAA_RV100_BBA0117_n200,emp-AA,35,21-100,11.889389999999974,19.380764645773986,False,0.13812866554444084
empAA_RV100_BBA0117_n200,emp-AA,38,21-100,8.397760000000135,22.37009321511295,False,0.14561423231202747
empAA_RV100_BBA0117_n200,emp-AA,39,21-100,6.78959999999997,17.95719914221793,False,0.1500964484821305
empAA_RV100_BBA0117_n200,emp-AA,46,21-100,1.8176999999999763,9.196889527103767,False,0.16905023799195995
empAA_RV100_BBA0117_n200,emp-AA,49,21-100,0.5038999999999554,9.920562078807986,False,0.1771967773717693
empAA_RV100_BBA0117_n200,emp-AA,52,21-100,0.44982000000001143,14.639062313119851,False,0.18854934655850675
empAA_RV100_BBA0117_n200,emp-AA,58,21-100,0.026120000000124044,10.89602236420273,False,0.20638053198166742
empAA_RV100_BBA0117_n200,emp-AA,59,21-100,0.8511799999999203,12.428026971976275,False,0.2090495444532961
empAA_RV100_BBA0117_n200,emp-AA,60,21-100,0.4824800000000371,14.871863108286336,False,0.2121260546699716
empAA_RV100_BBA0117_n200,emp-AA,61,21-100,6.295189999999917,14.728080028820768,False,0.2154089401563683
empAA_RV100_BBA0117_n200,emp-AA,69,21-100,1.194670000000107,17.40538274510351,False,0.23786925476719867
empAA_RV100_BBA0117_n200,emp-AA,75,21-100,3.115869999999867,14.045809328470515,False,0.2535558543537019
empAA_RV100_BBA0117_n200,emp-AA,83,21-100,0.3493399999999536,13.764813327818585,False,0.27256703907568947
empAA_RV100_BBA0117_n200,emp-AA,84,21-100,0.4329800000001294,11.994953411534611,False,0.27608185471096425
empAA_RV100_BBA0117_n200,emp-AA,86,21-100,0.0868299999998694,14.415924244476997,False,0.28311401169441547
empAA_RV100_BBA0117_n200,emp-AA,87,21-100,3.728710000000018,11.158679089932225,False,0.2869237023747136
empAA_RV100_BBA0117_n200,emp-AA,98,21-100,0.2301300000000257,4.657208339469727,False,0.3192310848702822
empAA_RV100_BBA0117_n200,emp-AA,100,21-100,0.32735000000017767,8.434474591466635,False,0.3264141168413849
empAA_RV100_BBA0117_n200,emp-AA,102,>100,1.1063399999998778,10.522839741645187,False,0.331542975752761
empAA_RV100_BBA0117_n200,emp-AA,106,>100,0.5078200000001498,11.789235118500724,False,0.34086257409935244
empAA_RV100_BBA0117_n200,emp-AA,112,>100,1.476819999999858,10.557910897082534,False,0.3568365447388852
empAA_RV100_BBA0117_n200,emp-AA,136,>100,0.07108000000002868,4.257896243881984,False,0.4239732112576901
empAA_RV100_BBA0117_n200,emp-AA,145,>100,0.13361999999994545,1.1838916609902288,False,0.44571470883727954
empAA_RV100_BBA0117_n200,emp-AA,161,>100,1.6136400000000446,14.936815772168746,False,0.491537952982156
empAA_RV100_BBA0117_n200,emp-AA,194,>100,0.12005999999981132,3.1419282954604713,False,0.5851809592335162
empAA_RV100_BBA0117_n200,emp-AA,204,>100,0.35625000000027107,7.182777142399029,False,0.6174912099407035
empAA_RV100_BBA0117_n200,emp-AA,208,>100,0.2882799999999808,9.345422711772704,False,0.6283183800714888
empAA_RV100_BBA0117_n200,emp-AA,236,>100,0.005989999999986395,6.042568695703062,False,0.7095904212960584
empAA_RV100_BBA0134_n100,emp-AA,2,init(<=20),1.5400399999998764,5.74922657454754,False,0.04721574707504278
empAA_RV100_BBA0134_n100,emp-AA,37,21-100,0.6133700000000126,5.697559985361663,False,0.24914068402519646
empAA_RV100_BBA0154_n200,emp-AA,4,init(<=20),2.004099999999765,39.83836708969339,False,0.061139896617164124
empAA_RV100_BBA0154_n200,emp-AA,5,init(<=20),0.5684899999997173,35.10782489096208,False,0.06807305630235023
empAA_RV100_BBA0154_n200,emp-AA,8,init(<=20),2.657320000000306,29.258371557452104,False,0.0848868109848829
empAA_RV100_BBA0154_n200,emp-AA,16,init(<=20),5.218180000000129,12.20605353253308,False,0.1293968550568418
empAA_RV100_BBA0154_n200,emp-AA,25,21-100,1.2740599999995963,25.473980190234478,False,0.17953794325583222
empAA_RV100_BBA0154_n200,emp-AA,53,21-100,2.183980000000478,23.928656778035037,False,0.3324465728006216
empAA_RV100_BBA0190_n100,emp-AA,2,init(<=20),16.713050000000116,40.59570339652642,False,0.03313868613111727
empAA_RV100_BBA0190_n100,emp-AA,6,init(<=20),13.532290000000073,31.36498462715714,False,0.052074812471580884
empAA_RV100_BBA0190_n100,emp-AA,26,21-100,8.507100000000394,16.6594839576864,False,0.17045142238154998
empAA_RV100_BBA0190_n100,emp-AA,39,21-100,0.16471999999980058,2.152220146678114,False,0.24838968440840478
empAA_RV100_BBA0190_n100,emp-AA,61,21-100,0.011600000000038246,14.984158160259417,False,0.3986502030692898
empAA_RV100_BBA0190_n100,emp-AA,80,21-100,1.03711999999972,12.58866549263411,False,0.49211922299295424
empAA_RV100_BBA0190_n100,emp-AA,89,21-100,0.147460000000045,2.1455831696876966,False,0.5319955689194931
rg111472_n112,sim,2,init(<=20),0.1547500000001656,0.008257368117148842,True,0.3968395334271694
rg21213_n117,sim,2,init(<=20),3.208939999999958,3.775442047525794,False,0.22942127022098086
rg21213_n117,sim,3,init(<=20),0.0015399999999718972,0.0021483505367232633,False,0.2339137073560852
rg51878_n319,sim,21,21-100,1.0502699999998404,2.4497240072409556,False,0.18392354086857252
rg51878_n319,sim,27,21-100,2.473860000000183,9.211406325982932,False,0.2098206835520419
rg51878_n319,sim,62,21-100,-0.012990000000005608,0.06715443457495858,False,0.3231829081900072
rg51878_n319,sim,93,21-100,0.05443999999987437,0.3282917099747343,False,0.42687348794014046
rg51878_n319,sim,137,>100,0.3747300000000351,1.5182816527069172,False,0.5753761244665306
rg51878_n319,sim,150,>100,-0.1237599999999297,4.772123902731109,False,0.6179322130505072
rg51878_n319,sim,154,>100,0.09961999999995719,4.790198556192238,False,0.6306450143597768
rg51878_n319,sim,165,>100,0.2802699999999452,0.5615304599643207,False,0.6668986084041897
rg5207_n323,sim,18,init(<=20),33.07896000000031,14.064412941735641,True,0.1576953933014422
rg5207_n323,sim,23,21-100,10.4800199999994,5.909480520626348,True,0.17500310687706253
rg5207_n323,sim,26,21-100,5.688260000000117,3.6485261565895786,False,0.18567308864698998
rg5207_n323,sim,40,21-100,2.6511999999999887,3.5249526656564694,False,0.23654706838457168
rg5207_n323,sim,43,21-100,-0.02341999999981148,0.06548148720796197,False,0.24784156388996048
rg5207_n323,sim,47,21-100,0.13518000000004804,0.834959018729851,False,0.262449714065682
rg5207_n323,sim,50,21-100,20.236079999999752,7.518165071229885,True,0.2758221069971626
rg5207_n323,sim,60,21-100,0.01959999999998363,0.03101845141166828,False,0.3121496358652037
rg5207_n323,sim,148,>100,0.9561000000005277,2.0307802155180794,False,0.6344158639629341
rg6754_n258,sim,2,init(<=20),0.009190000000029563,0.016109860233215867,False,0.2910869439288112
rg6754_n258,sim,7,init(<=20),30.11682999999983,8.97750286401765,True,0.30802484404957464
rg6754_n258,sim,21,21-100,3.9552200000002173,2.992278345440093,False,0.35707478188780833
rg68542_n170,sim,3,init(<=20),0.0027200000000000557,0.011685224735411939,False,0.07741497555429366
rg68542_n170,sim,4,init(<=20),0.10630000000001694,2.389734431724901,False,0.08143315187717971
rg68542_n170,sim,9,init(<=20),0.723619999999987,3.896587501270752,False,0.09711953884977613
rg68542_n170,sim,25,21-100,0.10525000000002627,2.3894089779518537,False,0.16324075153764128
rg68542_n170,sim,47,21-100,0.00031999999999987594,0.002603229595008095,False,0.2687153819418117
rg68542_n170,sim,75,21-100,9.000000001169184e-05,0.002134403687001526,False,0.4222385974375135
rg68542_n170,sim,91,21-100,0.001220000000005994,0.003718870408752832,False,0.5042335336845749
rg75848_n236,sim,7,init(<=20),0.0005199999999989657,0.0008398086344570639,False,0.15613829541961424
rg7611_n60,sim,2,init(<=20),0.00522999999997964,0.006678243421894876,False,0.12872383588694009
rg7611_n60,sim,22,21-100,0.39468000000008896,1.015914240391183,False,0.20332263717936896
rg7611_n60,sim,23,21-100,0.0028599999999485703,0.001474207275982551,True,0.21185199548028946
rg7611_n60,sim,38,21-100,3.712349999999993,3.66766061971418,False,0.3118990092165217
rg81382_n146,sim,2,init(<=20),0.0019900000001600304,0.031943580058609346,False,0.2726199648579851
rg81382_n146,sim,3,init(<=20),0.006689999999903051,0.019297803855033314,False,0.27694343691655027
rg90574_n148,sim,2,init(<=20),-0.00020000000017561526,0.008470132388880908,False,0.25479923667241
rg90574_n148,sim,4,init(<=20),-0.00232999999998329,0.0028232657402537365,False,0.2635026451195746
