ds,group,method,time,speedup,dlnl,au,nrf_default,stop_it,n_impr,last_it,wall_default,fn_true,dfn_true
rg21213_n117,sim,default(nstop100),38.553461026,1.0,0.0,1.0,0.0,104.0,3,104,38.553461026,0.09821428571428571,0.0
rg21213_n117,sim,nstop50,22.924694026,1.6817437555447703,0.0,1.0,0.0,54.0,3,104,38.553461026,0.09821428571428571,0.0
rg21213_n117,sim,nstop20,13.423431026000003,2.872101845744605,0.0,1.0,0.0,24.0,3,104,38.553461026,0.09821428571428571,0.0
rg21213_n117,sim,nstop10,11.134500026000003,3.462522873588791,0.0,1.0,0.0,14.0,3,104,38.553461026,0.09821428571428571,0.0
rg21213_n117,sim,KHpat100,37.925251026000005,1.0165644256268553,0.0,1.0,0.0,102.0,3,104,38.553461026,0.09821428571428571,0.0
rg21213_n117,sim,KHpat50,22.317738026,1.7274806694605656,0.0,1.0,0.0,52.0,3,104,38.553461026,0.09821428571428571,0.0
rg21213_n117,sim,KHpat20,12.822360026000002,3.0067367433003627,0.0,1.0,0.0,22.0,3,104,38.553461026,0.09821428571428571,0.0
rg21213_n117,sim,KHwin10,15.292467026000002,2.5210753085458375,0.0,1.0,0.0,30.0,3,104,38.553461026,0.09821428571428571,0.0
rg21213_n117,sim,KHwin20,18.633597026000004,2.0690294510611786,0.0,1.0,0.0,40.0,3,104,38.553461026,0.09821428571428571,0.0
rg21213_n117,sim,KHwin10mult,15.292467026000002,2.5210753085458375,0.0,1.0,0.0,30.0,3,104,38.553461026,0.09821428571428571,0.0
rg21213_n117,sim,rxfast,1.768399401,21.801331194863938,48.281499999999994,1.0,0.017543859649122806,,3,104,38.553461026,0.08928571428571429,-0.008928571428571425
rg42163_n94,sim,default(nstop100),24.479852103,1.0,0.0,1.0,0.0,102.0,1,102,24.479852103,0.02666666666666667,0.0
rg42163_n94,sim,nstop50,15.495682103,1.5797853841013325,0.0,1.0,0.0,52.0,1,102,24.479852103,0.02666666666666667,0.0
rg42163_n94,sim,nstop20,9.942527103,2.4621358181275252,0.0,1.0,0.0,22.0,1,102,24.479852103,0.02666666666666667,0.0
rg42163_n94,sim,nstop10,8.950728103,2.7349565109451968,0.0,1.0,0.0,12.0,1,102,24.479852103,0.02666666666666667,0.0
rg42163_n94,sim,KHpat100,24.479852103,1.0,0.0,1.0,0.0,102.0,1,102,24.479852103,0.02666666666666667,0.0
rg42163_n94,sim,KHpat50,15.495682103,1.5797853841013325,0.0,1.0,0.0,52.0,1,102,24.479852103,0.02666666666666667,0.0
rg42163_n94,sim,KHpat20,9.942527103,2.4621358181275252,0.0,1.0,0.0,22.0,1,102,24.479852103,0.02666666666666667,0.0
rg42163_n94,sim,KHwin10,11.514320103,2.126035396273367,0.0,1.0,0.0,30.0,1,102,24.479852103,0.02666666666666667,0.0
rg42163_n94,sim,KHwin20,13.316272103,1.8383412349680792,0.0,1.0,0.0,40.0,1,102,24.479852103,0.02666666666666667,0.0
rg42163_n94,sim,KHwin10mult,11.514320103,2.126035396273367,0.0,1.0,0.0,30.0,1,102,24.479852103,0.02666666666666667,0.0
rg42163_n94,sim,rxfast,1.204392836,20.325471367217595,0.0,0.169,0.012048192771084338,,1,102,24.479852103,0.04,0.013333333333333332
