set	identity	linsi	linsi3di	mc2	mc3di
BB11001	0.211	0.9912	1.0000	1.0000	1.0000
BB11002	0.213	0.6113	0.6113	0.6113	0.6113
BB11003	0.210	0.7611	0.7483	0.7854	0.7733
BB11004	0.201	0.7219	0.7147	0.7301	0.8071
BB11005	0.167	0.6114	0.7118	0.6180	0.6771
BB11006	0.180	0.5342	0.4010	0.5454	0.5298
BB11007	0.194	0.8140	0.8936	0.8525	0.9022
BB11008	0.249	0.6769	0.6973	0.7143	0.7313
BB11009	0.275	0.3389	0.8861	0.2472	0.2972
BB11010	0.226	0.6603	0.9188	0.7650	0.7650
BB11011	0.202	0.5261	0.5848	0.5261	0.5891
BB11012	0.244	0.9270	0.9243	0.9422	0.9588
BB11013	0.195	0.1345	0.4448	0.1483	0.1414
BB11014	0.228	0.8698	0.8975	0.8703	0.8977
BB11015	0.229	0.7332	0.8847	0.7921	0.8687
BB11016	0.199	0.8143	0.8724	0.8468	0.8545
BB11017	0.224	0.8863	0.1512	0.8863	0.6082
BB11018	0.210	0.8675	0.9064	0.8791	0.9102
BB11019	0.217	0.7622	0.8383	0.8149	0.8490
BB11020	0.195	0.8667	0.9133	0.8667	0.9211
BB11021	0.286	0.7823	0.7313	0.8027	0.7517
BB11022	0.233	0.1010	0.3889	0.2576	0.3081
BB11023	0.202	0.7201	0.7108	0.7468	0.7375
BB11024	0.215	0.3657	0.7298	0.5146	0.7816
BB11025	0.189	0.1140	0.1140	0.0702	0.1140
BB11026	0.238	0.2381	0.6410	0.2381	0.3590
BB11027	0.199	0.6259	0.5612	0.6299	0.5986
BB11028	0.190	0.7844	0.7556	0.8000	0.7478
BB11029	0.256	0.4085	0.4052	0.4118	0.5000
BB11030	0.186	0.8427	0.8974	0.8686	0.8685
BB11031	0.181	0.5947	0.8185	0.6087	0.7348
BB11032	0.212	0.8802	0.9671	0.9149	0.9563
BB11033	0.193	0.6071	0.5253	0.6495	0.5000
BB11034	0.210	0.8614	0.8275	0.8664	0.9079
BB11035	0.226	0.6459	0.4919	0.6135	0.5676
BB11036	0.198	0.6739	0.8172	0.7220	0.7484
BB11037	0.187	0.5163	0.6611	0.5305	0.6616
BB11038	0.240	0.8026	0.7923	0.8032	0.7876
BB12001	0.294	0.9352	0.9226	0.9229	0.9125
BB12002	0.275	0.9022	0.8959	0.9027	0.9397
BB12003	0.362	0.9662	0.8890	0.9836	0.9363
BB12004	0.342	0.9788	0.9503	0.9762	0.9719
BB12005	0.340	0.9317	0.9416	0.9333	0.9331
BB12006	0.320	0.9488	0.8544	0.9408	0.9327
BB12007	0.338	0.9054	0.8945	0.8995	0.8946
BB12008	0.288	0.9549	0.9578	0.9575	0.9526
BB12009	0.355	0.8344	0.8187	0.8313	0.8172
BB12010	0.316	0.9626	0.9494	0.9730	0.9498
BB12011	0.307	0.8327	0.6745	0.8249	0.7735
BB12012	0.342	0.8028	0.8496	0.8232	0.8598
BB12013	0.341	0.9720	0.9759	0.9754	0.9767
BB12014	0.332	1.0000	0.9742	0.9897	0.9897
BB12015	0.313	0.9919	0.9874	0.9884	0.9912
BB12016	0.338	0.9082	0.8740	0.9288	0.8822
BB12017	0.329	0.9773	0.9469	0.9725	0.9696
BB12018	0.419	0.9614	0.9413	0.9692	0.9433
BB12019	0.392	0.9209	0.9202	0.9167	0.9192
BB12020	0.294	0.9662	0.8285	0.9082	0.9420
BB12021	0.347	0.9385	0.9299	0.9607	0.9231
BB12022	0.353	1.0000	0.9529	0.9882	1.0000
BB12023	0.358	0.9321	0.8494	0.9179	0.8952
BB12024	0.392	0.9692	0.9802	0.9841	0.9891
BB12025	0.294	0.9297	0.9115	0.9193	0.9115
BB12026	0.350	0.9518	0.9112	0.9275	0.9193
BB12027	0.344	0.9731	0.9808	0.9746	0.9655
BB12028	0.317	0.9539	0.9381	0.9623	0.9493
BB12029	0.331	0.9895	0.9913	0.9897	0.9847
BB12030	0.313	0.9635	0.9812	0.9759	0.9748
BB12031	0.364	0.8737	0.8749	0.8759	0.8724
BB12032	0.347	0.9516	0.7778	0.9671	0.9074
BB12033	0.317	0.8897	0.8894	0.9074	0.8781
BB12034	0.328	0.9209	0.9140	0.9378	0.9316
BB12035	0.328	0.9914	0.9776	0.9860	0.9778
BB12036	0.353	0.9777	0.9353	0.9583	0.9671
BB12037	0.285	0.9282	0.9343	0.9290	0.9289
BB12038	0.324	0.9522	0.9565	0.9570	0.9593
BB12039	0.318	0.9792	0.8862	0.9221	0.8987
BB12040	0.300	0.9792	0.9656	0.9885	0.9792
BB12041	0.310	0.8489	0.7122	0.8540	0.8489
BB12042	0.249	0.7977	0.7552	0.7989	0.7862
BB12043	0.335	0.9869	0.9829	0.9900	0.9668
BB12044	0.329	0.9034	0.9101	0.9161	0.8965
BBS11001	0.223	0.9415	1.0000	1.0000	1.0000
BBS11002	0.214	0.8382	0.8382	0.8382	0.8382
BBS11003	0.207	0.7659	0.7969	0.7935	0.8097
BBS11004	0.216	0.6168	0.6920	0.6558	0.7183
BBS11005	0.168	0.5802	0.6856	0.6154	0.6690
BBS11006	0.183	0.5551	0.4308	0.6384	0.5097
BBS11007	0.196	0.8179	0.8834	0.8539	0.8779
BBS11008	0.242	0.7823	0.6837	0.7721	0.7381
BBS11009	0.243	0.8472	0.8944	0.8444	0.8639
BBS11010	0.246	0.6752	0.8632	0.8526	0.8440
BBS11011	0.197	0.6652	0.5848	0.6652	0.6522
BBS11012	0.234	0.9349	0.9635	0.9495	0.9502
BBS11013	0.191	0.1034	0.5207	0.1379	0.3621
BBS11014	0.229	0.8696	0.9045	0.8717	0.9008
BBS11015	0.224	0.7997	0.8939	0.8367	0.8872
BBS11016	0.212	0.8325	0.8896	0.8545	0.8523
BBS11017	0.224	0.8753	0.2461	0.8775	0.8256
BBS11018	0.208	0.8743	0.8755	0.8774	0.8866
BBS11019	0.217	0.7824	0.8412	0.8094	0.8486
BBS11020	0.193	0.8741	0.8963	0.9074	0.8963
BBS11021	0.274	0.8707	0.7959	0.8878	0.8571
BBS11022	0.188	0.4798	0.7121	0.7727	0.8030
BBS11023	0.197	0.7305	0.7096	0.7718	0.7201
BBS11024	0.215	0.3786	0.7314	0.3835	0.4887
BBS11025	0.214	0.1754	0.2193	0.1754	0.1754
BBS11026	0.214	0.2198	0.7289	0.4176	0.5861
BBS11027	0.183	0.6490	0.5898	0.6565	0.5946
BBS11028	0.197	0.9733	0.9500	1.0000	0.9500
BBS11029	0.229	0.4314	0.4771	0.4902	0.5163
BBS11030	0.195	0.8364	0.8869	0.8841	0.8608
BBS11031	0.185	0.7429	0.8266	0.7691	0.8033
BBS11032	0.207	0.9356	0.9704	0.9563	0.9671
BBS11033	0.187	0.6909	0.6182	0.6970	0.6980
BBS11034	0.214	0.8586	0.9132	0.8700	0.9096
BBS11035	0.230	0.7405	0.5838	0.7405	0.6405
BBS11036	0.195	0.7473	0.8020	0.7845	0.8315
BBS11037	0.193	0.5512	0.6823	0.6118	0.6567
BBS11038	0.238	0.8212	0.8053	0.8217	0.8119
