dir	raw	capminor	vote
/opt/runs/hgt/model.50.2000000.0.000001.0.000000002/06/200-est	-48278.0	-53381.0	-2702.0
/opt/runs/hgt/model.50.2000000.0.000001.0.000000002/06/50-est	-68543.0	-67477.0	-8542.0
/opt/runs/hgt/model.50.2000000.0.000001.0.000000002/06/50-true	-71630.0	-86348.0	-12858.0
/opt/runs/hgt/model.50.2000000.0.000001.0.000000002/07/200-est	-29096.0	-32340.0	-2593.0
/opt/runs/hgt/model.50.2000000.0.000001.0.000000002/07/50-est	-10041.0	-10690.0	-1823.0
/opt/runs/hgt/model.50.2000000.0.000001.0.000000002/07/50-true	-13524.0	-14398.0	-2892.0
/opt/runs/hgt/model.50.2000000.0.000001.0.000000002/08/200-est	-141.0	-1451.0	-120.0
/opt/runs/hgt/model.50.2000000.0.000001.0.000000002/08/50-est	-1325.0	-226.0	-8.0
/opt/runs/hgt/model.50.2000000.0.000001.0.000000002/08/50-true	-2836.0	-3465.0	-658.0
/opt/runs/hgt/model.50.2000000.0.000001.0.000000002/09/200-est	0.0	0.0	0.0
/opt/runs/hgt/model.50.2000000.0.000001.0.000000002/09/50-est	-538.0	-1476.0	-224.0
/opt/runs/hgt/model.50.2000000.0.000001.0.000000002/09/50-true	-13174.0	-22508.0	-1920.0
/opt/runs/hgt/model.50.2000000.0.000001.0.000000002/10/200-est	-1179.0	-868.0	-69.0
/opt/runs/hgt/model.50.2000000.0.000001.0.000000002/10/50-est	-816.0	-979.0	-266.0
/opt/runs/hgt/model.50.2000000.0.000001.0.000000002/10/50-true	-1162.0	-1468.0	-317.0
/opt/runs/hgt/model.50.2000000.0.000001.0.000000002/11/200-est	-2194.0	-5424.0	86.0
/opt/runs/hgt/model.50.2000000.0.000001.0.000000002/11/50-est	-20002.0	-26384.0	-6077.0
/opt/runs/hgt/model.50.2000000.0.000001.0.000000002/11/50-true	-40431.0	-57017.0	-6463.0
/opt/runs/hgt/model.50.2000000.0.000001.0.000000002/12/200-est	-2757.0	-874.0	-179.0
/opt/runs/hgt/model.50.2000000.0.000001.0.000000002/12/50-est	-1240.0	-8114.0	-1078.0
/opt/runs/hgt/model.50.2000000.0.000001.0.000000002/12/50-true	-24092.0	-30332.0	-3956.0
/opt/runs/hgt/model.50.2000000.0.000001.0.000000002/13/200-est	-1606.0	-1084.0	-182.0
/opt/runs/hgt/model.50.2000000.0.000001.0.000000002/13/50-est	-2494.0	-2580.0	-430.0
/opt/runs/hgt/model.50.2000000.0.000001.0.000000002/13/50-true	-1204.0	-1297.0	-387.0
/opt/runs/hgt/model.50.2000000.0.000001.0.000000002/14/200-est	-158.0	-158.0	-48.0
/opt/runs/hgt/model.50.2000000.0.000001.0.000000002/14/50-est	-6096.0	-284.0	-106.0
/opt/runs/hgt/model.50.2000000.0.000001.0.000000002/14/50-true	-334.0	-287.0	-48.0
/opt/runs/hgt/model.50.2000000.0.000001.0.000000002/15/200-est	0.0	0.0	0.0
/opt/runs/hgt/model.50.2000000.0.000001.0.000000002/15/50-est	-27851.0	-43542.0	-5975.0
/opt/runs/hgt/model.50.2000000.0.000001.0.000000002/15/50-true	0.0	0.0	0.0
/opt/runs/hgt/model.50.2000000.0.000001.0.000000002/16/200-est	-2129.0	-2474.0	-314.0
/opt/runs/hgt/model.50.2000000.0.000001.0.000000002/16/50-est	-19960.0	-20944.0	-3490.0
/opt/runs/hgt/model.50.2000000.0.000001.0.000000002/16/50-true	-7171.0	-6213.0	-790.0
/opt/runs/hgt/model.50.2000000.0.000001.0.000000002/17/200-est	-149168.0	-158048.0	-4839.0
/opt/runs/hgt/model.50.2000000.0.000001.0.000000002/17/50-est	-68754.0	-95766.0	-8701.0
/opt/runs/hgt/model.50.2000000.0.000001.0.000000002/17/50-true	-3054.0	-5016.0	-131.0
/opt/runs/hgt/model.50.2000000.0.000001.0.000000002/18/200-est	-548.0	-412.0	0.0
/opt/runs/hgt/model.50.2000000.0.000001.0.000000002/18/50-est	-20405.0	-25070.0	-4064.0
/opt/runs/hgt/model.50.2000000.0.000001.0.000000002/18/50-true	-275.0	-644.0	-93.0
/opt/runs/hgt/model.50.2000000.0.000001.0.000000002/19/200-est	-77.0	-1346.0	-81.0
/opt/runs/hgt/model.50.2000000.0.000001.0.000000002/19/50-est	-27370.0	-18262.0	-2728.0
/opt/runs/hgt/model.50.2000000.0.000001.0.000000002/19/50-true	0.0	0.0	0.0
/opt/runs/hgt/model.50.2000000.0.000001.0.000000002/20/200-est	-4439.0	-6468.0	-294.0
/opt/runs/hgt/model.50.2000000.0.000001.0.000000002/20/50-est	-1484.0	-2425.0	-294.0
/opt/runs/hgt/model.50.2000000.0.000001.0.000000002/20/50-true	0.0	0.0	0.0
/opt/runs/hgt/model.50.2000000.0.000001.0.000000005/06/200-est	0.0	0.0	0.0
/opt/runs/hgt/model.50.2000000.0.000001.0.000000005/06/50-est	-144.0	-107.0	-16.0
/opt/runs/hgt/model.50.2000000.0.000001.0.000000005/06/50-true	-3804.0	-7152.0	-840.0
/opt/runs/hgt/model.50.2000000.0.000001.0.000000005/07/200-est	-6548.0	-15397.0	-779.0
/opt/runs/hgt/model.50.2000000.0.000001.0.000000005/07/50-est	-7055.0	-8989.0	-1085.0
/opt/runs/hgt/model.50.2000000.0.000001.0.000000005/07/50-true	-15346.0	-20604.0	-5330.0
/opt/runs/hgt/model.50.2000000.0.000001.0.000000005/08/200-est	-754.0	-354.0	-44.0
/opt/runs/hgt/model.50.2000000.0.000001.0.000000005/08/50-est	-75513.0	-86067.0	-20611.0
/opt/runs/hgt/model.50.2000000.0.000001.0.000000005/08/50-true	-288.0	-288.0	-48.0
/opt/runs/hgt/model.50.2000000.0.000001.0.000000005/09/200-est	-225895.0	-250251.0	-15391.0
/opt/runs/hgt/model.50.2000000.0.000001.0.000000005/09/50-est	-76092.0	-91802.0	-11861.0
/opt/runs/hgt/model.50.2000000.0.000001.0.000000005/09/50-true	-51528.0	-49348.0	-6260.0
/opt/runs/hgt/model.50.2000000.0.000001.0.000000005/10/200-est	0.0	0.0	0.0
/opt/runs/hgt/model.50.2000000.0.000001.0.000000005/10/50-est	-3884.0	-3219.0	-467.0
/opt/runs/hgt/model.50.2000000.0.000001.0.000000005/10/50-true	0.0	0.0	0.0
/opt/runs/hgt/model.50.2000000.0.000001.0.000000005/11/200-est	-55856.0	-96800.0	-6188.0
/opt/runs/hgt/model.50.2000000.0.000001.0.000000005/11/50-est	-20617.0	-44659.0	-6481.0
/opt/runs/hgt/model.50.2000000.0.000001.0.000000005/11/50-true	-43713.0	-79106.0	-8320.0
/opt/runs/hgt/model.50.2000000.0.000001.0.000000005/12/200-est	-4111.0	-3075.0	-237.0
/opt/runs/hgt/model.50.2000000.0.000001.0.000000005/12/50-est	-3015.0	-3513.0	-687.0
/opt/runs/hgt/model.50.2000000.0.000001.0.000000005/12/50-true	-274.0	-498.0	-90.0
/opt/runs/hgt/model.50.2000000.0.000001.0.000000005/13/200-est	-1202.0	-1453.0	-48.0
/opt/runs/hgt/model.50.2000000.0.000001.0.000000005/13/50-est	-384.0	-537.0	-48.0
/opt/runs/hgt/model.50.2000000.0.000001.0.000000005/13/50-true	-4156.0	1872.0	1776.0
/opt/runs/hgt/model.50.2000000.0.000001.0.000000005/14/200-est	0.0	0.0	0.0
/opt/runs/hgt/model.50.2000000.0.000001.0.000000005/14/50-est	-1224.0	-2235.0	-322.0
/opt/runs/hgt/model.50.2000000.0.000001.0.000000005/14/50-true	-2324.0	-2727.0	-400.0
/opt/runs/hgt/model.50.2000000.0.000001.0.000000005/15/200-est	-21727.0	-26889.0	-1676.0
/opt/runs/hgt/model.50.2000000.0.000001.0.000000005/15/50-est	-14772.0	-22286.0	-1522.0
/opt/runs/hgt/model.50.2000000.0.000001.0.000000005/15/50-true	-8444.0	-17116.0	-1368.0
/opt/runs/hgt/model.50.2000000.0.000001.0.000000005/16/200-est	-336.0	-336.0	-48.0
/opt/runs/hgt/model.50.2000000.0.000001.0.000000005/16/50-est	-192.0	-576.0	-48.0
/opt/runs/hgt/model.50.2000000.0.000001.0.000000005/16/50-true	-144.0	-480.0	-48.0
/opt/runs/hgt/model.50.2000000.0.000001.0.000000005/17/200-est	-15662.0	-22870.0	-1918.0
/opt/runs/hgt/model.50.2000000.0.000001.0.000000005/17/50-est	-18368.0	-43384.0	-4618.0
/opt/runs/hgt/model.50.2000000.0.000001.0.000000005/17/50-true	-7440.0	-2176.0	656.0
/opt/runs/hgt/model.50.2000000.0.000001.0.000000005/18/200-est	-2205.0	-5073.0	-154.0
/opt/runs/hgt/model.50.2000000.0.000001.0.000000005/18/50-est	0.0	0.0	0.0
/opt/runs/hgt/model.50.2000000.0.000001.0.000000005/18/50-true	0.0	0.0	0.0
/opt/runs/hgt/model.50.2000000.0.000001.0.000000005/19/200-est	-26856.0	-54190.0	-3050.0
/opt/runs/hgt/model.50.2000000.0.000001.0.000000005/19/50-est	-10651.0	-21743.0	-3269.0
/opt/runs/hgt/model.50.2000000.0.000001.0.000000005/19/50-true	-24574.0	-24374.0	-4228.0
/opt/runs/hgt/model.50.2000000.0.000001.0.000000005/20/200-est	-22652.0	-36427.0	-1317.0
/opt/runs/hgt/model.50.2000000.0.000001.0.000000005/20/50-est	-16113.0	-20562.0	-1841.0
/opt/runs/hgt/model.50.2000000.0.000001.0.000000005/20/50-true	-1705.0	-5816.0	-757.0
/opt/runs/hgt/model.50.2000000.0.000001.0.00000002/06/200-est	-726.0	-1166.0	-47.0
/opt/runs/hgt/model.50.2000000.0.000001.0.00000002/06/50-est	-25254.0	-67303.0	-4665.0
/opt/runs/hgt/model.50.2000000.0.000001.0.00000002/06/50-true	-19184.0	-50669.0	-6288.0
/opt/runs/hgt/model.50.2000000.0.000001.0.00000002/07/200-est	-762.0	-1390.0	-94.0
/opt/runs/hgt/model.50.2000000.0.000001.0.00000002/07/50-est	-8400.0	-12915.0	-1594.0
/opt/runs/hgt/model.50.2000000.0.000001.0.00000002/07/50-true	-608.0	522.0	82.0
/opt/runs/hgt/model.50.2000000.0.000001.0.00000002/08/200-est	-13441.0	-11718.0	-1055.0
/opt/runs/hgt/model.50.2000000.0.000001.0.00000002/08/50-est	-26977.0	-32556.0	-4412.0
/opt/runs/hgt/model.50.2000000.0.000001.0.00000002/08/50-true	-14380.0	-18529.0	-2441.0
/opt/runs/hgt/model.50.2000000.0.000001.0.00000002/09/200-est	-5816.0	-3322.0	-433.0
/opt/runs/hgt/model.50.2000000.0.000001.0.00000002/09/50-est	-7013.0	-7747.0	-838.0
/opt/runs/hgt/model.50.2000000.0.000001.0.00000002/09/50-true	-7684.0	-9265.0	-1174.0
/opt/runs/hgt/model.50.2000000.0.000001.0.00000002/10/200-est	-435.0	-503.0	-57.0
/opt/runs/hgt/model.50.2000000.0.000001.0.00000002/10/50-est	0.0	0.0	0.0
/opt/runs/hgt/model.50.2000000.0.000001.0.00000002/10/50-true	0.0	0.0	0.0
/opt/runs/hgt/model.50.2000000.0.000001.0.00000002/11/200-est	-403.0	-9021.0	-151.0
/opt/runs/hgt/model.50.2000000.0.000001.0.00000002/11/50-est	-840.0	-2715.0	-120.0
/opt/runs/hgt/model.50.2000000.0.000001.0.00000002/11/50-true	0.0	0.0	0.0
/opt/runs/hgt/model.50.2000000.0.000001.0.00000002/12/200-est	-708.0	-530.0	-34.0
/opt/runs/hgt/model.50.2000000.0.000001.0.00000002/12/50-est	-1922.0	-4171.0	-677.0
/opt/runs/hgt/model.50.2000000.0.000001.0.00000002/12/50-true	-236.0	-444.0	-90.0
/opt/runs/hgt/model.50.2000000.0.000001.0.00000002/13/200-est	-184.0	-330.0	-71.0
/opt/runs/hgt/model.50.2000000.0.000001.0.00000002/13/50-est	-3430.0	-3916.0	-594.0
/opt/runs/hgt/model.50.2000000.0.000001.0.00000002/13/50-true	-552.0	-1344.0	-184.0
/opt/runs/hgt/model.50.2000000.0.000001.0.00000002/14/200-est	-37547.0	-55731.0	-2523.0
/opt/runs/hgt/model.50.2000000.0.000001.0.00000002/14/50-est	-10211.0	-19142.0	-2416.0
/opt/runs/hgt/model.50.2000000.0.000001.0.00000002/14/50-true	-4846.0	-9991.0	-1515.0
/opt/runs/hgt/model.50.2000000.0.000001.0.00000002/15/200-est	-250410.0	-363754.0	-4389.0
/opt/runs/hgt/model.50.2000000.0.000001.0.00000002/15/50-est	-74433.0	-125198.0	-6018.0
/opt/runs/hgt/model.50.2000000.0.000001.0.00000002/15/50-true	0.0	0.0	0.0
/opt/runs/hgt/model.50.2000000.0.000001.0.00000002/16/200-est	-1501.0	-1684.0	-62.0
/opt/runs/hgt/model.50.2000000.0.000001.0.00000002/16/50-est	-2613.0	-3239.0	-355.0
/opt/runs/hgt/model.50.2000000.0.000001.0.00000002/16/50-true	-2654.0	212.0	269.0
/opt/runs/hgt/model.50.2000000.0.000001.0.00000002/17/200-est	-3778.0	-3345.0	-407.0
/opt/runs/hgt/model.50.2000000.0.000001.0.00000002/17/50-est	-1785.0	-5283.0	-381.0
/opt/runs/hgt/model.50.2000000.0.000001.0.00000002/17/50-true	-3991.0	-3117.0	-367.0
/opt/runs/hgt/model.50.2000000.0.000001.0.00000002/18/200-est	-82501.0	-134311.0	-6635.0
/opt/runs/hgt/model.50.2000000.0.000001.0.00000002/18/50-est	-52136.0	-88216.0	-6922.0
/opt/runs/hgt/model.50.2000000.0.000001.0.00000002/18/50-true	-370.0	-652.0	-137.0
/opt/runs/hgt/model.50.2000000.0.000001.0.00000002/19/200-est	-2901.0	-2926.0	-98.0
/opt/runs/hgt/model.50.2000000.0.000001.0.00000002/19/50-est	-1846.0	-1790.0	-222.0
/opt/runs/hgt/model.50.2000000.0.000001.0.00000002/19/50-true	-237.0	-427.0	-94.0
/opt/runs/hgt/model.50.2000000.0.000001.0.00000002/20/200-est	-163551.0	-238310.0	-17360.0
/opt/runs/hgt/model.50.2000000.0.000001.0.00000002/20/50-est	-2906.0	-2885.0	-588.0
/opt/runs/hgt/model.50.2000000.0.000001.0.00000002/20/50-true	-4264.0	-4004.0	-639.0
/opt/runs/hgt/model.50.2000000.0.000001.0.0000002/06/1000-est	0.0	0.0	0.0
/opt/runs/hgt/model.50.2000000.0.000001.0.0000002/06/200-est	-106.0	1176.0	76.0
/opt/runs/hgt/model.50.2000000.0.000001.0.0000002/06/50-est	0.0	0.0	0.0
/opt/runs/hgt/model.50.2000000.0.000001.0.0000002/06/50-true	0.0	0.0	0.0
/opt/runs/hgt/model.50.2000000.0.000001.0.0000002/07/1000-est	-83995.0	-98174.0	-3611.0
/opt/runs/hgt/model.50.2000000.0.000001.0.0000002/07/200-est	-57416.0	-104681.0	-5542.0
/opt/runs/hgt/model.50.2000000.0.000001.0.0000002/07/50-est	-31542.0	-45128.0	-5724.0
/opt/runs/hgt/model.50.2000000.0.000001.0.0000002/07/50-true	-60341.0	-72123.0	-7606.0
/opt/runs/hgt/model.50.2000000.0.000001.0.0000002/08/1000-est	-1424.0	-1927.0	-48.0
/opt/runs/hgt/model.50.2000000.0.000001.0.0000002/08/200-est	-7458.0	-9950.0	-628.0
/opt/runs/hgt/model.50.2000000.0.000001.0.0000002/08/50-est	-38983.0	-27709.0	-3462.0
/opt/runs/hgt/model.50.2000000.0.000001.0.0000002/08/50-true	-30537.0	-25569.0	-3608.0
/opt/runs/hgt/model.50.2000000.0.000001.0.0000002/09/1000-est	-3759.0	-3873.0	-94.0
/opt/runs/hgt/model.50.2000000.0.000001.0.0000002/09/200-est	-261.0	-794.0	0.0
/opt/runs/hgt/model.50.2000000.0.000001.0.0000002/09/50-est	-1218.0	-1315.0	-142.0
/opt/runs/hgt/model.50.2000000.0.000001.0.0000002/09/50-true	-1.0	-321.0	-1.0
/opt/runs/hgt/model.50.2000000.0.000001.0.0000002/10/1000-est	-40.0	28.0	0.0
/opt/runs/hgt/model.50.2000000.0.000001.0.0000002/10/200-est	-896.0	-696.0	-105.0
/opt/runs/hgt/model.50.2000000.0.000001.0.0000002/10/50-est	-1850.0	-2797.0	-409.0
/opt/runs/hgt/model.50.2000000.0.000001.0.0000002/10/50-true	-1308.0	-1729.0	-220.0
/opt/runs/hgt/model.50.2000000.0.000001.0.0000002/11/200-est	-321.0	-1466.0	-82.0
/opt/runs/hgt/model.50.2000000.0.000001.0.0000002/11/50-est	-3731.0	-7453.0	-884.0
/opt/runs/hgt/model.50.2000000.0.000001.0.0000002/11/50-true	-800.0	-1743.0	-250.0
/opt/runs/hgt/model.50.2000000.0.000001.0.0000002/12/200-est	-69489.0	-144672.0	-3362.0
/opt/runs/hgt/model.50.2000000.0.000001.0.0000002/12/50-est	-18723.0	-33181.0	-2854.0
/opt/runs/hgt/model.50.2000000.0.000001.0.0000002/12/50-true	0.0	0.0	0.0
/opt/runs/hgt/model.50.2000000.0.000001.0.0000002/13/200-est	-4347.0	-6786.0	-321.0
/opt/runs/hgt/model.50.2000000.0.000001.0.0000002/13/50-est	-295.0	-298.0	-48.0
/opt/runs/hgt/model.50.2000000.0.000001.0.0000002/13/50-true	0.0	0.0	0.0
/opt/runs/hgt/model.50.2000000.0.000001.0.0000002/14/200-est	-41670.0	-66455.0	-2743.0
/opt/runs/hgt/model.50.2000000.0.000001.0.0000002/14/50-est	-1292.0	-16311.0	-1934.0
/opt/runs/hgt/model.50.2000000.0.000001.0.0000002/14/50-true	-40126.0	-49260.0	-6349.0
/opt/runs/hgt/model.50.2000000.0.000001.0.0000002/15/200-est	-916.0	-1132.0	-102.0
/opt/runs/hgt/model.50.2000000.0.000001.0.0000002/15/50-est	-1209.0	-2282.0	-293.0
/opt/runs/hgt/model.50.2000000.0.000001.0.0000002/15/50-true	-299.0	-483.0	-93.0
/opt/runs/hgt/model.50.2000000.0.000001.0.0000002/16/200-est	0.0	0.0	0.0
/opt/runs/hgt/model.50.2000000.0.000001.0.0000002/16/50-est	-33709.0	-37476.0	-5903.0
/opt/runs/hgt/model.50.2000000.0.000001.0.0000002/16/50-true	-29114.0	-26083.0	-3819.0
/opt/runs/hgt/model.50.2000000.0.000001.0.0000002/17/200-est	-39477.0	-51833.0	-2724.0
/opt/runs/hgt/model.50.2000000.0.000001.0.0000002/17/50-est	-3897.0	-4172.0	-536.0
/opt/runs/hgt/model.50.2000000.0.000001.0.0000002/17/50-true	-1556.0	-2535.0	-241.0
/opt/runs/hgt/model.50.2000000.0.000001.0.0000002/18/200-est	-771.0	-776.0	-48.0
/opt/runs/hgt/model.50.2000000.0.000001.0.0000002/18/50-est	-3470.0	-4512.0	-679.0
/opt/runs/hgt/model.50.2000000.0.000001.0.0000002/18/50-true	-5.0	-63.0	-2.0
/opt/runs/hgt/model.50.2000000.0.000001.0.0000002/19/200-est	-66552.0	-72222.0	-4997.0
/opt/runs/hgt/model.50.2000000.0.000001.0.0000002/19/50-est	-16569.0	-16417.0	-2469.0
/opt/runs/hgt/model.50.2000000.0.000001.0.0000002/19/50-true	-12076.0	-10625.0	-1224.0
/opt/runs/hgt/model.50.2000000.0.000001.0.0000002/20/200-est	-48.0	-435.0	-46.0
/opt/runs/hgt/model.50.2000000.0.000001.0.0000002/20/50-est	-3248.0	-5941.0	-869.0
/opt/runs/hgt/model.50.2000000.0.000001.0.0000002/20/50-true	-237.0	-243.0	-48.0
/opt/runs/hgt/model.50.2000000.0.000001.0.0000005/06/1000-est	0.0	0.0	0.0
/opt/runs/hgt/model.50.2000000.0.000001.0.0000005/06/200-est	-10810.0	-14134.0	-847.0
/opt/runs/hgt/model.50.2000000.0.000001.0.0000005/06/50-est	-7394.0	-8903.0	-1017.0
/opt/runs/hgt/model.50.2000000.0.000001.0.0000005/06/50-true	-9770.0	-10472.0	-1099.0
/opt/runs/hgt/model.50.2000000.0.000001.0.0000005/07/1000-est	0.0	0.0	0.0
/opt/runs/hgt/model.50.2000000.0.000001.0.0000005/07/200-est	-2060.0	-1560.0	-166.0
/opt/runs/hgt/model.50.2000000.0.000001.0.0000005/07/50-est	-13884.0	-24425.0	-1902.0
/opt/runs/hgt/model.50.2000000.0.000001.0.0000005/07/50-true	-1654.0	-7681.0	-345.0
/opt/runs/hgt/model.50.2000000.0.000001.0.0000005/08/1000-est	-2743.0	-4496.0	-170.0
/opt/runs/hgt/model.50.2000000.0.000001.0.0000005/08/200-est	-2017.0	936.0	-75.0
/opt/runs/hgt/model.50.2000000.0.000001.0.0000005/08/50-est	-20131.0	-23890.0	-2634.0
/opt/runs/hgt/model.50.2000000.0.000001.0.0000005/08/50-true	-20746.0	-23243.0	-2546.0
/opt/runs/hgt/model.50.2000000.0.000001.0.0000005/09/1000-est	-53452.0	-54385.0	-1277.0
/opt/runs/hgt/model.50.2000000.0.000001.0.0000005/09/200-est	-29647.0	-32857.0	-1796.0
/opt/runs/hgt/model.50.2000000.0.000001.0.0000005/09/50-est	-10365.0	-13922.0	-1577.0
/opt/runs/hgt/model.50.2000000.0.000001.0.0000005/09/50-true	-7438.0	-9403.0	-1350.0
/opt/runs/hgt/model.50.2000000.0.000001.0.0000005/10/1000-est	0.0	0.0	0.0
/opt/runs/hgt/model.50.2000000.0.000001.0.0000005/10/200-est	-1373.0	-2226.0	-145.0
/opt/runs/hgt/model.50.2000000.0.000001.0.0000005/10/50-est	-6462.0	-14295.0	-1649.0
/opt/runs/hgt/model.50.2000000.0.000001.0.0000005/10/50-true	-39569.0	-38715.0	-5045.0
/opt/runs/hgt/model.50.2000000.0.000001.0.0000005/11/1000-est	0.0	0.0	0.0
/opt/runs/hgt/model.50.2000000.0.000001.0.0000005/11/200-est	-467.0	-316.0	-25.0
/opt/runs/hgt/model.50.2000000.0.000001.0.0000005/11/50-est	-3215.0	-4315.0	-530.0
/opt/runs/hgt/model.50.2000000.0.000001.0.0000005/11/50-true	0.0	0.0	0.0
/opt/runs/hgt/model.50.2000000.0.000001.0.0000005/12/1000-est	0.0	0.0	0.0
/opt/runs/hgt/model.50.2000000.0.000001.0.0000005/12/200-est	-1880.0	-2916.0	-143.0
/opt/runs/hgt/model.50.2000000.0.000001.0.0000005/12/50-est	-5829.0	-1677.0	-427.0
/opt/runs/hgt/model.50.2000000.0.000001.0.0000005/12/50-true	-23528.0	-19522.0	-2723.0
/opt/runs/hgt/model.50.2000000.0.000001.0.0000005/13/1000-est	-10155.0	-7505.0	-330.0
/opt/runs/hgt/model.50.2000000.0.000001.0.0000005/13/200-est	-14521.0	-15501.0	-780.0
/opt/runs/hgt/model.50.2000000.0.000001.0.0000005/13/50-est	-15331.0	-18245.0	-2129.0
/opt/runs/hgt/model.50.2000000.0.000001.0.0000005/13/50-true	-4206.0	-5443.0	-550.0
/opt/runs/hgt/model.50.2000000.0.000001.0.0000005/14/1000-est	-2981.0	-2230.0	-108.0
/opt/runs/hgt/model.50.2000000.0.000001.0.0000005/14/200-est	-3810.0	-4232.0	-228.0
/opt/runs/hgt/model.50.2000000.0.000001.0.0000005/14/50-est	-35979.0	-47603.0	-4668.0
/opt/runs/hgt/model.50.2000000.0.000001.0.0000005/14/50-true	-6458.0	-10295.0	-1286.0
/opt/runs/hgt/model.50.2000000.0.000001.0.0000005/15/1000-est	-391.0	-412.0	-30.0
/opt/runs/hgt/model.50.2000000.0.000001.0.0000005/15/200-est	-19737.0	-19279.0	-285.0
/opt/runs/hgt/model.50.2000000.0.000001.0.0000005/15/50-est	-42410.0	-45433.0	-4505.0
/opt/runs/hgt/model.50.2000000.0.000001.0.0000005/15/50-true	-32647.0	-36610.0	-3499.0
/opt/runs/hgt/model.50.2000000.0.000001.0.0000005/16/1000-est	-4289.0	-3220.0	-133.0
/opt/runs/hgt/model.50.2000000.0.000001.0.0000005/16/200-est	-44839.0	-46076.0	-2592.0
/opt/runs/hgt/model.50.2000000.0.000001.0.0000005/16/50-est	-25872.0	-31910.0	-3446.0
/opt/runs/hgt/model.50.2000000.0.000001.0.0000005/16/50-true	-5867.0	-7300.0	-891.0
/opt/runs/hgt/model.50.2000000.0.000001.0.0000005/17/1000-est	0.0	0.0	0.0
/opt/runs/hgt/model.50.2000000.0.000001.0.0000005/17/200-est	-169751.0	-179580.0	-10679.0
/opt/runs/hgt/model.50.2000000.0.000001.0.0000005/17/50-est	-60887.0	-63493.0	-6845.0
/opt/runs/hgt/model.50.2000000.0.000001.0.0000005/17/50-true	-32939.0	-41942.0	-3743.0
/opt/runs/hgt/model.50.2000000.0.000001.0.0000005/18/1000-est	0.0	0.0	0.0
/opt/runs/hgt/model.50.2000000.0.000001.0.0000005/18/200-est	-14878.0	-17943.0	-1014.0
/opt/runs/hgt/model.50.2000000.0.000001.0.0000005/18/50-est	-18721.0	-18886.0	-2019.0
/opt/runs/hgt/model.50.2000000.0.000001.0.0000005/18/50-true	-20381.0	-18489.0	-2517.0
/opt/runs/hgt/model.50.2000000.0.000001.0.0000005/19/1000-est	-6794.0	-10523.0	-398.0
/opt/runs/hgt/model.50.2000000.0.000001.0.0000005/19/200-est	-33399.0	-30929.0	-2306.0
/opt/runs/hgt/model.50.2000000.0.000001.0.0000005/19/50-est	-8036.0	-6573.0	-927.0
/opt/runs/hgt/model.50.2000000.0.000001.0.0000005/19/50-true	-326.0	-355.0	-40.0
/opt/runs/hgt/model.50.2000000.0.000001.0.0000005/20/1000-est	-18779.0	-23418.0	-587.0
/opt/runs/hgt/model.50.2000000.0.000001.0.0000005/20/200-est	-49665.0	-47229.0	-3852.0
/opt/runs/hgt/model.50.2000000.0.000001.0.0000005/20/50-est	-33276.0	-31506.0	-4026.0
/opt/runs/hgt/model.50.2000000.0.000001.0.0000005/20/50-true	-11441.0	-13408.0	-1527.0
/opt/runs/hgt/model.50.2000000.0.000001.0/06/200-est	0.0	0.0	0.0
/opt/runs/hgt/model.50.2000000.0.000001.0/06/50-est	-829.0	-3979.0	-372.0
/opt/runs/hgt/model.50.2000000.0.000001.0/06/50-true	-569.0	-145.0	-356.0
/opt/runs/hgt/model.50.2000000.0.000001.0/07/200-est	-6077.0	-6395.0	-761.0
/opt/runs/hgt/model.50.2000000.0.000001.0/07/50-est	-5758.0	-8613.0	-1194.0
/opt/runs/hgt/model.50.2000000.0.000001.0/07/50-true	-3584.0	-3936.0	-888.0
/opt/runs/hgt/model.50.2000000.0.000001.0/08/200-est	-142.0	740.0	92.0
/opt/runs/hgt/model.50.2000000.0.000001.0/08/50-est	0.0	0.0	0.0
/opt/runs/hgt/model.50.2000000.0.000001.0/08/50-true	0.0	0.0	0.0
/opt/runs/hgt/model.50.2000000.0.000001.0/09/200-est	-142410.0	-118353.0	-6928.0
/opt/runs/hgt/model.50.2000000.0.000001.0/09/50-est	-75594.0	-78153.0	-10664.0
/opt/runs/hgt/model.50.2000000.0.000001.0/09/50-true	-67415.0	-69554.0	-9021.0
/opt/runs/hgt/model.50.2000000.0.000001.0/10/200-est	-566.0	-1562.0	-98.0
/opt/runs/hgt/model.50.2000000.0.000001.0/10/50-est	-15504.0	-35348.0	-5105.0
/opt/runs/hgt/model.50.2000000.0.000001.0/10/50-true	0.0	0.0	0.0
/opt/runs/hgt/model.50.2000000.0.000001.0/11/200-est	-928.0	-2004.0	-169.0
/opt/runs/hgt/model.50.2000000.0.000001.0/11/50-est	-15209.0	-15090.0	-2985.0
/opt/runs/hgt/model.50.2000000.0.000001.0/11/50-true	-17074.0	-17949.0	-4054.0
/opt/runs/hgt/model.50.2000000.0.000001.0/12/200-est	-75.0	197.0	7.0
/opt/runs/hgt/model.50.2000000.0.000001.0/12/50-est	-8799.0	-13430.0	-1413.0
/opt/runs/hgt/model.50.2000000.0.000001.0/12/50-true	0.0	0.0	0.0
/opt/runs/hgt/model.50.2000000.0.000001.0/13/200-est	-11302.0	-20508.0	-1030.0
/opt/runs/hgt/model.50.2000000.0.000001.0/13/50-est	-1765.0	-1723.0	-520.0
/opt/runs/hgt/model.50.2000000.0.000001.0/13/50-true	-598.0	-2300.0	-138.0
/opt/runs/hgt/model.50.2000000.0.000001.0/14/200-est	-2888.0	-2351.0	-100.0
/opt/runs/hgt/model.50.2000000.0.000001.0/14/50-est	-2982.0	-3296.0	-617.0
/opt/runs/hgt/model.50.2000000.0.000001.0/14/50-true	-3204.0	-8459.0	-938.0
/opt/runs/hgt/model.50.2000000.0.000001.0/15/200-est	-11022.0	-11873.0	-1179.0
/opt/runs/hgt/model.50.2000000.0.000001.0/15/50-est	-48.0	-576.0	-48.0
/opt/runs/hgt/model.50.2000000.0.000001.0/15/50-true	0.0	0.0	0.0
/opt/runs/hgt/model.50.2000000.0.000001.0/16/200-est	-2973.0	-3469.0	-164.0
/opt/runs/hgt/model.50.2000000.0.000001.0/16/50-est	-43207.0	-51769.0	-7197.0
/opt/runs/hgt/model.50.2000000.0.000001.0/16/50-true	-276.0	-414.0	0.0
/opt/runs/hgt/model.50.2000000.0.000001.0/17/200-est	-6564.0	-12028.0	-318.0
/opt/runs/hgt/model.50.2000000.0.000001.0/17/50-est	-5000.0	-3452.0	-716.0
/opt/runs/hgt/model.50.2000000.0.000001.0/17/50-true	0.0	0.0	0.0
/opt/runs/hgt/model.50.2000000.0.000001.0/18/200-est	-1596.0	-2106.0	-201.0
/opt/runs/hgt/model.50.2000000.0.000001.0/18/50-est	-287.0	-253.0	-47.0
/opt/runs/hgt/model.50.2000000.0.000001.0/18/50-true	-801.0	-791.0	-93.0
/opt/runs/hgt/model.50.2000000.0.000001.0/19/200-est	0.0	0.0	0.0
/opt/runs/hgt/model.50.2000000.0.000001.0/19/50-est	0.0	0.0	0.0
/opt/runs/hgt/model.50.2000000.0.000001.0/19/50-true	-3.0	210.0	-1.0
/opt/runs/hgt/model.50.2000000.0.000001.0/20/200-est	-98304.0	-118019.0	-7571.0
/opt/runs/hgt/model.50.2000000.0.000001.0/20/50-est	-79708.0	-64836.0	-9707.0
/opt/runs/hgt/model.50.2000000.0.000001.0/20/50-true	-130464.0	-136248.0	-12720.0
/opt/runs/miss/2M-1E-7/06/200	-9255.0	-13437.0	-823.0
/opt/runs/miss/2M-1E-7/06/50	-6130.0	-6308.0	-859.0
/opt/runs/miss/2M-1E-7/07/200	-269.0	-1706.0	-62.0
/opt/runs/miss/2M-1E-7/07/50	-2514.0	-2756.0	-338.0
/opt/runs/miss/2M-1E-7/08/200	-1958.0	-2091.0	-129.0
/opt/runs/miss/2M-1E-7/08/50	-1131.0	-1382.0	-183.0
/opt/runs/miss/2M-1E-7/09/200	-36.0	82.0	6.0
/opt/runs/miss/2M-1E-7/09/50	-2327.0	-3770.0	-487.0
/opt/runs/miss/2M-1E-7/10/200	-2608.0	-3289.0	-196.0
/opt/runs/miss/2M-1E-7/10/50	-4141.0	-4269.0	-522.0
/opt/runs/miss/2M-1E-7/11/200	0.0	0.0	0.0
/opt/runs/miss/2M-1E-7/11/50	-1267.0	-1610.0	-219.0
/opt/runs/miss/2M-1E-7/12/200	-627.0	-517.0	-24.0
/opt/runs/miss/2M-1E-7/12/50	-728.0	-798.0	-83.0
/opt/runs/miss/2M-1E-7/13/200	-1619.0	-2956.0	-126.0
/opt/runs/miss/2M-1E-7/13/50	-2507.0	-2775.0	-341.0
/opt/runs/miss/2M-1E-7/14/200	-1365.0	-1411.0	-87.0
/opt/runs/miss/2M-1E-7/14/50	-1226.0	-1825.0	-187.0
/opt/runs/miss/2M-1E-7/15/200	0.0	0.0	0.0
/opt/runs/miss/2M-1E-7/15/50	-1737.0	-2337.0	-260.0
/opt/runs/miss/2M-1E-7/16/200	-8498.0	-9555.0	-495.0
/opt/runs/miss/2M-1E-7/16/50	-3724.0	-4698.0	-502.0
/opt/runs/miss/2M-1E-7/17/200	-1022.0	-1378.0	-62.0
/opt/runs/miss/2M-1E-7/17/50	-670.0	-818.0	-102.0
/opt/runs/miss/2M-1E-7/18/200	-498.0	-610.0	-44.0
/opt/runs/miss/2M-1E-7/18/50	-658.0	-1868.0	-120.0
/opt/runs/miss/2M-1E-7/19/200	-1669.0	-2085.0	-133.0
/opt/runs/miss/2M-1E-7/19/50	-1984.0	-1959.0	-280.0
/opt/runs/miss/2M-1E-7/20/200	0.0	0.0	0.0
/opt/runs/miss/2M-1E-7/20/50	-1050.0	-1363.0	-132.0
/opt/runs/miss/500K-1E-6/06/200	-930.0	-1636.0	-62.0
/opt/runs/miss/500K-1E-6/06/50	-2585.0	-3124.0	-350.0
/opt/runs/miss/500K-1E-6/07/200	-7481.0	-5713.0	-365.0
/opt/runs/miss/500K-1E-6/07/50	-5744.0	-5193.0	-615.0
/opt/runs/miss/500K-1E-6/08/200	-537.0	-548.0	-33.0
/opt/runs/miss/500K-1E-6/08/50	-500.0	-332.0	-27.0
/opt/runs/miss/500K-1E-6/09/200	-5711.0	-5836.0	-364.0
/opt/runs/miss/500K-1E-6/09/50	-6623.0	-7372.0	-775.0
/opt/runs/miss/500K-1E-6/10/200	-7199.0	-9617.0	-545.0
/opt/runs/miss/500K-1E-6/10/50	-7915.0	-8306.0	-996.0
/opt/runs/miss/500K-1E-6/11/200	-2446.0	-2942.0	-186.0
/opt/runs/miss/500K-1E-6/11/50	-764.0	-655.0	-71.0
/opt/runs/miss/500K-1E-6/12/200	-2207.0	-2596.0	-129.0
/opt/runs/miss/500K-1E-6/12/50	-3074.0	-3080.0	-384.0
/opt/runs/miss/500K-1E-6/13/200	-1919.0	-1652.0	-74.0
/opt/runs/miss/500K-1E-6/13/50	-3151.0	-3206.0	-320.0
/opt/runs/miss/500K-1E-6/14/200	-1941.0	-3324.0	-201.0
/opt/runs/miss/500K-1E-6/14/50	-1456.0	-1406.0	-161.0
/opt/runs/miss/500K-1E-6/15/200	-3160.0	-3945.0	-228.0
/opt/runs/miss/500K-1E-6/15/50	-2619.0	-2700.0	-335.0
/opt/runs/miss/500K-1E-6/16/200	-3294.0	-3090.0	-218.0
/opt/runs/miss/500K-1E-6/16/50	-2560.0	-2916.0	-345.0
/opt/runs/miss/500K-1E-6/17/200	-36463.0	-41121.0	-1721.0
/opt/runs/miss/500K-1E-6/17/50	-9132.0	-9721.0	-967.0
/opt/runs/miss/500K-1E-6/18/200	-2567.0	-3121.0	-203.0
/opt/runs/miss/500K-1E-6/18/50	-2521.0	-2531.0	-260.0
/opt/runs/miss/500K-1E-6/19/200	-3341.0	-3423.0	-188.0
/opt/runs/miss/500K-1E-6/19/50	-7012.0	-6710.0	-767.0
/opt/runs/miss/500K-1E-6/20/200	-3607.0	-3675.0	-175.0
/opt/runs/miss/500K-1E-6/20/50	-4875.0	-5340.0	-571.0
/opt/runs/miss/500K-1E-7/06/200	-10189.0	-13358.0	-625.0
/opt/runs/miss/500K-1E-7/06/50	-11795.0	-13093.0	-1438.0
/opt/runs/miss/500K-1E-7/07/200	-1598.0	-2559.0	-120.0
/opt/runs/miss/500K-1E-7/07/50	-4537.0	-5778.0	-678.0
/opt/runs/miss/500K-1E-7/08/200	-7634.0	-7398.0	-482.0
/opt/runs/miss/500K-1E-7/08/50	-5774.0	-6239.0	-683.0
/opt/runs/miss/500K-1E-7/09/200	-6417.0	-7515.0	-409.0
/opt/runs/miss/500K-1E-7/09/50	-2875.0	-2641.0	-321.0
/opt/runs/miss/500K-1E-7/10/200	-810.0	-976.0	-40.0
/opt/runs/miss/500K-1E-7/10/50	-1091.0	-969.0	-132.0
/opt/runs/miss/500K-1E-7/11/200	-6746.0	-7016.0	-364.0
/opt/runs/miss/500K-1E-7/11/50	-7111.0	-8036.0	-733.0
/opt/runs/miss/500K-1E-7/12/200	-15153.0	-17983.0	-730.0
/opt/runs/miss/500K-1E-7/12/50	-5798.0	-6647.0	-664.0
/opt/runs/miss/500K-1E-7/13/200	-9368.0	-8608.0	-439.0
/opt/runs/miss/500K-1E-7/13/50	-2892.0	-2663.0	-337.0
/opt/runs/miss/500K-1E-7/14/200	-8404.0	-8809.0	-489.0
/opt/runs/miss/500K-1E-7/14/50	-3582.0	-3811.0	-410.0
/opt/runs/miss/500K-1E-7/15/200	-8135.0	-8144.0	-498.0
/opt/runs/miss/500K-1E-7/15/50	-10461.0	-9500.0	-1190.0
/opt/runs/miss/500K-1E-7/16/200	-6092.0	-6671.0	-416.0
/opt/runs/miss/500K-1E-7/16/50	-9209.0	-9413.0	-1055.0
/opt/runs/miss/500K-1E-7/17/200	-880.0	-899.0	-44.0
/opt/runs/miss/500K-1E-7/17/50	-3735.0	-3810.0	-402.0
/opt/runs/miss/500K-1E-7/18/200	-14024.0	-13375.0	-853.0
/opt/runs/miss/500K-1E-7/18/50	-3865.0	-4071.0	-431.0
/opt/runs/miss/500K-1E-7/19/200	-14096.0	-13647.0	-783.0
/opt/runs/miss/500K-1E-7/19/50	-9380.0	-9403.0	-1010.0
/opt/runs/miss/500K-1E-7/20/200	-1498.0	-1470.0	-77.0
/opt/runs/miss/500K-1E-7/20/50	-2836.0	-2871.0	-298.0
