5000	stock	frag	1	2:06.93	5428732
5000	bug1only	frag	1	0:53.10	5429320
5000	bug2only	frag	1	1:28.99	5428636
5000	fix	frag	1	0:38.57	5429416
5000	stock_rsoff	frag	1	0:34.15	5133696
5000	stock	full	1	0:23.17	5460412
5000	bug1only	full	1	0:13.27	5460848
5000	bug2only	full	1	0:23.06	5460716
5000	fix	full	1	0:13.46	5461192
5000	stock_rsoff	full	1	0:12.03	5162884
10000	stock	frag	1	2:13.13	10850924
10000	bug1only	frag	1	1:04.55	10851912
10000	bug2only	frag	1	1:27.66	10850880
10000	fix	frag	1	0:45.96	10851776
10000	stock_rsoff	frag	1	0:37.15	10260904
10000	stock	full	1	0:45.00	10914744
10000	bug1only	full	1	0:28.23	10915740
10000	bug2only	full	1	0:44.24	10914740
10000	fix	full	1	0:28.53	10915768
10000	stock_rsoff	full	1	0:22.64	10319584
