condition	replicate	guide	FN_GTM	FN_floor_any_DTM_given_GTM	FN_floor_any_DTM	n_recoverable_missing	subset_tree_FN
RNASim1000	1	FT	0.17051	0.16750	0.16750	3	0.16852
RNASim1000	1	IQ	0.15948	0.15848	0.15848	1	0.15943
RNASim1000	2	FT	0.13541	0.13340	0.13340	2	0.13421
RNASim1000	2	IQ	0.13541	0.13340	0.13340	2	0.13421
RNASim1000	3	FT	0.14945	0.14744	0.14744	2	0.14834
RNASim1000	3	IQ	0.15045	0.14945	0.14945	1	0.15035
RNASim1000	4	FT	0.14443	0.14243	0.14243	2	0.14329
RNASim1000	4	IQ	0.13842	0.13842	0.13842	0	0.13925
RNASim1000	5	FT	0.13541	0.13440	0.13440	1	0.13522
RNASim1000	5	IQ	0.13440	0.13440	0.13440	0	0.13522
Cox1-HET	R01	FT	0.23567	0.23311	0.23311	6	0.23405
Cox1-HET	R01	IQ	0.22754	0.22455	0.22455	7	0.22529
Cox1-HET	R02	FT	0.17622	0.17151	0.17151	11	0.17177
Cox1-HET	R02	IQ	0.17750	0.17280	0.17280	11	0.17436
Cox1-HET	R03	FT	0.18221	0.17237	0.17237	23	0.17307
Cox1-HET	R03	IQ	0.18221	0.17879	0.17879	8	0.17997
Cox1-HET	R04	FT	0.17194	0.16852	0.16852	8	0.16962
Cox1-HET	R04	IQ	0.17109	0.16467	0.16467	15	0.16616
Cox1-HET	R05	FT	0.18648	0.18349	0.18349	7	0.18515
Cox1-HET	R05	IQ	0.18777	0.18691	0.18691	2	0.18861
Cox1-HET	R06	FT	0.18862	0.18349	0.18349	12	0.18472
Cox1-HET	R06	IQ	0.18520	0.18477	0.18477	1	0.18558
Cox1-HET	R07	FT	0.18306	0.18092	0.18092	5	0.18256
Cox1-HET	R07	IQ	0.18092	0.17964	0.17964	3	0.18127
Cox1-HET	R08	FT	0.18007	0.17579	0.17579	10	0.17738
Cox1-HET	R08	IQ	0.16980	0.16809	0.16809	4	0.16962
Cox1-HET	R09	FT	0.17194	0.16980	0.16980	5	0.17134
Cox1-HET	R09	IQ	0.17494	0.17280	0.17280	5	0.17436
Cox1-HET	R10	FT	0.20915	0.19718	0.19718	28	0.19896
Cox1-HET	R10	IQ	0.21386	0.20103	0.20103	30	0.20155
1000M1-HF	R0	FT	0.42470	0.29317	0.29317	131	0.31616
1000M1-HF	R0	IQ	0.26205	0.24398	0.24398	18	0.24444
1000M1-HF	R1	FT	0.38547	0.27750	0.27750	107	0.29340
1000M1-HF	R1	IQ	0.25328	0.24319	0.24319	10	0.24162
1000M1-HF	R2	FT	0.43001	0.31319	0.31319	116	0.33029
1000M1-HF	R2	IQ	0.28298	0.26989	0.26989	13	0.26950
1000M1-HF	R3	FT	0.38973	0.27090	0.27090	118	0.30395
1000M1-HF	R3	IQ	0.28197	0.26284	0.26284	19	0.26342
1000M1-HF	R4	FT	0.49243	0.35923	0.35923	132	0.39086
1000M1-HF	R4	IQ	0.33804	0.30878	0.30878	29	0.31168
