condition	replicate	guide	mode	FN_rerun	FN_published	RF_to_published	seconds
RNASim1000	1	FT	convex	0.17051	0.17051	0	0.36
RNASim1000	1	FT	old	0.17051	0.17051	0	0.31
RNASim1000	1	IQ	convex	0.15948	0.15948	0	0.30
RNASim1000	1	IQ	old	0.15948	0.15948	0	0.31
RNASim1000	2	FT	convex	0.13541	0.13541	0	0.31
RNASim1000	2	FT	old	0.13541	0.13541	0	0.31
RNASim1000	2	IQ	convex	0.13541	0.13541	0	0.31
RNASim1000	2	IQ	old	0.13541	0.13541	0	0.32
RNASim1000	3	FT	convex	0.14945	0.14945	0	0.31
RNASim1000	3	FT	old	0.14945	0.14945	0	0.30
RNASim1000	3	IQ	convex	0.15045	0.15045	0	0.29
RNASim1000	3	IQ	old	0.15045	0.15045	0	0.30
RNASim1000	4	FT	convex	0.14443	0.14443	0	0.30
RNASim1000	4	FT	old	0.14443	0.14443	0	0.30
RNASim1000	4	IQ	convex	0.13842	0.13842	0	0.30
RNASim1000	4	IQ	old	0.13842	0.13842	0	0.29
RNASim1000	5	FT	convex	0.13541	0.13541	0	0.33
RNASim1000	5	FT	old	0.13541	0.13541	0	0.30
RNASim1000	5	IQ	convex	0.13440	0.13440	0	0.29
RNASim1000	5	IQ	old	0.13440	0.13440	0	0.29
Cox1-HET	R01	FT	convex	0.23567	0.23567	0	0.49
Cox1-HET	R01	FT	old	0.23610	0.23567	7	0.70
Cox1-HET	R01	IQ	convex	0.22754	0.22754	0	0.48
Cox1-HET	R01	IQ	old	0.22754	0.22754	0	0.70
Cox1-HET	R02	FT	convex	0.17622	0.17622	0	0.52
Cox1-HET	R02	FT	old	0.17665	0.17622	7	0.70
Cox1-HET	R02	IQ	convex	0.17750	0.17750	0	0.53
Cox1-HET	R02	IQ	old	0.17750	0.17750	0	0.71
Cox1-HET	R03	FT	convex	0.18221	0.18221	0	0.49
Cox1-HET	R03	FT	old	0.18221	0.18221	1	0.73
Cox1-HET	R03	IQ	convex	0.18221	0.18221	0	0.49
Cox1-HET	R03	IQ	old	0.18221	0.18221	0	0.70
Cox1-HET	R04	FT	convex	0.17194	0.17194	0	0.51
Cox1-HET	R04	FT	old	0.17194	0.17194	0	0.75
Cox1-HET	R04	IQ	convex	0.17109	0.17109	0	0.51
Cox1-HET	R04	IQ	old	0.17109	0.17109	0	0.74
Cox1-HET	R05	FT	convex	0.18648	0.18648	0	0.49
Cox1-HET	R05	FT	old	0.18563	0.18648	3	0.74
Cox1-HET	R05	IQ	convex	0.18777	0.18777	0	0.57
Cox1-HET	R05	IQ	old	0.18777	0.18777	0	0.71
Cox1-HET	R06	FT	convex	0.18862	0.18862	0	0.51
Cox1-HET	R06	FT	old	0.18734	0.18862	5	0.75
Cox1-HET	R06	IQ	convex	0.18520	0.18520	0	0.52
Cox1-HET	R06	IQ	old	0.18520	0.18520	4	0.71
Cox1-HET	R07	FT	convex	0.18306	0.18306	0	0.50
Cox1-HET	R07	FT	old	0.18392	0.18306	3	0.73
Cox1-HET	R07	IQ	convex	0.18092	0.18092	0	0.51
Cox1-HET	R07	IQ	old	0.18092	0.18092	0	0.72
Cox1-HET	R08	FT	convex	0.18007	0.18007	0	0.48
Cox1-HET	R08	FT	old	0.18050	0.18007	3	0.71
Cox1-HET	R08	IQ	convex	0.16980	0.16980	0	0.53
Cox1-HET	R08	IQ	old	0.16980	0.16980	2	0.73
Cox1-HET	R09	FT	convex	0.17194	0.17194	0	0.50
Cox1-HET	R09	FT	old	0.17194	0.17194	2	0.70
Cox1-HET	R09	IQ	convex	0.17494	0.17494	0	0.53
Cox1-HET	R09	IQ	old	0.17536	0.17494	10	0.70
Cox1-HET	R10	FT	convex	0.20915	0.20915	0	0.56
Cox1-HET	R10	FT	old	0.20830	0.20915	19	0.70
Cox1-HET	R10	IQ	convex	0.21386	0.21386	0	0.46
Cox1-HET	R10	IQ	old	0.21386	0.21386	0	0.71
1000M1-HF	R0	FT	convex	0.43072	0.42470	45	0.34
1000M1-HF	R0	FT	old	0.42369	0.42470	25	0.32
1000M1-HF	R0	IQ	convex	0.26205	0.26205	0	0.29
1000M1-HF	R0	IQ	old	0.26104	0.26205	5	0.29
1000M1-HF	R1	FT	convex	0.38547	0.38547	0	0.29
1000M1-HF	R1	FT	old	0.38648	0.38547	17	0.31
1000M1-HF	R1	IQ	convex	0.25328	0.25328	0	0.29
1000M1-HF	R1	IQ	old	0.25328	0.25328	0	0.30
1000M1-HF	R2	FT	convex	0.43001	0.43001	0	0.29
1000M1-HF	R2	FT	old	0.43001	0.43001	23	0.32
1000M1-HF	R2	IQ	convex	0.28298	0.28298	0	0.30
1000M1-HF	R2	IQ	old	0.28298	0.28298	3	0.32
1000M1-HF	R3	FT	convex	0.38973	0.38973	0	0.32
1000M1-HF	R3	FT	old	0.39074	0.38973	33	0.32
1000M1-HF	R3	IQ	convex	0.28197	0.28197	0	0.31
1000M1-HF	R3	IQ	old	0.28298	0.28197	11	0.33
1000M1-HF	R4	FT	convex	0.49243	0.49243	0	0.31
1000M1-HF	R4	FT	old	0.49041	0.49243	45	0.30
1000M1-HF	R4	IQ	convex	0.33804	0.33804	0	0.29
1000M1-HF	R4	IQ	old	0.33905	0.33804	5	0.29
