condition	replicate	guide	FN_GTM_true_guide
RNASim1000	1	FT	0.17051
RNASim1000	1	IQ	0.15848
RNASim1000	2	FT	0.13340
RNASim1000	2	IQ	0.13340
RNASim1000	3	FT	0.14744
RNASim1000	3	IQ	0.14945
RNASim1000	4	FT	0.14243
RNASim1000	4	IQ	0.13842
RNASim1000	5	FT	0.13440
RNASim1000	5	IQ	0.13440
Cox1-HET	R01	FT	0.23567
Cox1-HET	R01	IQ	0.22669
Cox1-HET	R02	FT	0.17322
Cox1-HET	R02	IQ	0.17536
Cox1-HET	R03	FT	0.18092
Cox1-HET	R03	IQ	0.18092
Cox1-HET	R04	FT	0.17109
Cox1-HET	R04	IQ	0.16980
Cox1-HET	R05	FT	0.18435
Cox1-HET	R05	IQ	0.18691
Cox1-HET	R06	FT	0.18520
Cox1-HET	R06	IQ	0.18477
Cox1-HET	R07	FT	0.18178
Cox1-HET	R07	IQ	0.18050
Cox1-HET	R08	FT	0.17879
Cox1-HET	R08	IQ	0.16938
Cox1-HET	R09	FT	0.16980
Cox1-HET	R09	IQ	0.17322
Cox1-HET	R10	FT	0.20445
Cox1-HET	R10	IQ	0.21257
1000M1-HF	R0	FT	0.42169
1000M1-HF	R0	IQ	0.25904
1000M1-HF	R1	FT	0.38547
1000M1-HF	R1	IQ	0.25227
1000M1-HF	R2	FT	0.43001
1000M1-HF	R2	IQ	0.28298
1000M1-HF	R3	FT	0.38771
1000M1-HF	R3	IQ	0.28197
1000M1-HF	R4	FT	0.48840
1000M1-HF	R4	IQ	0.33804
