condition	replicate	guide	FN_GTM	FN_oracleSPR_from_GTM	FN_oracle_insert+SPR	FN_oracle_best
1000M1-HF	R0	FT	0.42470	0.42068	0.40261	0.40261
1000M1-HF	R0	IQ	0.26205	0.25904	0.25201	0.25201
1000M1-HF	R1	FT	0.38547	0.38547	0.37336	0.37336
1000M1-HF	R1	IQ	0.25328	0.25227	0.25227	0.25227
1000M1-HF	R2	FT	0.43001	0.43001	0.41188	0.41188
1000M1-HF	R2	IQ	0.28298	0.28298	0.27895	0.27895
1000M1-HF	R3	FT	0.38973	0.38771	0.38469	0.38469
1000M1-HF	R3	IQ	0.28197	0.28197	0.27190	0.27190
1000M1-HF	R4	FT	0.49243	0.48840	0.48032	0.48032
1000M1-HF	R4	IQ	0.33804	0.33804	0.33199	0.33199
