condition	guide	replicate	method	FN_GTM	FN_method	constraints_ok
1000M1-HF	FT	R0	GTM-Blend-ML	0.4246987951807229	0.4086345381526104	True
1000M1-HF	FT	R0	Pars-Insert+SPR	0.4246987951807229	0.41566265060240964	True
1000M1-HF	FT	R0	Pars-SPR	0.4246987951807229	0.41767068273092367	True
1000M1-HF	FT	R1	GTM-Blend-ML	0.3854692230070636	0.3854692230070636	True
1000M1-HF	FT	R1	Pars-Insert+SPR	0.3854692230070636	0.3854692230070636	True
1000M1-HF	FT	R1	Pars-SPR	0.3854692230070636	0.3854692230070636	True
1000M1-HF	FT	R2	GTM-Blend-ML	0.4300100704934542	0.40584088620342396	True
1000M1-HF	FT	R2	Pars-Insert+SPR	0.4300100704934542	0.42497482376636453	True
1000M1-HF	FT	R2	Pars-SPR	0.4300100704934542	0.4350453172205438	True
1000M1-HF	FT	R3	GTM-Blend-ML	0.38972809667673713	0.38872104733131924	True
1000M1-HF	FT	R3	Pars-Insert+SPR	0.38972809667673713	0.3877139979859013	True
1000M1-HF	FT	R3	Pars-SPR	0.38972809667673713	0.3867069486404834	True
1000M1-HF	FT	R4	GTM-Blend-ML	0.4924318869828456	0.48234106962663975	True
1000M1-HF	FT	R4	Pars-Insert+SPR	0.4924318869828456	0.4863773965691221	True
1000M1-HF	FT	R4	Pars-SPR	0.4924318869828456	0.48234106962663975	True
1000M1-HF	IQ	R0	GTM-Blend-ML	0.2620481927710843	0.26104417670682734	True
1000M1-HF	IQ	R0	Pars-Insert+SPR	0.2620481927710843	0.26104417670682734	True
1000M1-HF	IQ	R0	Pars-SPR	0.2620481927710843	0.26104417670682734	True
1000M1-HF	IQ	R1	GTM-Blend-ML	0.2532795156407669	0.2532795156407669	True
1000M1-HF	IQ	R1	Pars-Insert+SPR	0.2532795156407669	0.25529767911200807	True
1000M1-HF	IQ	R1	Pars-SPR	0.2532795156407669	0.2532795156407669	True
1000M1-HF	IQ	R2	GTM-Blend-ML	0.28298086606243705	0.28298086606243705	True
1000M1-HF	IQ	R2	Pars-Insert+SPR	0.28298086606243705	0.2930513595166163	True
1000M1-HF	IQ	R2	Pars-SPR	0.28298086606243705	0.2849949647532729	True
1000M1-HF	IQ	R3	GTM-Blend-ML	0.28197381671701915	0.28197381671701915	True
1000M1-HF	IQ	R3	Pars-Insert+SPR	0.28197381671701915	0.28700906344410876	True
1000M1-HF	IQ	R3	Pars-SPR	0.28197381671701915	0.28298086606243705	True
1000M1-HF	IQ	R4	GTM-Blend-ML	0.33804238143289606	0.33804238143289606	True
1000M1-HF	IQ	R4	Pars-Insert+SPR	0.33804238143289606	0.3420787083753784	True
1000M1-HF	IQ	R4	Pars-SPR	0.33804238143289606	0.33804238143289606	True
Cox1-HET	FT	R01	Pars-Insert+SPR	0.2356715141146279	0.24807527801539778	True
Cox1-HET	FT	R01	Pars-SPR	0.2356715141146279	0.23952095808383234	True
Cox1-HET	FT	R02	Pars-Insert+SPR	0.17621899059024806	0.1869118905047049	True
Cox1-HET	FT	R02	Pars-SPR	0.17621899059024806	0.179213002566296	True
Cox1-HET	FT	R03	Pars-Insert+SPR	0.1822070145423439	0.1869118905047049	True
Cox1-HET	FT	R03	Pars-SPR	0.1822070145423439	0.18562874251497005	True
Cox1-HET	FT	R04	Pars-Insert+SPR	0.17194183062446536	0.17835757057313945	True
Cox1-HET	FT	R04	Pars-SPR	0.17194183062446536	0.174508126603935	True
Cox1-HET	FT	R05	Pars-Insert+SPR	0.1864841745081266	0.1988879384088965	True
Cox1-HET	FT	R05	Pars-SPR	0.1864841745081266	0.18776732249786143	True
Cox1-HET	FT	R06	Pars-Insert+SPR	0.18862275449101795	0.19846022241231823	True
Cox1-HET	FT	R06	Pars-SPR	0.18862275449101795	0.1899059024807528	True
Cox1-HET	FT	R07	Pars-Insert+SPR	0.18306244653550044	0.19033361847733105	True
Cox1-HET	FT	R07	Pars-SPR	0.18306244653550044	0.1869118905047049	True
Cox1-HET	FT	R08	Pars-Insert+SPR	0.1800684345594525	0.18306244653550044	True
Cox1-HET	FT	R08	Pars-SPR	0.1800684345594525	0.18306244653550044	True
Cox1-HET	FT	R09	Pars-Insert+SPR	0.17194183062446536	0.17664670658682635	True
Cox1-HET	FT	R09	Pars-SPR	0.17194183062446536	0.17365269461077845	True
Cox1-HET	FT	R10	Pars-Insert+SPR	0.20915312232677502	0.21471343028229256	True
Cox1-HET	FT	R10	Pars-SPR	0.20915312232677502	0.20915312232677502	True
Cox1-HET	IQ	R01	Pars-Insert+SPR	0.2275449101796407	0.23310521813515825	True
Cox1-HET	IQ	R01	Pars-SPR	0.2275449101796407	0.23310521813515825	True
Cox1-HET	IQ	R02	Pars-Insert+SPR	0.1775021385799829	0.1894781864841745	True
Cox1-HET	IQ	R02	Pars-SPR	0.1775021385799829	0.1800684345594525	True
Cox1-HET	IQ	R03	Pars-Insert+SPR	0.1822070145423439	0.19846022241231823	True
Cox1-HET	IQ	R03	Pars-SPR	0.1822070145423439	0.1864841745081266	True
Cox1-HET	IQ	R04	Pars-Insert+SPR	0.1710863986313088	0.17493584260051326	True
Cox1-HET	IQ	R04	Pars-SPR	0.1710863986313088	0.1727972626176219	True
Cox1-HET	IQ	R05	Pars-Insert+SPR	0.18776732249786143	0.19204448246364414	True
Cox1-HET	IQ	R05	Pars-SPR	0.18776732249786143	0.1894781864841745	True
Cox1-HET	IQ	R06	Pars-Insert+SPR	0.1852010265183918	0.19632164242942687	True
Cox1-HET	IQ	R06	Pars-SPR	0.1852010265183918	0.19033361847733105	True
Cox1-HET	IQ	R07	Pars-Insert+SPR	0.18092386655260906	0.18776732249786143	True
Cox1-HET	IQ	R07	Pars-SPR	0.18092386655260906	0.1869118905047049	True
Cox1-HET	IQ	R08	Pars-Insert+SPR	0.169803250641574	0.1834901625320787	True
Cox1-HET	IQ	R08	Pars-SPR	0.169803250641574	0.1740804106073567	True
Cox1-HET	IQ	R09	Pars-Insert+SPR	0.17493584260051326	0.17964071856287425	True
Cox1-HET	IQ	R09	Pars-SPR	0.17493584260051326	0.1770744225834046	True
Cox1-HET	IQ	R10	Pars-Insert+SPR	0.21385799828913601	0.22369546621043626	True
Cox1-HET	IQ	R10	Pars-SPR	0.21385799828913601	0.21300256629597947	True
RNASim1000	FT	1	Pars-Insert+SPR	0.17051153460381144	0.17352056168505517	True
RNASim1000	FT	1	Pars-SPR	0.17051153460381144	0.17452357071213642	True
RNASim1000	FT	2	Pars-Insert+SPR	0.1354062186559679	0.13640922768304914	True
RNASim1000	FT	2	Pars-SPR	0.1354062186559679	0.13640922768304914	True
RNASim1000	FT	3	Pars-Insert+SPR	0.14944834503510532	0.15546639919759278	True
RNASim1000	FT	3	Pars-SPR	0.14944834503510532	0.15446339017051153	True
RNASim1000	FT	4	Pars-Insert+SPR	0.1444332998996991	0.14844533600802406	True
RNASim1000	FT	4	Pars-SPR	0.1444332998996991	0.14744232698094284	True
RNASim1000	FT	5	Pars-Insert+SPR	0.1354062186559679	0.14142427281845538	True
RNASim1000	FT	5	Pars-SPR	0.1354062186559679	0.13841524573721165	True
RNASim1000	IQ	1	Pars-Insert+SPR	0.15947843530591777	0.1715145436308927	True
RNASim1000	IQ	1	Pars-SPR	0.15947843530591777	0.16549648946840523	True
RNASim1000	IQ	2	Pars-Insert+SPR	0.1354062186559679	0.13640922768304914	True
RNASim1000	IQ	2	Pars-SPR	0.1354062186559679	0.13640922768304914	True
RNASim1000	IQ	3	Pars-Insert+SPR	0.15045135406218657	0.15646940822467403	True
RNASim1000	IQ	3	Pars-SPR	0.15045135406218657	0.15546639919759278	True
RNASim1000	IQ	4	Pars-Insert+SPR	0.13841524573721165	0.1444332998996991	True
RNASim1000	IQ	4	Pars-SPR	0.13841524573721165	0.1464393179538616	True
RNASim1000	IQ	5	Pars-Insert+SPR	0.13440320962888666	0.14142427281845538	True
RNASim1000	IQ	5	Pars-SPR	0.13440320962888666	0.13841524573721165	True
