condition	rep	k	FN_guide	FN_subsets	FN_GTM	FN_best_unblended	FN_oracle_blend	FN_GTM_Blend_ML	moves	logL_GTM	logL_GTM_Blend_ML	logL_true	constraints_ok	seconds
cat_n200_m50_i0.002/exact	1	5	0.6802030456852792	0.0	0.12690355329949238	0.07614213197969544	0.0	0.050761421319796954	7	-62401.652574	-62373.575775	-62361.988131	True	79
cat_n200_m50_i0.002/exact	10	5	0.6192893401015228	0.0	0.17258883248730963	0.13705583756345177	0.0	0.116751269035533	9	-62580.864635	-62548.963492	-62534.970084	True	93
cat_n200_m50_i0.002/exact	11	5	0.8274111675126904	0.0	0.26903553299492383	0.19796954314720813	0.0	0.17258883248730963	22	-63117.858696	-62949.377414	-62947.580709	True	210
cat_n200_m50_i0.002/exact	12	6	0.751269035532995	0.0	0.233502538071066	0.20812182741116753	0.0	0.08629441624365482	13	-54540.757297	-54484.438731	-54482.294727	True	145
cat_n200_m50_i0.002/exact	13	6	0.7918781725888325	0.0	0.5380710659898477	0.5177664974619289	0.0	0.12690355329949238	33	-61684.387793	-61278.101797	-61274.187464	True	424
cat_n200_m50_i0.002/exact	14	4	0.7106598984771574	0.0	0.09644670050761421	0.06091370558375635	0.0	0.09137055837563451	1	-60362.974331	-60359.449564	-60343.051361	True	18
cat_n200_m50_i0.002/exact	15	4	0.6040609137055838	0.0	0.09137055837563451	0.06091370558375635	0.0	0.03553299492385787	10	-54393.806153	-54380.352588	-54383.427177	True	92
cat_n200_m50_i0.002/exact	16	5	0.8121827411167513	0.0	0.29441624365482233	0.27411167512690354	0.0	0.2893401015228426	2	-56652.584817	-56626.33905	-56611.654556	True	30
cat_n200_m50_i0.002/exact	17	5	0.766497461928934	0.0	0.14720812182741116	0.10152284263959391	0.0	0.1218274111675127	4	-57988.839751	-57974.786657	-57960.663291	True	47
cat_n200_m50_i0.002/exact	18	6	0.6548223350253807	0.0	0.22842639593908629	0.09137055837563451	0.0	0.1116751269035533	11	-59775.681977	-59166.296284	-59088.001901	True	135
cat_n200_m50_i0.002/exact	19	5	0.8071065989847716	0.0	0.4619289340101523	0.2893401015228426	0.0	0.19796954314720813	17	-69424.773332	-69200.504476	-69183.155743	True	172
cat_n200_m50_i0.002/exact	2	6	0.8071065989847716	0.0	0.3248730964467005	0.24873096446700507	0.0	0.25888324873096447	10	-61841.652511	-61235.318684	-61209.050136	True	135
cat_n200_m50_i0.002/exact	20	5	0.7918781725888325	0.0	0.34517766497461927	0.29441624365482233	0.0	0.29441624365482233	9	-64581.205	-64540.779839	-64497.491506	True	88
cat_n200_m50_i0.002/exact	3	5	0.817258883248731	0.0	0.20304568527918782	0.16243654822335024	0.0	0.15228426395939088	4	-63441.567147	-63418.166973	-63402.588513	True	50
cat_n200_m50_i0.002/exact	4	4	0.7918781725888325	0.0	0.03553299492385787	0.02030456852791878	0.0	0.02030456852791878	4	-57974.676171	-57955.526315	-57957.202158	True	39
cat_n200_m50_i0.002/exact	5	5	0.7563451776649747	0.0	0.22842639593908629	0.18274111675126903	0.0	0.18781725888324874	6	-60721.213317	-60696.999177	-60662.48514	True	68
cat_n200_m50_i0.002/exact	6	5	0.7360406091370558	0.0	0.29441624365482233	0.18274111675126903	0.0	0.19289340101522842	9	-64766.478642	-64667.503934	-64627.983864	True	103
cat_n200_m50_i0.002/exact	7	6	0.8223350253807107	0.0	0.5583756345177665	0.49746192893401014	0.0	0.24873096446700507	41	-58294.228905	-57684.784905	-57149.37293	True	528
cat_n200_m50_i0.002/exact	8	4	0.9187817258883249	0.0	0.36548223350253806	0.3401015228426396	0.0	0.29441624365482233	4	-58459.766665	-58435.220102	-58394.895631	True	43
cat_n200_m50_i0.002/exact	9	5	0.7868020304568528	0.0	0.29949238578680204	0.27411167512690354	0.0	0.25380710659898476	5	-60369.112625	-60349.763127	-60319.208467	True	56
yule_n200_m50_i0.005/exact	1	7	0.5279187817258884	0.0	0.20812182741116753	0.15228426395939088	0.0	0.05583756345177665	13	-56852.189158	-56582.377018	-56104.418825	True	424
yule_n200_m50_i0.005/iqtree	1	7	0.5279187817258884	0.3128491620111732	0.4517766497461929	0.41116751269035534	0.36548223350253806	0.3553299492385787	12	-56767.863128	-56583.000525	-56104.418825	True	325
yule_n200_m50_i0.005/exact	10	7	0.5634517766497462	0.0	0.2131979695431472	0.16243654822335024	0.0	0.04568527918781726	15	-66217.500516	-66043.499742	-65509.017215	True	695
yule_n200_m50_i0.005/iqtree	10	7	0.5634517766497462	0.3854748603351955	0.4873096446700508	0.45685279187817257	0.41624365482233505	0.4213197969543147	10	-66176.112823	-66056.535389	-65509.017215	True	462
yule_n200_m50_i0.005/exact	11	6	0.5228426395939086	0.0	0.25888324873096447	0.24873096446700507	0.0	0.1218274111675127	21	-60617.916781	-60423.869562	-59907.675679	True	708
yule_n200_m50_i0.005/exact	12	6	0.5329949238578681	0.0	0.20812182741116753	0.17766497461928935	0.0	0.07614213197969544	13	-61766.760267	-61632.313268	-61099.317683	True	646
yule_n200_m50_i0.005/exact	13	6	0.49238578680203043	0.0	0.2436548223350254	0.17766497461928935	0.0	0.08629441624365482	17	-60436.164795	-60150.138123	-59680.707161	True	721
yule_n200_m50_i0.005/exact	14	6	0.5888324873096447	0.0	0.28426395939086296	0.25380710659898476	0.0	0.20812182741116753	13	-60037.351435	-59913.027191	-59354.585137	True	498
yule_n200_m50_i0.005/exact	15	6	0.48223350253807107	0.0	0.18274111675126903	0.16751269035532995	0.0	0.07614213197969544	11	-58398.830508	-58269.777582	-57738.458423	True	435
yule_n200_m50_i0.005/exact	16	7	0.6142131979695431	0.0	0.41116751269035534	0.39086294416243655	0.0	0.2436548223350254	29	-60359.704798	-59962.050268	-59413.932631	True	1299
yule_n200_m50_i0.005/exact	17	5	0.5685279187817259	0.0	0.22842639593908629	0.2131979695431472	0.0	0.09137055837563451	17	-59798.87624	-59598.28935	-59067.246998	True	488
yule_n200_m50_i0.005/exact	18	6	0.5076142131979695	0.0	0.17258883248730963	0.1319796954314721	0.0	0.04060913705583756	13	-62100.889236	-61945.127273	-61430.850279	True	466
yule_n200_m50_i0.005/exact	19	6	0.6700507614213198	0.0	0.3299492385786802	0.3147208121827411	0.0	0.233502538071066	30	-68730.416468	-68513.066657	-67993.159855	True	947
yule_n200_m50_i0.005/exact	2	5	0.5989847715736041	0.0	0.15736040609137056	0.1319796954314721	0.0	0.04060913705583756	10	-65365.330299	-65289.1437	-64767.72376	True	228
yule_n200_m50_i0.005/iqtree	2	5	0.5989847715736041	0.372972972972973	0.4720812182741117	0.4467005076142132	0.467005076142132	0.43147208121827413	8	-65386.766273	-65295.419398	-64767.72376	True	165
yule_n200_m50_i0.005/exact	20	6	0.6751269035532995	0.0	0.350253807106599	0.3248730964467005	0.0	0.09644670050761421	39	-62371.570091	-61985.015585	-61434.30836	True	1015
yule_n200_m50_i0.005/exact	3	5	0.6345177664974619	0.0	0.41116751269035534	0.38578680203045684	0.0	0.08121827411167512	32	-68323.465899	-67375.994656	-67381.331161	True	798
yule_n200_m50_i0.005/iqtree	3	5	0.6345177664974619	0.2918918918918919	0.5888324873096447	0.5736040609137056	0.39593908629441626	0.43147208121827413	24	-68284.1958	-67451.981713	-67381.331161	True	542
yule_n200_m50_i0.005/exact	4	5	0.6345177664974619	0.0	0.4517766497461929	0.43147208121827413	0.0	0.41624365482233505	4	-62059.904905	-61366.670977	-61024.124259	True	127
yule_n200_m50_i0.005/iqtree	4	5	0.6345177664974619	0.3027027027027027	0.5939086294416244	0.5786802030456852	0.5482233502538071	0.5329949238578681	13	-62043.55255	-61303.387611	-61024.124259	True	259
yule_n200_m50_i0.005/exact	5	6	0.5329949238578681	0.0	0.25888324873096447	0.22842639593908629	0.0	0.06091370558375635	25	-60659.799856	-60340.290188	-59865.620377	True	714
yule_n200_m50_i0.005/iqtree	5	6	0.5329949238578681	0.37362637362637363	0.5076142131979695	0.49238578680203043	0.48223350253807107	0.4720812182741117	12	-60635.871415	-60472.720283	-59865.620377	True	328
yule_n200_m50_i0.005/exact	6	6	0.5736040609137056	0.0	0.233502538071066	0.15736040609137056	0.0	0.1065989847715736	18	-66495.83471	-66328.853215	-65709.933909	True	531
yule_n200_m50_i0.005/iqtree	6	6	0.5736040609137056	0.37362637362637363	0.4873096446700508	0.4619289340101523	0.4416243654822335	0.47715736040609136	8	-66455.990787	-66390.358943	-65709.933909	True	208
yule_n200_m50_i0.005/exact	7	7	0.5786802030456852	0.0	0.3147208121827411	0.25888324873096447	0.0	0.18781725888324874	17	-64549.54263	-64233.51685	-63689.916543	True	622
yule_n200_m50_i0.005/iqtree	7	7	0.5786802030456852	0.2849162011173184	0.5076142131979695	0.467005076142132	0.4365482233502538	0.43147208121827413	14	-64455.050087	-64209.131877	-63689.916543	True	460
yule_n200_m50_i0.005/exact	8	5	0.5177664974619289	0.0	0.25888324873096447	0.2436548223350254	0.0	0.06598984771573604	23	-66800.858604	-66547.955205	-65957.631936	True	549
yule_n200_m50_i0.005/iqtree	8	5	0.5177664974619289	0.2648648648648649	0.4517766497461929	0.4467005076142132	0.29949238578680204	0.3553299492385787	12	-66775.822875	-66630.416715	-65957.631936	True	250
yule_n200_m50_i0.005/exact	9	5	0.7055837563451777	0.0	0.4263959390862944	0.41116751269035534	0.0	0.4010152284263959	6	-64069.1377	-63938.137884	-63656.431294	True	201
yule_n200_m50_i0.005/iqtree	9	5	0.7055837563451777	0.31351351351351353	0.6040609137055838	0.5989847715736041	0.5076142131979695	0.5177664974619289	18	-64628.086529	-63730.510157	-63656.431294	True	612
