kind,n,mbl,seed,p,fn_full_astrid,fn_lim_astrid,diff_astrid,fn_full_nj,fn_lim_nj,diff_nj
yule,10,0.05,0,0.3,0.0,0.14285714285714285,0.14285714285714285,0.0,0.14285714285714285,0.14285714285714285
yule,10,0.05,0,0.5,0.0,0.14285714285714285,0.14285714285714285,0.0,0.14285714285714285,0.14285714285714285
yule,10,0.05,0,0.7,0.0,0.14285714285714285,0.14285714285714285,0.0,0.0,0.0
yule,10,0.05,0,0.9,0.0,0.0,0.0,0.0,0.0,0.0
yule,10,0.05,1,0.3,0.0,0.0,0.0,0.0,0.0,0.0
yule,10,0.05,1,0.5,0.0,0.0,0.0,0.0,0.0,0.0
yule,10,0.05,1,0.7,0.0,0.0,0.0,0.0,0.0,0.0
yule,10,0.05,1,0.9,0.0,0.0,0.0,0.0,0.0,0.0
yule,10,0.05,2,0.3,0.14285714285714285,0.14285714285714285,0.0,0.14285714285714285,0.14285714285714285,0.0
yule,10,0.05,2,0.5,0.14285714285714285,0.14285714285714285,0.0,0.14285714285714285,0.14285714285714285,0.0
yule,10,0.05,2,0.7,0.14285714285714285,0.14285714285714285,0.0,0.14285714285714285,0.14285714285714285,0.0
yule,10,0.05,2,0.9,0.14285714285714285,0.14285714285714285,0.0,0.14285714285714285,0.14285714285714285,0.0
yule,10,0.05,3,0.3,0.0,0.0,0.0,0.0,0.0,0.0
yule,10,0.05,3,0.5,0.0,0.0,0.0,0.0,0.0,0.0
yule,10,0.05,3,0.7,0.0,0.0,0.0,0.0,0.0,0.0
yule,10,0.05,3,0.9,0.0,0.0,0.0,0.0,0.0,0.0
yule,10,0.05,4,0.3,0.0,0.0,0.0,0.0,0.0,0.0
yule,10,0.05,4,0.5,0.0,0.0,0.0,0.0,0.0,0.0
yule,10,0.05,4,0.7,0.0,0.0,0.0,0.0,0.0,0.0
yule,10,0.05,4,0.9,0.0,0.0,0.0,0.0,0.0,0.0
yule,10,0.05,5,0.3,0.14285714285714285,0.14285714285714285,0.0,0.14285714285714285,0.14285714285714285,0.0
yule,10,0.05,5,0.5,0.14285714285714285,0.14285714285714285,0.0,0.14285714285714285,0.14285714285714285,0.0
yule,10,0.05,5,0.7,0.14285714285714285,0.14285714285714285,0.0,0.14285714285714285,0.14285714285714285,0.0
yule,10,0.05,5,0.9,0.14285714285714285,0.0,0.14285714285714285,0.14285714285714285,0.0,0.14285714285714285
yule,10,0.05,6,0.3,0.14285714285714285,0.14285714285714285,0.0,0.14285714285714285,0.14285714285714285,0.0
yule,10,0.05,6,0.5,0.14285714285714285,0.14285714285714285,0.0,0.14285714285714285,0.14285714285714285,0.0
yule,10,0.05,6,0.7,0.14285714285714285,0.2857142857142857,0.14285714285714285,0.14285714285714285,0.2857142857142857,0.14285714285714285
yule,10,0.05,6,0.9,0.14285714285714285,0.2857142857142857,0.14285714285714285,0.14285714285714285,0.2857142857142857,0.14285714285714285
yule,10,0.05,7,0.3,0.14285714285714285,0.14285714285714285,0.0,0.14285714285714285,0.14285714285714285,0.0
yule,10,0.05,7,0.5,0.14285714285714285,0.14285714285714285,0.0,0.14285714285714285,0.14285714285714285,0.0
yule,10,0.05,7,0.7,0.14285714285714285,0.14285714285714285,0.0,0.14285714285714285,0.14285714285714285,0.0
yule,10,0.05,7,0.9,0.14285714285714285,0.14285714285714285,0.0,0.14285714285714285,0.14285714285714285,0.0
yule,10,0.05,8,0.3,0.14285714285714285,0.14285714285714285,0.0,0.14285714285714285,0.14285714285714285,0.0
yule,10,0.05,8,0.5,0.14285714285714285,0.14285714285714285,0.0,0.14285714285714285,0.14285714285714285,0.0
yule,10,0.05,8,0.7,0.14285714285714285,0.14285714285714285,0.0,0.14285714285714285,0.14285714285714285,0.0
yule,10,0.05,8,0.9,0.14285714285714285,0.14285714285714285,0.0,0.14285714285714285,0.14285714285714285,0.0
yule,10,0.05,9,0.3,0.14285714285714285,0.14285714285714285,0.0,0.14285714285714285,0.14285714285714285,0.0
yule,10,0.05,9,0.5,0.14285714285714285,0.14285714285714285,0.0,0.14285714285714285,0.14285714285714285,0.0
yule,10,0.05,9,0.7,0.14285714285714285,0.14285714285714285,0.0,0.14285714285714285,0.14285714285714285,0.0
yule,10,0.05,9,0.9,0.14285714285714285,0.14285714285714285,0.0,0.14285714285714285,0.14285714285714285,0.0
yule,10,0.2,0,0.3,0.14285714285714285,0.14285714285714285,0.0,0.14285714285714285,0.14285714285714285,0.0
yule,10,0.2,0,0.5,0.14285714285714285,0.14285714285714285,0.0,0.14285714285714285,0.14285714285714285,0.0
yule,10,0.2,0,0.7,0.14285714285714285,0.14285714285714285,0.0,0.14285714285714285,0.14285714285714285,0.0
yule,10,0.2,0,0.9,0.14285714285714285,0.14285714285714285,0.0,0.14285714285714285,0.14285714285714285,0.0
yule,10,0.2,1,0.3,0.0,0.0,0.0,0.0,0.0,0.0
yule,10,0.2,1,0.5,0.0,0.0,0.0,0.0,0.0,0.0
yule,10,0.2,1,0.7,0.0,0.0,0.0,0.0,0.0,0.0
yule,10,0.2,1,0.9,0.0,0.0,0.0,0.0,0.0,0.0
yule,10,0.2,2,0.3,0.0,0.0,0.0,0.0,0.0,0.0
yule,10,0.2,2,0.5,0.0,0.0,0.0,0.0,0.0,0.0
yule,10,0.2,2,0.7,0.0,0.0,0.0,0.0,0.0,0.0
yule,10,0.2,2,0.9,0.0,0.0,0.0,0.0,0.0,0.0
yule,10,0.2,3,0.3,0.0,0.0,0.0,0.0,0.0,0.0
yule,10,0.2,3,0.5,0.0,0.0,0.0,0.0,0.0,0.0
yule,10,0.2,3,0.7,0.0,0.0,0.0,0.0,0.0,0.0
yule,10,0.2,3,0.9,0.0,0.0,0.0,0.0,0.0,0.0
yule,10,0.2,4,0.3,0.0,0.0,0.0,0.0,0.0,0.0
yule,10,0.2,4,0.5,0.0,0.0,0.0,0.0,0.0,0.0
yule,10,0.2,4,0.7,0.0,0.0,0.0,0.0,0.0,0.0
yule,10,0.2,4,0.9,0.0,0.0,0.0,0.0,0.0,0.0
yule,10,0.2,5,0.3,0.0,0.0,0.0,0.0,0.0,0.0
yule,10,0.2,5,0.5,0.0,0.0,0.0,0.0,0.0,0.0
yule,10,0.2,5,0.7,0.0,0.0,0.0,0.0,0.0,0.0
yule,10,0.2,5,0.9,0.0,0.0,0.0,0.0,0.0,0.0
yule,10,0.2,6,0.3,0.2857142857142857,0.2857142857142857,0.0,0.2857142857142857,0.2857142857142857,0.0
yule,10,0.2,6,0.5,0.2857142857142857,0.2857142857142857,0.0,0.2857142857142857,0.2857142857142857,0.0
yule,10,0.2,6,0.7,0.2857142857142857,0.2857142857142857,0.14285714285714285,0.2857142857142857,0.2857142857142857,0.14285714285714285
yule,10,0.2,6,0.9,0.2857142857142857,0.2857142857142857,0.14285714285714285,0.2857142857142857,0.2857142857142857,0.14285714285714285
yule,10,0.2,7,0.3,0.0,0.0,0.0,0.0,0.0,0.0
yule,10,0.2,7,0.5,0.0,0.0,0.0,0.0,0.0,0.0
yule,10,0.2,7,0.7,0.0,0.14285714285714285,0.14285714285714285,0.0,0.14285714285714285,0.14285714285714285
yule,10,0.2,7,0.9,0.0,0.14285714285714285,0.14285714285714285,0.0,0.14285714285714285,0.14285714285714285
yule,10,0.2,8,0.3,0.0,0.0,0.0,0.0,0.0,0.0
yule,10,0.2,8,0.5,0.0,0.0,0.0,0.0,0.0,0.0
yule,10,0.2,8,0.7,0.0,0.0,0.0,0.0,0.0,0.0
yule,10,0.2,8,0.9,0.0,0.0,0.0,0.0,0.0,0.0
yule,10,0.2,9,0.3,0.0,0.0,0.0,0.0,0.0,0.0
yule,10,0.2,9,0.5,0.0,0.0,0.0,0.0,0.0,0.0
yule,10,0.2,9,0.7,0.0,0.0,0.0,0.0,0.0,0.0
yule,10,0.2,9,0.9,0.0,0.14285714285714285,0.14285714285714285,0.0,0.14285714285714285,0.14285714285714285
yule,10,1.0,0,0.3,0.14285714285714285,0.14285714285714285,0.0,0.14285714285714285,0.14285714285714285,0.0
yule,10,1.0,0,0.5,0.14285714285714285,0.14285714285714285,0.0,0.14285714285714285,0.14285714285714285,0.0
yule,10,1.0,0,0.7,0.14285714285714285,0.14285714285714285,0.0,0.14285714285714285,0.14285714285714285,0.0
yule,10,1.0,0,0.9,0.14285714285714285,0.14285714285714285,0.0,0.14285714285714285,0.14285714285714285,0.0
yule,10,1.0,1,0.3,0.0,0.0,0.0,0.0,0.0,0.0
yule,10,1.0,1,0.5,0.0,0.0,0.0,0.0,0.0,0.0
yule,10,1.0,1,0.7,0.0,0.0,0.0,0.0,0.0,0.0
yule,10,1.0,1,0.9,0.0,0.0,0.0,0.0,0.0,0.0
yule,10,1.0,2,0.3,0.0,0.0,0.0,0.0,0.0,0.0
yule,10,1.0,2,0.5,0.0,0.0,0.0,0.0,0.0,0.0
yule,10,1.0,2,0.7,0.0,0.0,0.0,0.0,0.0,0.0
yule,10,1.0,2,0.9,0.0,0.0,0.0,0.0,0.0,0.0
yule,10,1.0,3,0.3,0.0,0.0,0.0,0.0,0.0,0.0
yule,10,1.0,3,0.5,0.0,0.0,0.0,0.0,0.0,0.0
yule,10,1.0,3,0.7,0.0,0.0,0.0,0.0,0.0,0.0
yule,10,1.0,3,0.9,0.0,0.0,0.0,0.0,0.0,0.0
yule,10,1.0,4,0.3,0.0,0.0,0.0,0.0,0.0,0.0
yule,10,1.0,4,0.5,0.0,0.0,0.0,0.0,0.0,0.0
yule,10,1.0,4,0.7,0.0,0.0,0.0,0.0,0.0,0.0
yule,10,1.0,4,0.9,0.0,0.0,0.0,0.0,0.0,0.0
yule,10,1.0,5,0.3,0.0,0.0,0.0,0.0,0.0,0.0
yule,10,1.0,5,0.5,0.0,0.0,0.0,0.0,0.0,0.0
yule,10,1.0,5,0.7,0.0,0.0,0.0,0.0,0.0,0.0
yule,10,1.0,5,0.9,0.0,0.0,0.0,0.0,0.0,0.0
yule,10,1.0,6,0.3,0.14285714285714285,0.14285714285714285,0.0,0.14285714285714285,0.14285714285714285,0.0
yule,10,1.0,6,0.5,0.14285714285714285,0.14285714285714285,0.0,0.14285714285714285,0.14285714285714285,0.0
yule,10,1.0,6,0.7,0.14285714285714285,0.0,0.14285714285714285,0.14285714285714285,0.0,0.14285714285714285
yule,10,1.0,6,0.9,0.14285714285714285,0.14285714285714285,0.14285714285714285,0.14285714285714285,0.14285714285714285,0.14285714285714285
yule,10,1.0,7,0.3,0.0,0.0,0.0,0.0,0.0,0.0
yule,10,1.0,7,0.5,0.0,0.0,0.0,0.0,0.0,0.0
yule,10,1.0,7,0.7,0.0,0.0,0.0,0.0,0.0,0.0
yule,10,1.0,7,0.9,0.0,0.0,0.0,0.0,0.0,0.0
yule,10,1.0,8,0.3,0.0,0.0,0.0,0.0,0.0,0.0
yule,10,1.0,8,0.5,0.0,0.0,0.0,0.0,0.0,0.0
yule,10,1.0,8,0.7,0.0,0.0,0.0,0.0,0.0,0.0
yule,10,1.0,8,0.9,0.0,0.0,0.0,0.0,0.0,0.0
yule,10,1.0,9,0.3,0.0,0.14285714285714285,0.14285714285714285,0.0,0.14285714285714285,0.14285714285714285
yule,10,1.0,9,0.5,0.0,0.14285714285714285,0.14285714285714285,0.0,0.14285714285714285,0.14285714285714285
yule,10,1.0,9,0.7,0.0,0.14285714285714285,0.14285714285714285,0.0,0.14285714285714285,0.14285714285714285
yule,10,1.0,9,0.9,0.0,0.14285714285714285,0.14285714285714285,0.0,0.14285714285714285,0.14285714285714285
yule,20,0.05,0,0.3,0.0,0.0,0.0,0.0,0.0,0.0
yule,20,0.05,0,0.5,0.0,0.0,0.0,0.0,0.0,0.0
yule,20,0.05,0,0.7,0.0,0.0,0.0,0.0,0.0,0.0
yule,20,0.05,0,0.9,0.0,0.0,0.0,0.0,0.0,0.0
yule,20,0.05,1,0.3,0.058823529411764705,0.058823529411764705,0.0,0.058823529411764705,0.058823529411764705,0.0
yule,20,0.05,1,0.5,0.058823529411764705,0.058823529411764705,0.0,0.058823529411764705,0.058823529411764705,0.0
yule,20,0.05,1,0.7,0.058823529411764705,0.058823529411764705,0.0,0.058823529411764705,0.058823529411764705,0.0
yule,20,0.05,1,0.9,0.058823529411764705,0.058823529411764705,0.0,0.058823529411764705,0.058823529411764705,0.058823529411764705
yule,20,0.05,2,0.3,0.11764705882352941,0.11764705882352941,0.0,0.11764705882352941,0.11764705882352941,0.0
yule,20,0.05,2,0.5,0.11764705882352941,0.11764705882352941,0.0,0.11764705882352941,0.11764705882352941,0.0
yule,20,0.05,2,0.7,0.11764705882352941,0.058823529411764705,0.058823529411764705,0.11764705882352941,0.058823529411764705,0.058823529411764705
yule,20,0.05,2,0.9,0.11764705882352941,0.058823529411764705,0.058823529411764705,0.11764705882352941,0.058823529411764705,0.058823529411764705
yule,20,0.05,3,0.3,0.11764705882352941,0.058823529411764705,0.058823529411764705,0.058823529411764705,0.058823529411764705,0.0
yule,20,0.05,3,0.5,0.11764705882352941,0.058823529411764705,0.058823529411764705,0.058823529411764705,0.058823529411764705,0.0
yule,20,0.05,3,0.7,0.11764705882352941,0.058823529411764705,0.058823529411764705,0.058823529411764705,0.058823529411764705,0.0
yule,20,0.05,3,0.9,0.11764705882352941,0.058823529411764705,0.058823529411764705,0.058823529411764705,0.058823529411764705,0.0
yule,20,0.05,4,0.3,0.17647058823529413,0.17647058823529413,0.0,0.17647058823529413,0.17647058823529413,0.0
yule,20,0.05,4,0.5,0.17647058823529413,0.17647058823529413,0.0,0.17647058823529413,0.17647058823529413,0.0
yule,20,0.05,4,0.7,0.17647058823529413,0.17647058823529413,0.0,0.17647058823529413,0.17647058823529413,0.0
yule,20,0.05,4,0.9,0.17647058823529413,0.17647058823529413,0.0,0.17647058823529413,0.17647058823529413,0.0
yule,20,0.05,5,0.3,0.0,0.0,0.0,0.0,0.0,0.0
yule,20,0.05,5,0.5,0.0,0.0,0.0,0.0,0.0,0.0
yule,20,0.05,5,0.7,0.0,0.0,0.0,0.0,0.0,0.0
yule,20,0.05,5,0.9,0.0,0.0,0.0,0.0,0.0,0.0
yule,20,0.05,6,0.3,0.058823529411764705,0.0,0.058823529411764705,0.058823529411764705,0.0,0.058823529411764705
yule,20,0.05,6,0.5,0.058823529411764705,0.0,0.058823529411764705,0.058823529411764705,0.0,0.058823529411764705
yule,20,0.05,6,0.7,0.058823529411764705,0.0,0.058823529411764705,0.058823529411764705,0.0,0.058823529411764705
yule,20,0.05,6,0.9,0.058823529411764705,0.0,0.058823529411764705,0.058823529411764705,0.058823529411764705,0.0
yule,20,0.05,7,0.3,0.17647058823529413,0.17647058823529413,0.0,0.17647058823529413,0.17647058823529413,0.0
yule,20,0.05,7,0.5,0.17647058823529413,0.17647058823529413,0.0,0.17647058823529413,0.17647058823529413,0.0
yule,20,0.05,7,0.7,0.17647058823529413,0.17647058823529413,0.0,0.17647058823529413,0.17647058823529413,0.0
yule,20,0.05,7,0.9,0.17647058823529413,0.17647058823529413,0.0,0.17647058823529413,0.17647058823529413,0.0
yule,20,0.05,8,0.3,0.17647058823529413,0.23529411764705882,0.058823529411764705,0.17647058823529413,0.17647058823529413,0.0
yule,20,0.05,8,0.5,0.17647058823529413,0.23529411764705882,0.058823529411764705,0.17647058823529413,0.23529411764705882,0.058823529411764705
yule,20,0.05,8,0.7,0.17647058823529413,0.23529411764705882,0.058823529411764705,0.17647058823529413,0.23529411764705882,0.058823529411764705
yule,20,0.05,8,0.9,0.17647058823529413,0.23529411764705882,0.058823529411764705,0.17647058823529413,0.23529411764705882,0.058823529411764705
yule,20,0.05,9,0.3,0.058823529411764705,0.058823529411764705,0.0,0.058823529411764705,0.058823529411764705,0.0
yule,20,0.05,9,0.5,0.058823529411764705,0.058823529411764705,0.0,0.058823529411764705,0.058823529411764705,0.0
yule,20,0.05,9,0.7,0.058823529411764705,0.058823529411764705,0.0,0.058823529411764705,0.058823529411764705,0.0
yule,20,0.05,9,0.9,0.058823529411764705,0.058823529411764705,0.0,0.058823529411764705,0.058823529411764705,0.0
yule,20,0.2,0,0.3,0.0,0.0,0.0,0.0,0.0,0.0
yule,20,0.2,0,0.5,0.0,0.0,0.0,0.0,0.0,0.0
yule,20,0.2,0,0.7,0.0,0.0,0.0,0.0,0.0,0.0
yule,20,0.2,0,0.9,0.0,0.0,0.0,0.0,0.0,0.0
yule,20,0.2,1,0.3,0.0,0.0,0.0,0.0,0.0,0.0
yule,20,0.2,1,0.5,0.0,0.0,0.0,0.0,0.0,0.0
yule,20,0.2,1,0.7,0.0,0.0,0.0,0.0,0.0,0.0
yule,20,0.2,1,0.9,0.0,0.0,0.0,0.0,0.0,0.0
yule,20,0.2,2,0.3,0.0,0.0,0.0,0.0,0.0,0.0
yule,20,0.2,2,0.5,0.0,0.0,0.0,0.0,0.0,0.0
yule,20,0.2,2,0.7,0.0,0.0,0.0,0.0,0.0,0.0
yule,20,0.2,2,0.9,0.0,0.0,0.0,0.0,0.0,0.0
yule,20,0.2,3,0.3,0.11764705882352941,0.11764705882352941,0.0,0.11764705882352941,0.11764705882352941,0.0
yule,20,0.2,3,0.5,0.11764705882352941,0.11764705882352941,0.0,0.11764705882352941,0.11764705882352941,0.0
yule,20,0.2,3,0.7,0.11764705882352941,0.11764705882352941,0.0,0.11764705882352941,0.11764705882352941,0.0
yule,20,0.2,3,0.9,0.11764705882352941,0.11764705882352941,0.0,0.11764705882352941,0.11764705882352941,0.0
yule,20,0.2,4,0.3,0.058823529411764705,0.058823529411764705,0.0,0.058823529411764705,0.058823529411764705,0.0
yule,20,0.2,4,0.5,0.058823529411764705,0.058823529411764705,0.0,0.058823529411764705,0.058823529411764705,0.0
yule,20,0.2,4,0.7,0.058823529411764705,0.058823529411764705,0.0,0.058823529411764705,0.058823529411764705,0.0
yule,20,0.2,4,0.9,0.058823529411764705,0.0,0.058823529411764705,0.058823529411764705,0.0,0.058823529411764705
yule,20,0.2,5,0.3,0.11764705882352941,0.17647058823529413,0.058823529411764705,0.11764705882352941,0.17647058823529413,0.058823529411764705
yule,20,0.2,5,0.5,0.11764705882352941,0.17647058823529413,0.058823529411764705,0.11764705882352941,0.17647058823529413,0.058823529411764705
yule,20,0.2,5,0.7,0.11764705882352941,0.11764705882352941,0.0,0.11764705882352941,0.11764705882352941,0.0
yule,20,0.2,5,0.9,0.11764705882352941,0.11764705882352941,0.0,0.11764705882352941,0.11764705882352941,0.0
yule,20,0.2,6,0.3,0.0,0.0,0.0,0.0,0.0,0.0
yule,20,0.2,6,0.5,0.0,0.0,0.0,0.0,0.0,0.0
yule,20,0.2,6,0.7,0.0,0.0,0.0,0.0,0.0,0.0
yule,20,0.2,6,0.9,0.0,0.0,0.0,0.0,0.0,0.0
yule,20,0.2,7,0.3,0.0,0.11764705882352941,0.11764705882352941,0.11764705882352941,0.11764705882352941,0.0
yule,20,0.2,7,0.5,0.0,0.11764705882352941,0.11764705882352941,0.11764705882352941,0.11764705882352941,0.0
yule,20,0.2,7,0.7,0.0,0.11764705882352941,0.11764705882352941,0.11764705882352941,0.11764705882352941,0.0
yule,20,0.2,7,0.9,0.0,0.0,0.0,0.11764705882352941,0.058823529411764705,0.058823529411764705
yule,20,0.2,8,0.3,0.11764705882352941,0.11764705882352941,0.0,0.11764705882352941,0.11764705882352941,0.0
yule,20,0.2,8,0.5,0.11764705882352941,0.11764705882352941,0.0,0.11764705882352941,0.11764705882352941,0.0
yule,20,0.2,8,0.7,0.11764705882352941,0.058823529411764705,0.058823529411764705,0.11764705882352941,0.058823529411764705,0.058823529411764705
yule,20,0.2,8,0.9,0.11764705882352941,0.11764705882352941,0.11764705882352941,0.11764705882352941,0.058823529411764705,0.058823529411764705
yule,20,0.2,9,0.3,0.0,0.0,0.0,0.0,0.0,0.0
yule,20,0.2,9,0.5,0.0,0.0,0.0,0.0,0.0,0.0
yule,20,0.2,9,0.7,0.0,0.0,0.0,0.0,0.0,0.0
yule,20,0.2,9,0.9,0.0,0.0,0.0,0.0,0.0,0.0
yule,20,1.0,0,0.3,0.0,0.0,0.0,0.0,0.0,0.0
yule,20,1.0,0,0.5,0.0,0.0,0.0,0.0,0.0,0.0
yule,20,1.0,0,0.7,0.0,0.0,0.0,0.0,0.0,0.0
yule,20,1.0,0,0.9,0.0,0.0,0.0,0.0,0.0,0.0
yule,20,1.0,1,0.3,0.0,0.0,0.0,0.0,0.0,0.0
yule,20,1.0,1,0.5,0.0,0.0,0.0,0.0,0.0,0.0
yule,20,1.0,1,0.7,0.0,0.0,0.0,0.0,0.0,0.0
yule,20,1.0,1,0.9,0.0,0.0,0.0,0.0,0.0,0.0
yule,20,1.0,2,0.3,0.0,0.0,0.0,0.0,0.0,0.0
yule,20,1.0,2,0.5,0.0,0.0,0.0,0.0,0.0,0.0
yule,20,1.0,2,0.7,0.0,0.0,0.0,0.0,0.0,0.0
yule,20,1.0,2,0.9,0.0,0.0,0.0,0.0,0.0,0.0
yule,20,1.0,3,0.3,0.058823529411764705,0.058823529411764705,0.0,0.058823529411764705,0.058823529411764705,0.0
yule,20,1.0,3,0.5,0.058823529411764705,0.058823529411764705,0.0,0.058823529411764705,0.058823529411764705,0.0
yule,20,1.0,3,0.7,0.058823529411764705,0.058823529411764705,0.0,0.058823529411764705,0.058823529411764705,0.0
yule,20,1.0,3,0.9,0.058823529411764705,0.058823529411764705,0.0,0.058823529411764705,0.058823529411764705,0.0
yule,20,1.0,4,0.3,0.0,0.0,0.0,0.0,0.0,0.0
yule,20,1.0,4,0.5,0.0,0.0,0.0,0.0,0.0,0.0
yule,20,1.0,4,0.7,0.0,0.0,0.0,0.0,0.0,0.0
yule,20,1.0,4,0.9,0.0,0.0,0.0,0.0,0.0,0.0
yule,20,1.0,5,0.3,0.0,0.0,0.0,0.0,0.0,0.0
yule,20,1.0,5,0.5,0.0,0.0,0.0,0.0,0.0,0.0
yule,20,1.0,5,0.7,0.0,0.0,0.0,0.0,0.0,0.0
yule,20,1.0,5,0.9,0.0,0.0,0.0,0.0,0.0,0.0
yule,20,1.0,6,0.3,0.0,0.0,0.0,0.0,0.0,0.0
yule,20,1.0,6,0.5,0.0,0.0,0.0,0.0,0.0,0.0
yule,20,1.0,6,0.7,0.0,0.0,0.0,0.0,0.0,0.0
yule,20,1.0,6,0.9,0.0,0.0,0.0,0.0,0.0,0.0
yule,20,1.0,7,0.3,0.058823529411764705,0.11764705882352941,0.058823529411764705,0.0,0.058823529411764705,0.058823529411764705
yule,20,1.0,7,0.5,0.058823529411764705,0.11764705882352941,0.058823529411764705,0.0,0.058823529411764705,0.058823529411764705
yule,20,1.0,7,0.7,0.058823529411764705,0.11764705882352941,0.058823529411764705,0.0,0.058823529411764705,0.058823529411764705
yule,20,1.0,7,0.9,0.058823529411764705,0.11764705882352941,0.058823529411764705,0.0,0.11764705882352941,0.11764705882352941
yule,20,1.0,8,0.3,0.0,0.0,0.0,0.0,0.0,0.0
yule,20,1.0,8,0.5,0.0,0.0,0.0,0.0,0.0,0.0
yule,20,1.0,8,0.7,0.0,0.0,0.0,0.0,0.0,0.0
yule,20,1.0,8,0.9,0.0,0.0,0.0,0.0,0.0,0.0
yule,20,1.0,9,0.3,0.0,0.0,0.0,0.0,0.0,0.0
yule,20,1.0,9,0.5,0.0,0.0,0.0,0.0,0.0,0.0
yule,20,1.0,9,0.7,0.0,0.0,0.0,0.0,0.0,0.0
yule,20,1.0,9,0.9,0.0,0.058823529411764705,0.058823529411764705,0.0,0.058823529411764705,0.058823529411764705
yule,30,0.05,0,0.3,0.1111111111111111,0.14814814814814814,0.037037037037037035,0.07407407407407407,0.1111111111111111,0.037037037037037035
yule,30,0.05,0,0.5,0.1111111111111111,0.14814814814814814,0.07407407407407407,0.07407407407407407,0.14814814814814814,0.1111111111111111
yule,30,0.05,0,0.7,0.1111111111111111,0.14814814814814814,0.07407407407407407,0.07407407407407407,0.14814814814814814,0.1111111111111111
yule,30,0.05,0,0.9,0.1111111111111111,0.1111111111111111,0.0,0.07407407407407407,0.1111111111111111,0.037037037037037035
yule,30,0.05,1,0.3,0.1111111111111111,0.1111111111111111,0.1111111111111111,0.1111111111111111,0.14814814814814814,0.07407407407407407
yule,30,0.05,1,0.5,0.1111111111111111,0.14814814814814814,0.07407407407407407,0.1111111111111111,0.14814814814814814,0.07407407407407407
yule,30,0.05,1,0.7,0.1111111111111111,0.14814814814814814,0.07407407407407407,0.1111111111111111,0.14814814814814814,0.07407407407407407
yule,30,0.05,1,0.9,0.1111111111111111,0.14814814814814814,0.07407407407407407,0.1111111111111111,0.14814814814814814,0.07407407407407407
yule,30,0.05,2,0.3,0.1111111111111111,0.1111111111111111,0.0,0.07407407407407407,0.07407407407407407,0.0
yule,30,0.05,2,0.5,0.1111111111111111,0.1111111111111111,0.0,0.07407407407407407,0.07407407407407407,0.0
yule,30,0.05,2,0.7,0.1111111111111111,0.1111111111111111,0.0,0.07407407407407407,0.1111111111111111,0.037037037037037035
yule,30,0.05,2,0.9,0.1111111111111111,0.1111111111111111,0.0,0.07407407407407407,0.1111111111111111,0.037037037037037035
yule,30,0.05,3,0.3,0.1111111111111111,0.1111111111111111,0.0,0.14814814814814814,0.14814814814814814,0.0
yule,30,0.05,3,0.5,0.1111111111111111,0.1111111111111111,0.0,0.14814814814814814,0.18518518518518517,0.037037037037037035
yule,30,0.05,3,0.7,0.1111111111111111,0.1111111111111111,0.0,0.14814814814814814,0.14814814814814814,0.07407407407407407
yule,30,0.05,3,0.9,0.1111111111111111,0.14814814814814814,0.1111111111111111,0.14814814814814814,0.14814814814814814,0.07407407407407407
yule,30,0.05,4,0.3,0.1111111111111111,0.14814814814814814,0.037037037037037035,0.1111111111111111,0.14814814814814814,0.037037037037037035
yule,30,0.05,4,0.5,0.1111111111111111,0.14814814814814814,0.037037037037037035,0.1111111111111111,0.14814814814814814,0.037037037037037035
yule,30,0.05,4,0.7,0.1111111111111111,0.14814814814814814,0.037037037037037035,0.1111111111111111,0.14814814814814814,0.037037037037037035
yule,30,0.05,4,0.9,0.1111111111111111,0.14814814814814814,0.037037037037037035,0.1111111111111111,0.14814814814814814,0.037037037037037035
yule,30,0.05,5,0.3,0.1111111111111111,0.1111111111111111,0.0,0.1111111111111111,0.1111111111111111,0.0
yule,30,0.05,5,0.5,0.1111111111111111,0.1111111111111111,0.0,0.1111111111111111,0.1111111111111111,0.0
yule,30,0.05,5,0.7,0.1111111111111111,0.1111111111111111,0.0,0.1111111111111111,0.1111111111111111,0.0
yule,30,0.05,5,0.9,0.1111111111111111,0.1111111111111111,0.0,0.1111111111111111,0.1111111111111111,0.0
yule,30,0.05,6,0.3,0.037037037037037035,0.037037037037037035,0.0,0.037037037037037035,0.037037037037037035,0.0
yule,30,0.05,6,0.5,0.037037037037037035,0.07407407407407407,0.037037037037037035,0.037037037037037035,0.07407407407407407,0.037037037037037035
yule,30,0.05,6,0.7,0.037037037037037035,0.07407407407407407,0.037037037037037035,0.037037037037037035,0.07407407407407407,0.037037037037037035
yule,30,0.05,6,0.9,0.037037037037037035,0.07407407407407407,0.037037037037037035,0.037037037037037035,0.07407407407407407,0.037037037037037035
yule,30,0.05,7,0.3,0.14814814814814814,0.14814814814814814,0.0,0.14814814814814814,0.14814814814814814,0.037037037037037035
yule,30,0.05,7,0.5,0.14814814814814814,0.14814814814814814,0.0,0.14814814814814814,0.14814814814814814,0.037037037037037035
yule,30,0.05,7,0.7,0.14814814814814814,0.14814814814814814,0.0,0.14814814814814814,0.14814814814814814,0.037037037037037035
yule,30,0.05,7,0.9,0.14814814814814814,0.14814814814814814,0.0,0.14814814814814814,0.14814814814814814,0.0
yule,30,0.05,8,0.3,0.18518518518518517,0.18518518518518517,0.0,0.18518518518518517,0.18518518518518517,0.0
yule,30,0.05,8,0.5,0.18518518518518517,0.18518518518518517,0.0,0.18518518518518517,0.2222222222222222,0.07407407407407407
yule,30,0.05,8,0.7,0.18518518518518517,0.18518518518518517,0.0,0.18518518518518517,0.2222222222222222,0.1111111111111111
yule,30,0.05,8,0.9,0.18518518518518517,0.18518518518518517,0.0,0.18518518518518517,0.2222222222222222,0.07407407407407407
yule,30,0.05,9,0.3,0.14814814814814814,0.14814814814814814,0.0,0.1111111111111111,0.07407407407407407,0.037037037037037035
yule,30,0.05,9,0.5,0.14814814814814814,0.14814814814814814,0.0,0.1111111111111111,0.07407407407407407,0.037037037037037035
yule,30,0.05,9,0.7,0.14814814814814814,0.14814814814814814,0.0,0.1111111111111111,0.07407407407407407,0.037037037037037035
yule,30,0.05,9,0.9,0.14814814814814814,0.14814814814814814,0.0,0.1111111111111111,0.07407407407407407,0.037037037037037035
yule,30,0.2,0,0.3,0.07407407407407407,0.07407407407407407,0.0,0.07407407407407407,0.07407407407407407,0.0
yule,30,0.2,0,0.5,0.07407407407407407,0.07407407407407407,0.0,0.07407407407407407,0.07407407407407407,0.0
yule,30,0.2,0,0.7,0.07407407407407407,0.07407407407407407,0.0,0.07407407407407407,0.07407407407407407,0.0
yule,30,0.2,0,0.9,0.07407407407407407,0.07407407407407407,0.0,0.07407407407407407,0.07407407407407407,0.0
yule,30,0.2,1,0.3,0.037037037037037035,0.0,0.037037037037037035,0.0,0.0,0.0
yule,30,0.2,1,0.5,0.037037037037037035,0.0,0.037037037037037035,0.0,0.0,0.0
yule,30,0.2,1,0.7,0.037037037037037035,0.0,0.037037037037037035,0.0,0.0,0.0
yule,30,0.2,1,0.9,0.037037037037037035,0.0,0.037037037037037035,0.0,0.0,0.0
yule,30,0.2,2,0.3,0.0,0.0,0.0,0.0,0.0,0.0
yule,30,0.2,2,0.5,0.0,0.0,0.0,0.0,0.0,0.0
yule,30,0.2,2,0.7,0.0,0.0,0.0,0.0,0.0,0.0
yule,30,0.2,2,0.9,0.0,0.0,0.0,0.0,0.0,0.0
yule,30,0.2,3,0.3,0.037037037037037035,0.037037037037037035,0.0,0.037037037037037035,0.037037037037037035,0.0
yule,30,0.2,3,0.5,0.037037037037037035,0.037037037037037035,0.0,0.037037037037037035,0.037037037037037035,0.0
yule,30,0.2,3,0.7,0.037037037037037035,0.037037037037037035,0.0,0.037037037037037035,0.037037037037037035,0.0
yule,30,0.2,3,0.9,0.037037037037037035,0.037037037037037035,0.0,0.037037037037037035,0.037037037037037035,0.0
yule,30,0.2,4,0.3,0.037037037037037035,0.037037037037037035,0.0,0.037037037037037035,0.037037037037037035,0.037037037037037035
yule,30,0.2,4,0.5,0.037037037037037035,0.07407407407407407,0.037037037037037035,0.037037037037037035,0.07407407407407407,0.07407407407407407
yule,30,0.2,4,0.7,0.037037037037037035,0.1111111111111111,0.07407407407407407,0.037037037037037035,0.037037037037037035,0.037037037037037035
yule,30,0.2,4,0.9,0.037037037037037035,0.07407407407407407,0.07407407407407407,0.037037037037037035,0.037037037037037035,0.037037037037037035
yule,30,0.2,5,0.3,0.037037037037037035,0.037037037037037035,0.0,0.037037037037037035,0.037037037037037035,0.0
yule,30,0.2,5,0.5,0.037037037037037035,0.037037037037037035,0.0,0.037037037037037035,0.037037037037037035,0.0
yule,30,0.2,5,0.7,0.037037037037037035,0.037037037037037035,0.037037037037037035,0.037037037037037035,0.037037037037037035,0.0
yule,30,0.2,5,0.9,0.037037037037037035,0.037037037037037035,0.037037037037037035,0.037037037037037035,0.037037037037037035,0.0
yule,30,0.2,6,0.3,0.0,0.0,0.0,0.0,0.0,0.0
yule,30,0.2,6,0.5,0.0,0.0,0.0,0.0,0.0,0.0
yule,30,0.2,6,0.7,0.0,0.0,0.0,0.0,0.0,0.0
yule,30,0.2,6,0.9,0.0,0.037037037037037035,0.037037037037037035,0.0,0.037037037037037035,0.037037037037037035
yule,30,0.2,7,0.3,0.037037037037037035,0.07407407407407407,0.037037037037037035,0.07407407407407407,0.07407407407407407,0.0
yule,30,0.2,7,0.5,0.037037037037037035,0.07407407407407407,0.037037037037037035,0.07407407407407407,0.07407407407407407,0.0
yule,30,0.2,7,0.7,0.037037037037037035,0.037037037037037035,0.0,0.07407407407407407,0.07407407407407407,0.0
yule,30,0.2,7,0.9,0.037037037037037035,0.037037037037037035,0.0,0.07407407407407407,0.07407407407407407,0.1111111111111111
yule,30,0.2,8,0.3,0.1111111111111111,0.1111111111111111,0.0,0.07407407407407407,0.1111111111111111,0.037037037037037035
yule,30,0.2,8,0.5,0.1111111111111111,0.1111111111111111,0.0,0.07407407407407407,0.1111111111111111,0.037037037037037035
yule,30,0.2,8,0.7,0.1111111111111111,0.1111111111111111,0.0,0.07407407407407407,0.1111111111111111,0.037037037037037035
yule,30,0.2,8,0.9,0.1111111111111111,0.1111111111111111,0.0,0.07407407407407407,0.1111111111111111,0.037037037037037035
yule,30,0.2,9,0.3,0.07407407407407407,0.037037037037037035,0.037037037037037035,0.037037037037037035,0.037037037037037035,0.0
yule,30,0.2,9,0.5,0.07407407407407407,0.07407407407407407,0.0,0.037037037037037035,0.037037037037037035,0.0
yule,30,0.2,9,0.7,0.07407407407407407,0.07407407407407407,0.0,0.037037037037037035,0.07407407407407407,0.037037037037037035
yule,30,0.2,9,0.9,0.07407407407407407,0.07407407407407407,0.0,0.037037037037037035,0.1111111111111111,0.07407407407407407
yule,30,1.0,0,0.3,0.037037037037037035,0.037037037037037035,0.0,0.037037037037037035,0.037037037037037035,0.0
yule,30,1.0,0,0.5,0.037037037037037035,0.037037037037037035,0.0,0.037037037037037035,0.037037037037037035,0.0
yule,30,1.0,0,0.7,0.037037037037037035,0.037037037037037035,0.0,0.037037037037037035,0.037037037037037035,0.0
yule,30,1.0,0,0.9,0.037037037037037035,0.037037037037037035,0.0,0.037037037037037035,0.037037037037037035,0.0
yule,30,1.0,1,0.3,0.0,0.0,0.0,0.0,0.0,0.0
yule,30,1.0,1,0.5,0.0,0.0,0.0,0.0,0.0,0.0
yule,30,1.0,1,0.7,0.0,0.0,0.0,0.0,0.0,0.0
yule,30,1.0,1,0.9,0.0,0.037037037037037035,0.037037037037037035,0.0,0.037037037037037035,0.037037037037037035
yule,30,1.0,2,0.3,0.0,0.0,0.0,0.0,0.0,0.0
yule,30,1.0,2,0.5,0.0,0.0,0.0,0.0,0.0,0.0
yule,30,1.0,2,0.7,0.0,0.0,0.0,0.0,0.0,0.0
yule,30,1.0,2,0.9,0.0,0.037037037037037035,0.037037037037037035,0.0,0.037037037037037035,0.037037037037037035
yule,30,1.0,3,0.3,0.037037037037037035,0.037037037037037035,0.0,0.037037037037037035,0.037037037037037035,0.0
yule,30,1.0,3,0.5,0.037037037037037035,0.037037037037037035,0.0,0.037037037037037035,0.037037037037037035,0.0
yule,30,1.0,3,0.7,0.037037037037037035,0.037037037037037035,0.0,0.037037037037037035,0.037037037037037035,0.0
yule,30,1.0,3,0.9,0.037037037037037035,0.037037037037037035,0.0,0.037037037037037035,0.037037037037037035,0.0
yule,30,1.0,4,0.3,0.0,0.0,0.0,0.0,0.0,0.0
yule,30,1.0,4,0.5,0.0,0.0,0.0,0.0,0.0,0.0
yule,30,1.0,4,0.7,0.0,0.0,0.0,0.0,0.0,0.0
yule,30,1.0,4,0.9,0.0,0.0,0.0,0.0,0.0,0.0
yule,30,1.0,5,0.3,0.0,0.0,0.0,0.0,0.0,0.0
yule,30,1.0,5,0.5,0.0,0.0,0.0,0.0,0.0,0.0
yule,30,1.0,5,0.7,0.0,0.0,0.0,0.0,0.0,0.0
yule,30,1.0,5,0.9,0.0,0.0,0.0,0.0,0.0,0.0
yule,30,1.0,6,0.3,0.0,0.0,0.0,0.0,0.0,0.0
yule,30,1.0,6,0.5,0.0,0.0,0.0,0.0,0.0,0.0
yule,30,1.0,6,0.7,0.0,0.0,0.0,0.0,0.0,0.0
yule,30,1.0,6,0.9,0.0,0.037037037037037035,0.037037037037037035,0.0,0.037037037037037035,0.037037037037037035
yule,30,1.0,7,0.3,0.07407407407407407,0.037037037037037035,0.037037037037037035,0.07407407407407407,0.037037037037037035,0.037037037037037035
yule,30,1.0,7,0.5,0.07407407407407407,0.037037037037037035,0.037037037037037035,0.07407407407407407,0.037037037037037035,0.037037037037037035
yule,30,1.0,7,0.7,0.07407407407407407,0.07407407407407407,0.07407407407407407,0.07407407407407407,0.07407407407407407,0.07407407407407407
yule,30,1.0,7,0.9,0.07407407407407407,0.07407407407407407,0.07407407407407407,0.07407407407407407,0.07407407407407407,0.07407407407407407
yule,30,1.0,8,0.3,0.037037037037037035,0.037037037037037035,0.0,0.037037037037037035,0.037037037037037035,0.0
yule,30,1.0,8,0.5,0.037037037037037035,0.037037037037037035,0.0,0.037037037037037035,0.037037037037037035,0.0
yule,30,1.0,8,0.7,0.037037037037037035,0.037037037037037035,0.0,0.037037037037037035,0.037037037037037035,0.0
yule,30,1.0,8,0.9,0.037037037037037035,0.037037037037037035,0.0,0.037037037037037035,0.037037037037037035,0.0
yule,30,1.0,9,0.3,0.0,0.0,0.0,0.0,0.0,0.0
yule,30,1.0,9,0.5,0.0,0.0,0.0,0.0,0.0,0.0
yule,30,1.0,9,0.7,0.0,0.037037037037037035,0.037037037037037035,0.0,0.037037037037037035,0.037037037037037035
yule,30,1.0,9,0.9,0.0,0.1111111111111111,0.1111111111111111,0.0,0.1111111111111111,0.1111111111111111
cat,8,0.05,0,0.3,0.0,0.0,0.0,0.0,0.0,0.0
cat,8,0.05,0,0.5,0.0,0.0,0.0,0.0,0.0,0.0
cat,8,0.05,0,0.7,0.0,0.0,0.0,0.0,0.0,0.0
cat,8,0.05,0,0.9,0.0,0.0,0.0,0.0,0.0,0.0
cat,8,0.2,0,0.3,0.0,0.0,0.0,0.0,0.0,0.0
cat,8,0.2,0,0.5,0.0,0.0,0.0,0.0,0.0,0.0
cat,8,0.2,0,0.7,0.0,0.0,0.0,0.0,0.0,0.0
cat,8,0.2,0,0.9,0.0,0.0,0.0,0.0,0.0,0.0
cat,8,1.0,0,0.3,0.0,0.0,0.0,0.0,0.0,0.0
cat,8,1.0,0,0.5,0.0,0.0,0.0,0.0,0.0,0.0
cat,8,1.0,0,0.7,0.0,0.0,0.0,0.0,0.0,0.0
cat,8,1.0,0,0.9,0.0,0.0,0.0,0.0,0.0,0.0
cat,16,0.05,0,0.3,0.0,0.0,0.0,0.0,0.0,0.0
cat,16,0.05,0,0.5,0.0,0.0,0.0,0.0,0.0,0.0
cat,16,0.05,0,0.7,0.0,0.0,0.0,0.0,0.0,0.0
cat,16,0.05,0,0.9,0.0,0.0,0.0,0.0,0.0,0.0
cat,16,0.2,0,0.3,0.0,0.0,0.0,0.0,0.0,0.0
cat,16,0.2,0,0.5,0.0,0.0,0.0,0.0,0.0,0.0
cat,16,0.2,0,0.7,0.0,0.0,0.0,0.0,0.0,0.0
cat,16,0.2,0,0.9,0.0,0.0,0.0,0.0,0.0,0.0
cat,16,1.0,0,0.3,0.0,0.0,0.0,0.0,0.0,0.0
cat,16,1.0,0,0.5,0.0,0.0,0.0,0.0,0.0,0.0
cat,16,1.0,0,0.7,0.0,0.0,0.0,0.0,0.0,0.0
cat,16,1.0,0,0.9,0.0,0.0,0.0,0.0,0.0,0.0
cat,32,0.05,0,0.3,0.0,0.0,0.0,0.0,0.0,0.0
cat,32,0.05,0,0.5,0.0,0.0,0.0,0.0,0.0,0.0
cat,32,0.05,0,0.7,0.0,0.0,0.0,0.0,0.0,0.0
cat,32,0.05,0,0.9,0.0,0.0,0.0,0.0,0.0,0.0
cat,32,0.2,0,0.3,0.0,0.0,0.0,0.0,0.0,0.0
cat,32,0.2,0,0.5,0.0,0.0,0.0,0.0,0.0,0.0
cat,32,0.2,0,0.7,0.0,0.0,0.0,0.0,0.0,0.0
cat,32,0.2,0,0.9,0.0,0.0,0.0,0.0,0.0,0.0
cat,32,1.0,0,0.3,0.0,0.0,0.0,0.0,0.0,0.0
cat,32,1.0,0,0.5,0.0,0.0,0.0,0.0,0.0,0.0
cat,32,1.0,0,0.7,0.0,0.0,0.0,0.0,0.0,0.0
cat,32,1.0,0,0.9,0.0,0.0,0.0,0.0,0.0,0.0
bal,8,0.05,0,0.3,0.0,0.0,0.0,0.0,0.0,0.0
bal,8,0.05,0,0.5,0.0,0.0,0.0,0.0,0.0,0.0
bal,8,0.05,0,0.7,0.0,0.0,0.0,0.0,0.0,0.0
bal,8,0.05,0,0.9,0.0,0.0,0.0,0.0,0.0,0.0
bal,8,0.2,0,0.3,0.0,0.0,0.0,0.0,0.0,0.0
bal,8,0.2,0,0.5,0.0,0.0,0.0,0.0,0.0,0.0
bal,8,0.2,0,0.7,0.0,0.0,0.0,0.0,0.0,0.0
bal,8,0.2,0,0.9,0.0,0.0,0.0,0.0,0.0,0.0
bal,8,1.0,0,0.3,0.0,0.0,0.0,0.0,0.0,0.0
bal,8,1.0,0,0.5,0.0,0.0,0.0,0.0,0.0,0.0
bal,8,1.0,0,0.7,0.0,0.0,0.0,0.0,0.0,0.0
bal,8,1.0,0,0.9,0.0,0.0,0.0,0.0,0.0,0.0
bal,16,0.05,0,0.3,0.0,0.0,0.0,0.0,0.0,0.0
bal,16,0.05,0,0.5,0.0,0.0,0.0,0.0,0.0,0.0
bal,16,0.05,0,0.7,0.0,0.0,0.0,0.0,0.0,0.0
bal,16,0.05,0,0.9,0.0,0.0,0.0,0.0,0.0,0.0
bal,16,0.2,0,0.3,0.0,0.0,0.0,0.0,0.0,0.0
bal,16,0.2,0,0.5,0.0,0.0,0.0,0.0,0.0,0.0
bal,16,0.2,0,0.7,0.0,0.0,0.0,0.0,0.0,0.0
bal,16,0.2,0,0.9,0.0,0.0,0.0,0.0,0.0,0.0
bal,16,1.0,0,0.3,0.0,0.0,0.0,0.0,0.0,0.0
bal,16,1.0,0,0.5,0.0,0.0,0.0,0.0,0.0,0.0
bal,16,1.0,0,0.7,0.0,0.0,0.0,0.0,0.0,0.0
bal,16,1.0,0,0.9,0.0,0.0,0.0,0.0,0.0,0.0
bal,32,0.05,0,0.3,0.0,0.0,0.0,0.0,0.0,0.0
bal,32,0.05,0,0.5,0.0,0.0,0.0,0.0,0.0,0.0
bal,32,0.05,0,0.7,0.0,0.0,0.0,0.0,0.0,0.0
bal,32,0.05,0,0.9,0.0,0.0,0.0,0.0,0.0,0.0
bal,32,0.2,0,0.3,0.0,0.0,0.0,0.0,0.0,0.0
bal,32,0.2,0,0.5,0.0,0.0,0.0,0.0,0.0,0.0
bal,32,0.2,0,0.7,0.0,0.0,0.0,0.0,0.0,0.0
bal,32,0.2,0,0.9,0.0,0.0,0.0,0.0,0.0,0.0
bal,32,1.0,0,0.3,0.0,0.0,0.0,0.0,0.0,0.0
bal,32,1.0,0,0.5,0.0,0.0,0.0,0.0,0.0,0.0
bal,32,1.0,0,0.7,0.0,0.0,0.0,0.0,0.0,0.0
bal,32,1.0,0,0.9,0.0,0.0,0.0,0.0,0.0,0.0
