genetrees,method,f,k95,slope,b0,b1,b2,nobs
true,astral,0.005,11435.358289199768,-1.3121894692356506,0.5101789599559011,1.0176377982171088,1.335333602316644,10486
true,astral,0.01,4605.124608361645,-1.3121894692356506,0.5101789599559011,1.0176377982171088,1.335333602316644,10486
true,astral,0.02,1854.5262966152316,-1.3121894692356506,0.5101789599559011,1.0176377982171088,1.335333602316644,10486
true,astral,0.05,557.2631263648118,-1.3121894692356506,0.5101789599559011,1.0176377982171088,1.335333602316644,10486
true,astral,0.1,224.41501802168014,-1.3121894692356506,0.5101789599559011,1.0176377982171088,1.335333602316644,10486
true,astral,0.2,90.37400454287642,-1.3121894692356506,0.5101789599559011,1.0176377982171088,1.335333602316644,10486
true,astral,0.5,27.156315014561333,-1.3121894692356506,0.5101789599559011,1.0176377982171088,1.335333602316644,10486
true,astrid,0.005,9867.404317742354,-1.222450343674917,0.3119648515396885,0.9677992302121222,1.183086501581129,10486
true,astrid,0.01,4228.7177837931295,-1.222450343674917,0.3119648515396885,0.9677992302121222,1.183086501581129,10486
true,astrid,0.02,1812.2348612810947,-1.222450343674917,0.3119648515396885,0.9677992302121222,1.183086501581129,10486
true,astrid,0.05,591.2247143777713,-1.222450343674917,0.3119648515396885,0.9677992302121222,1.183086501581129,10486
true,astrid,0.1,253.37184769168516,-1.222450343674917,0.3119648515396885,0.9677992302121222,1.183086501581129,10486
true,astrid,0.2,108.58357514750114,-1.222450343674917,0.3119648515396885,0.9677992302121222,1.183086501581129,10486
true,astrid,0.5,35.42437824936033,-1.222450343674917,0.3119648515396885,0.9677992302121222,1.183086501581129,10486
true,njst,0.005,9827.018544675237,-1.2234979647133324,0.325660762915236,0.9661925232796992,1.182134585753951,10486
true,njst,0.01,4208.353261260946,-1.2234979647133324,0.325660762915236,0.9661925232796992,1.182134585753951,10486
true,njst,0.02,1802.1984074876827,-1.2234979647133324,0.325660762915236,0.9661925232796992,1.182134585753951,10486
true,njst,0.05,587.3862972064346,-1.2234979647133324,0.325660762915236,0.9661925232796992,1.182134585753951,10486
true,njst,0.1,251.5441512836167,-1.2234979647133324,0.325660762915236,0.9661925232796992,1.182134585753951,10486
true,njst,0.2,107.72205675536439,-1.2234979647133324,0.325660762915236,0.9661925232796992,1.182134585753951,10486
true,njst,0.5,35.10959713542385,-1.2234979647133324,0.325660762915236,0.9661925232796992,1.182134585753951,10486
raxml,astral,0.005,77322.1181598226,-1.3454528652457833,-0.23387474920257442,0.7701084207208104,1.0361445812087196,10486
raxml,astral,0.01,30428.607088148874,-1.3454528652457833,-0.23387474920257442,0.7701084207208104,1.0361445812087196,10486
raxml,astral,0.02,11974.58309938087,-1.3454528652457833,-0.23387474920257442,0.7701084207208104,1.0361445812087196,10486
raxml,astral,0.05,3490.204525682921,-1.3454528652457833,-0.23387474920257442,0.7701084207208104,1.0361445812087196,10486
raxml,astral,0.1,1373.5017184832923,-1.3454528652457833,-0.23387474920257442,0.7701084207208104,1.0361445812087196,10486
raxml,astral,0.2,540.5147339631709,-1.3454528652457833,-0.23387474920257442,0.7701084207208104,1.0361445812087196,10486
raxml,astral,0.5,157.54260127637303,-1.3454528652457833,-0.23387474920257442,0.7701084207208104,1.0361445812087196,10486
raxml,astrid,0.005,60604.8277637487,-1.293840797904831,-0.3327995566335143,0.7883756145366435,1.0200325341608023,10486
raxml,astrid,0.01,24718.51245003518,-1.293840797904831,-0.3327995566335143,0.7883756145366435,1.0200325341608023,10486
raxml,astrid,0.02,10081.785235400375,-1.293840797904831,-0.3327995566335143,0.7883756145366435,1.0200325341608023,10486
raxml,astrid,0.05,3080.820698389852,-1.293840797904831,-0.3327995566335143,0.7883756145366435,1.0200325341608023,10486
raxml,astrid,0.1,1256.5550897420003,-1.293840797904831,-0.3327995566335143,0.7883756145366435,1.0200325341608023,10486
raxml,astrid,0.2,512.5032736834473,-1.293840797904831,-0.3327995566335143,0.7883756145366435,1.0200325341608023,10486
raxml,astrid,0.5,156.6122126875302,-1.293840797904831,-0.3327995566335143,0.7883756145366435,1.0200325341608023,10486
raxml,njst,0.005,63471.87588265916,-1.2899269605665777,-0.3156064244703419,0.7718075386874933,0.9955753525215295,10486
raxml,njst,0.01,25958.20312716681,-1.2899269605665777,-0.3156064244703419,0.7718075386874933,0.9955753525215295,10486
raxml,njst,0.02,10616.171339207966,-1.2899269605665777,-0.3156064244703419,0.7718075386874933,0.9955753525215295,10486
raxml,njst,0.05,3255.7749195623137,-1.2899269605665777,-0.3156064244703419,0.7718075386874933,0.9955753525215295,10486
raxml,njst,0.1,1331.5199137106829,-1.2899269605665777,-0.3156064244703419,0.7718075386874933,0.9955753525215295,10486
raxml,njst,0.2,544.5540076973292,-1.2899269605665777,-0.3156064244703419,0.7718075386874933,0.9955753525215295,10486
raxml,njst,0.5,167.00420744531635,-1.2899269605665777,-0.3156064244703419,0.7718075386874933,0.9955753525215295,10486
