genetrees,method,fbin,k,mean,count
raxml,astral,"[0.0, 0.01)",10,0.0,6
raxml,astral,"[0.0, 0.01)",25,0.0,6
raxml,astral,"[0.0, 0.01)",50,0.16666666666666666,6
raxml,astral,"[0.0, 0.01)",100,0.16666666666666666,6
raxml,astral,"[0.0, 0.01)",250,0.3333333333333333,6
raxml,astral,"[0.0, 0.01)",500,0.3333333333333333,6
raxml,astral,"[0.0, 0.01)",1000,0.3333333333333333,6
raxml,astral,"[0.01, 0.03)",10,0.0,5
raxml,astral,"[0.01, 0.03)",25,0.0,5
raxml,astral,"[0.01, 0.03)",50,0.0,5
raxml,astral,"[0.01, 0.03)",100,0.2,5
raxml,astral,"[0.01, 0.03)",250,0.6,5
raxml,astral,"[0.01, 0.03)",500,0.6,5
raxml,astral,"[0.01, 0.03)",1000,0.6,5
raxml,astral,"[0.03, 0.1)",10,0.125,8
raxml,astral,"[0.03, 0.1)",25,0.0,8
raxml,astral,"[0.03, 0.1)",50,0.0,8
raxml,astral,"[0.03, 0.1)",100,0.25,8
raxml,astral,"[0.03, 0.1)",250,0.375,8
raxml,astral,"[0.03, 0.1)",500,0.75,8
raxml,astral,"[0.03, 0.1)",1000,0.875,8
raxml,astral,"[0.1, 0.3)",10,0.14285714285714285,14
raxml,astral,"[0.1, 0.3)",25,0.6428571428571429,14
raxml,astral,"[0.1, 0.3)",50,0.8571428571428571,14
raxml,astral,"[0.1, 0.3)",100,1.0,14
raxml,astral,"[0.1, 0.3)",250,1.0,14
raxml,astral,"[0.1, 0.3)",500,0.9285714285714286,14
raxml,astral,"[0.1, 0.3)",1000,0.9285714285714286,14
raxml,astral,"[0.3, 1.0)",10,0.8333333333333334,18
raxml,astral,"[0.3, 1.0)",25,0.9444444444444444,18
raxml,astral,"[0.3, 1.0)",50,1.0,18
raxml,astral,"[0.3, 1.0)",100,1.0,18
raxml,astral,"[0.3, 1.0)",250,1.0,18
raxml,astral,"[0.3, 1.0)",500,1.0,18
raxml,astral,"[0.3, 1.0)",1000,1.0,18
raxml,astral,"[1.0, inf)",10,0.96875,64
raxml,astral,"[1.0, inf)",25,1.0,64
raxml,astral,"[1.0, inf)",50,1.0,64
raxml,astral,"[1.0, inf)",100,1.0,64
raxml,astral,"[1.0, inf)",250,1.0,64
raxml,astral,"[1.0, inf)",500,1.0,64
raxml,astral,"[1.0, inf)",1000,1.0,64
raxml,astrid,"[0.0, 0.01)",10,0.0,6
raxml,astrid,"[0.0, 0.01)",25,0.0,6
raxml,astrid,"[0.0, 0.01)",50,0.16666666666666666,6
raxml,astrid,"[0.0, 0.01)",100,0.3333333333333333,6
raxml,astrid,"[0.0, 0.01)",250,0.5,6
raxml,astrid,"[0.0, 0.01)",500,0.16666666666666666,6
raxml,astrid,"[0.0, 0.01)",1000,0.5,6
raxml,astrid,"[0.01, 0.03)",10,0.0,5
raxml,astrid,"[0.01, 0.03)",25,0.0,5
raxml,astrid,"[0.01, 0.03)",50,0.4,5
raxml,astrid,"[0.01, 0.03)",100,0.6,5
raxml,astrid,"[0.01, 0.03)",250,0.6,5
raxml,astrid,"[0.01, 0.03)",500,0.8,5
raxml,astrid,"[0.01, 0.03)",1000,0.8,5
raxml,astrid,"[0.03, 0.1)",10,0.125,8
raxml,astrid,"[0.03, 0.1)",25,0.0,8
raxml,astrid,"[0.03, 0.1)",50,0.0,8
raxml,astrid,"[0.03, 0.1)",100,0.375,8
raxml,astrid,"[0.03, 0.1)",250,0.5,8
raxml,astrid,"[0.03, 0.1)",500,0.625,8
raxml,astrid,"[0.03, 0.1)",1000,0.75,8
raxml,astrid,"[0.1, 0.3)",10,0.2857142857142857,14
raxml,astrid,"[0.1, 0.3)",25,0.7857142857142857,14
raxml,astrid,"[0.1, 0.3)",50,0.8571428571428571,14
raxml,astrid,"[0.1, 0.3)",100,1.0,14
raxml,astrid,"[0.1, 0.3)",250,1.0,14
raxml,astrid,"[0.1, 0.3)",500,1.0,14
raxml,astrid,"[0.1, 0.3)",1000,1.0,14
raxml,astrid,"[0.3, 1.0)",10,0.8333333333333334,18
raxml,astrid,"[0.3, 1.0)",25,0.8888888888888888,18
raxml,astrid,"[0.3, 1.0)",50,1.0,18
raxml,astrid,"[0.3, 1.0)",100,1.0,18
raxml,astrid,"[0.3, 1.0)",250,1.0,18
raxml,astrid,"[0.3, 1.0)",500,1.0,18
raxml,astrid,"[0.3, 1.0)",1000,1.0,18
raxml,astrid,"[1.0, inf)",10,0.96875,64
raxml,astrid,"[1.0, inf)",25,1.0,64
raxml,astrid,"[1.0, inf)",50,1.0,64
raxml,astrid,"[1.0, inf)",100,1.0,64
raxml,astrid,"[1.0, inf)",250,1.0,64
raxml,astrid,"[1.0, inf)",500,1.0,64
raxml,astrid,"[1.0, inf)",1000,1.0,64
raxml,njst,"[0.0, 0.01)",10,0.0,6
raxml,njst,"[0.0, 0.01)",25,0.0,6
raxml,njst,"[0.0, 0.01)",50,0.16666666666666666,6
raxml,njst,"[0.0, 0.01)",100,0.3333333333333333,6
raxml,njst,"[0.0, 0.01)",250,0.5,6
raxml,njst,"[0.0, 0.01)",500,0.16666666666666666,6
raxml,njst,"[0.0, 0.01)",1000,0.5,6
raxml,njst,"[0.01, 0.03)",10,0.0,5
raxml,njst,"[0.01, 0.03)",25,0.0,5
raxml,njst,"[0.01, 0.03)",50,0.4,5
raxml,njst,"[0.01, 0.03)",100,0.6,5
raxml,njst,"[0.01, 0.03)",250,0.8,5
raxml,njst,"[0.01, 0.03)",500,0.8,5
raxml,njst,"[0.01, 0.03)",1000,0.8,5
raxml,njst,"[0.03, 0.1)",10,0.125,8
raxml,njst,"[0.03, 0.1)",25,0.0,8
raxml,njst,"[0.03, 0.1)",50,0.0,8
raxml,njst,"[0.03, 0.1)",100,0.5,8
raxml,njst,"[0.03, 0.1)",250,0.5,8
raxml,njst,"[0.03, 0.1)",500,0.625,8
raxml,njst,"[0.03, 0.1)",1000,0.75,8
raxml,njst,"[0.1, 0.3)",10,0.21428571428571427,14
raxml,njst,"[0.1, 0.3)",25,0.7142857142857143,14
raxml,njst,"[0.1, 0.3)",50,0.8571428571428571,14
raxml,njst,"[0.1, 0.3)",100,1.0,14
raxml,njst,"[0.1, 0.3)",250,0.9285714285714286,14
raxml,njst,"[0.1, 0.3)",500,1.0,14
raxml,njst,"[0.1, 0.3)",1000,1.0,14
raxml,njst,"[0.3, 1.0)",10,0.8333333333333334,18
raxml,njst,"[0.3, 1.0)",25,0.8888888888888888,18
raxml,njst,"[0.3, 1.0)",50,1.0,18
raxml,njst,"[0.3, 1.0)",100,1.0,18
raxml,njst,"[0.3, 1.0)",250,1.0,18
raxml,njst,"[0.3, 1.0)",500,1.0,18
raxml,njst,"[0.3, 1.0)",1000,1.0,18
raxml,njst,"[1.0, inf)",10,0.96875,64
raxml,njst,"[1.0, inf)",25,1.0,64
raxml,njst,"[1.0, inf)",50,1.0,64
raxml,njst,"[1.0, inf)",100,1.0,64
raxml,njst,"[1.0, inf)",250,1.0,64
raxml,njst,"[1.0, inf)",500,1.0,64
raxml,njst,"[1.0, inf)",1000,1.0,64
true,astral,"[0.0, 0.01)",10,0.0,6
true,astral,"[0.0, 0.01)",25,0.16666666666666666,6
true,astral,"[0.0, 0.01)",50,0.16666666666666666,6
true,astral,"[0.0, 0.01)",100,0.16666666666666666,6
true,astral,"[0.0, 0.01)",250,0.16666666666666666,6
true,astral,"[0.0, 0.01)",500,0.0,6
true,astral,"[0.0, 0.01)",1000,0.3333333333333333,6
true,astral,"[0.01, 0.03)",10,0.0,5
true,astral,"[0.01, 0.03)",25,0.0,5
true,astral,"[0.01, 0.03)",50,0.4,5
true,astral,"[0.01, 0.03)",100,0.6,5
true,astral,"[0.01, 0.03)",250,0.8,5
true,astral,"[0.01, 0.03)",500,0.8,5
true,astral,"[0.01, 0.03)",1000,0.8,5
true,astral,"[0.03, 0.1)",10,0.0,8
true,astral,"[0.03, 0.1)",25,0.125,8
true,astral,"[0.03, 0.1)",50,0.25,8
true,astral,"[0.03, 0.1)",100,0.375,8
true,astral,"[0.03, 0.1)",250,0.875,8
true,astral,"[0.03, 0.1)",500,0.875,8
true,astral,"[0.03, 0.1)",1000,0.875,8
true,astral,"[0.1, 0.3)",10,0.5714285714285714,14
true,astral,"[0.1, 0.3)",25,0.8571428571428571,14
true,astral,"[0.1, 0.3)",50,1.0,14
true,astral,"[0.1, 0.3)",100,1.0,14
true,astral,"[0.1, 0.3)",250,1.0,14
true,astral,"[0.1, 0.3)",500,1.0,14
true,astral,"[0.1, 0.3)",1000,1.0,14
true,astral,"[0.3, 1.0)",10,1.0,18
true,astral,"[0.3, 1.0)",25,1.0,18
true,astral,"[0.3, 1.0)",50,1.0,18
true,astral,"[0.3, 1.0)",100,1.0,18
true,astral,"[0.3, 1.0)",250,1.0,18
true,astral,"[0.3, 1.0)",500,1.0,18
true,astral,"[0.3, 1.0)",1000,1.0,18
true,astral,"[1.0, inf)",10,1.0,64
true,astral,"[1.0, inf)",25,1.0,64
true,astral,"[1.0, inf)",50,1.0,64
true,astral,"[1.0, inf)",100,1.0,64
true,astral,"[1.0, inf)",250,1.0,64
true,astral,"[1.0, inf)",500,1.0,64
true,astral,"[1.0, inf)",1000,1.0,64
true,astrid,"[0.0, 0.01)",10,0.0,6
true,astrid,"[0.0, 0.01)",25,0.16666666666666666,6
true,astrid,"[0.0, 0.01)",50,0.16666666666666666,6
true,astrid,"[0.0, 0.01)",100,0.3333333333333333,6
true,astrid,"[0.0, 0.01)",250,0.3333333333333333,6
true,astrid,"[0.0, 0.01)",500,0.5,6
true,astrid,"[0.0, 0.01)",1000,0.8333333333333334,6
true,astrid,"[0.01, 0.03)",10,0.0,5
true,astrid,"[0.01, 0.03)",25,0.4,5
true,astrid,"[0.01, 0.03)",50,0.8,5
true,astrid,"[0.01, 0.03)",100,0.8,5
true,astrid,"[0.01, 0.03)",250,0.8,5
true,astrid,"[0.01, 0.03)",500,0.8,5
true,astrid,"[0.01, 0.03)",1000,0.8,5
true,astrid,"[0.03, 0.1)",10,0.125,8
true,astrid,"[0.03, 0.1)",25,0.25,8
true,astrid,"[0.03, 0.1)",50,0.375,8
true,astrid,"[0.03, 0.1)",100,0.625,8
true,astrid,"[0.03, 0.1)",250,1.0,8
true,astrid,"[0.03, 0.1)",500,1.0,8
true,astrid,"[0.03, 0.1)",1000,1.0,8
true,astrid,"[0.1, 0.3)",10,0.5714285714285714,14
true,astrid,"[0.1, 0.3)",25,1.0,14
true,astrid,"[0.1, 0.3)",50,1.0,14
true,astrid,"[0.1, 0.3)",100,1.0,14
true,astrid,"[0.1, 0.3)",250,1.0,14
true,astrid,"[0.1, 0.3)",500,1.0,14
true,astrid,"[0.1, 0.3)",1000,1.0,14
true,astrid,"[0.3, 1.0)",10,1.0,18
true,astrid,"[0.3, 1.0)",25,1.0,18
true,astrid,"[0.3, 1.0)",50,1.0,18
true,astrid,"[0.3, 1.0)",100,1.0,18
true,astrid,"[0.3, 1.0)",250,1.0,18
true,astrid,"[0.3, 1.0)",500,1.0,18
true,astrid,"[0.3, 1.0)",1000,1.0,18
true,astrid,"[1.0, inf)",10,1.0,64
true,astrid,"[1.0, inf)",25,1.0,64
true,astrid,"[1.0, inf)",50,1.0,64
true,astrid,"[1.0, inf)",100,1.0,64
true,astrid,"[1.0, inf)",250,1.0,64
true,astrid,"[1.0, inf)",500,1.0,64
true,astrid,"[1.0, inf)",1000,1.0,64
true,njst,"[0.0, 0.01)",10,0.0,6
true,njst,"[0.0, 0.01)",25,0.16666666666666666,6
true,njst,"[0.0, 0.01)",50,0.16666666666666666,6
true,njst,"[0.0, 0.01)",100,0.3333333333333333,6
true,njst,"[0.0, 0.01)",250,0.3333333333333333,6
true,njst,"[0.0, 0.01)",500,0.6666666666666666,6
true,njst,"[0.0, 0.01)",1000,0.8333333333333334,6
true,njst,"[0.01, 0.03)",10,0.0,5
true,njst,"[0.01, 0.03)",25,0.4,5
true,njst,"[0.01, 0.03)",50,0.8,5
true,njst,"[0.01, 0.03)",100,0.8,5
true,njst,"[0.01, 0.03)",250,0.8,5
true,njst,"[0.01, 0.03)",500,0.8,5
true,njst,"[0.01, 0.03)",1000,0.8,5
true,njst,"[0.03, 0.1)",10,0.125,8
true,njst,"[0.03, 0.1)",25,0.25,8
true,njst,"[0.03, 0.1)",50,0.375,8
true,njst,"[0.03, 0.1)",100,0.75,8
true,njst,"[0.03, 0.1)",250,1.0,8
true,njst,"[0.03, 0.1)",500,1.0,8
true,njst,"[0.03, 0.1)",1000,1.0,8
true,njst,"[0.1, 0.3)",10,0.5714285714285714,14
true,njst,"[0.1, 0.3)",25,1.0,14
true,njst,"[0.1, 0.3)",50,1.0,14
true,njst,"[0.1, 0.3)",100,1.0,14
true,njst,"[0.1, 0.3)",250,1.0,14
true,njst,"[0.1, 0.3)",500,1.0,14
true,njst,"[0.1, 0.3)",1000,1.0,14
true,njst,"[0.3, 1.0)",10,1.0,18
true,njst,"[0.3, 1.0)",25,1.0,18
true,njst,"[0.3, 1.0)",50,1.0,18
true,njst,"[0.3, 1.0)",100,1.0,18
true,njst,"[0.3, 1.0)",250,1.0,18
true,njst,"[0.3, 1.0)",500,1.0,18
true,njst,"[0.3, 1.0)",1000,1.0,18
true,njst,"[1.0, inf)",10,1.0,64
true,njst,"[1.0, inf)",25,1.0,64
true,njst,"[1.0, inf)",50,1.0,64
true,njst,"[1.0, inf)",100,1.0,64
true,njst,"[1.0, inf)",250,1.0,64
true,njst,"[1.0, inf)",500,1.0,64
true,njst,"[1.0, inf)",1000,1.0,64
