shape,n,f,method,k,p_tree,p_branch,reps,sec
bal,8,0.05,astral,10,0.0,0.39999999999999997,3,0.014239867528279623
bal,8,0.05,astral,20,0.0,0.26666666666666666,3,0.012866973876953125
bal,8,0.05,astral,50,0.3333333333333333,0.6,3,0.019678274790445965
bal,8,0.05,astral,100,0.3333333333333333,0.6,3,0.02890626589457194
bal,8,0.05,astral,200,0.6666666666666666,0.8666666666666667,3,0.03881605466206869
bal,8,0.05,astral,500,1.0,1.0,3,0.0816210110982259
bal,8,0.05,astral,1000,1.0,1.0,3,0.17434930801391602
bal,8,0.05,astral,2000,1.0,1.0,3,0.42993895212809247
bal,8,0.05,astral,5000,1.0,1.0,3,1.2068791389465332
bal,8,0.05,astrid,10,0.0,0.4666666666666666,3,0.011504252751668295
bal,8,0.05,astrid,20,0.0,0.3333333333333333,3,0.012347539265950521
bal,8,0.05,astrid,50,0.3333333333333333,0.6,3,0.008368492126464844
bal,8,0.05,astrid,100,0.3333333333333333,0.6666666666666666,3,0.013056039810180664
bal,8,0.05,astrid,200,0.6666666666666666,0.8666666666666667,3,0.018521229426066082
bal,8,0.05,astrid,500,1.0,1.0,3,0.013413588205973307
bal,8,0.05,astrid,1000,1.0,1.0,3,0.014410734176635742
bal,8,0.05,astrid,2000,1.0,1.0,3,0.009848276774088541
bal,8,0.05,astrid,5000,1.0,1.0,3,0.01348574956258138
bal,8,0.05,njst,10,0.0,0.4666666666666666,3,
bal,8,0.05,njst,20,0.0,0.3333333333333333,3,
bal,8,0.05,njst,50,0.3333333333333333,0.6,3,
bal,8,0.05,njst,100,0.3333333333333333,0.6666666666666666,3,
bal,8,0.05,njst,200,0.6666666666666666,0.8666666666666667,3,
bal,8,0.05,njst,500,1.0,1.0,3,
bal,8,0.05,njst,1000,1.0,1.0,3,
bal,8,0.05,njst,2000,1.0,1.0,3,
bal,8,0.05,njst,5000,1.0,1.0,3,
bal,8,0.1,astral,10,0.0,0.6,3,0.010833024978637695
bal,8,0.1,astral,20,0.0,0.4666666666666666,3,0.008316516876220703
bal,8,0.1,astral,50,0.0,0.6666666666666666,3,0.011592626571655273
bal,8,0.1,astral,100,0.3333333333333333,0.7999999999999999,3,0.03371167182922363
bal,8,0.1,astral,200,1.0,1.0,3,0.04617190361022949
bal,8,0.1,astral,500,1.0,1.0,3,0.09262021382649739
bal,8,0.1,astral,1000,1.0,1.0,3,0.20163544019063315
bal,8,0.1,astral,2000,1.0,1.0,3,0.3807970682779948
bal,8,0.1,astral,5000,1.0,1.0,3,1.017053206761678
bal,8,0.1,astrid,10,0.0,0.5333333333333333,3,0.00894633928934733
bal,8,0.1,astrid,20,0.0,0.4666666666666666,3,0.009035110473632812
bal,8,0.1,astrid,50,0.0,0.6666666666666666,3,0.013425270716349283
bal,8,0.1,astrid,100,0.3333333333333333,0.7333333333333334,3,0.006317138671875
bal,8,0.1,astrid,200,1.0,1.0,3,0.010294278462727865
bal,8,0.1,astrid,500,1.0,1.0,3,0.013004382451375326
bal,8,0.1,astrid,1000,1.0,1.0,3,0.010607242584228516
bal,8,0.1,astrid,2000,1.0,1.0,3,0.013275623321533203
bal,8,0.1,astrid,5000,1.0,1.0,3,0.0038570562998453775
bal,8,0.1,njst,10,0.0,0.6,3,
bal,8,0.1,njst,20,0.0,0.4666666666666666,3,
bal,8,0.1,njst,50,0.0,0.6666666666666666,3,
bal,8,0.1,njst,100,0.3333333333333333,0.7333333333333334,3,
bal,8,0.1,njst,200,1.0,1.0,3,
bal,8,0.1,njst,500,1.0,1.0,3,
bal,8,0.1,njst,1000,1.0,1.0,3,
bal,8,0.1,njst,2000,1.0,1.0,3,
bal,8,0.1,njst,5000,1.0,1.0,3,
bal,8,0.2,astral,10,0.0,0.7333333333333334,3,0.015704790751139324
bal,8,0.2,astral,20,0.3333333333333333,0.7999999999999999,3,0.01253970464070638
bal,8,0.2,astral,50,0.6666666666666666,0.9333333333333332,3,0.01978151003519694
bal,8,0.2,astral,100,0.6666666666666666,0.9333333333333332,3,0.03092201550801595
bal,8,0.2,astral,200,1.0,1.0,3,0.05318156878153483
bal,8,0.2,astral,500,1.0,1.0,3,0.10660854975382487
bal,8,0.2,astral,1000,1.0,1.0,3,0.16651153564453125
bal,8,0.2,astrid,10,0.0,0.7333333333333334,3,0.012597878774007162
bal,8,0.2,astrid,20,0.3333333333333333,0.8666666666666667,3,0.0096893310546875
bal,8,0.2,astrid,50,0.6666666666666666,0.9333333333333332,3,0.016521930694580078
bal,8,0.2,astrid,100,0.6666666666666666,0.9333333333333332,3,0.01169896125793457
bal,8,0.2,astrid,200,1.0,1.0,3,0.011592626571655273
bal,8,0.2,astrid,500,1.0,1.0,3,0.010900576909383139
bal,8,0.2,astrid,1000,1.0,1.0,3,0.012285550435384115
bal,8,0.2,njst,10,0.0,0.7333333333333334,3,
bal,8,0.2,njst,20,0.3333333333333333,0.8666666666666667,3,
bal,8,0.2,njst,50,0.6666666666666666,0.9333333333333332,3,
bal,8,0.2,njst,100,0.6666666666666666,0.9333333333333332,3,
bal,8,0.2,njst,200,1.0,1.0,3,
bal,8,0.2,njst,500,1.0,1.0,3,
bal,8,0.2,njst,1000,1.0,1.0,3,
bal,8,0.5,astral,10,1.0,1.0,3,0.022488832473754883
bal,8,0.5,astral,20,1.0,1.0,3,0.015733957290649414
bal,8,0.5,astral,50,1.0,1.0,3,0.03163417180379232
bal,8,0.5,astral,100,1.0,1.0,3,0.0297543207804362
bal,8,0.5,astral,200,1.0,1.0,3,0.03788590431213379
bal,8,0.5,astrid,10,1.0,1.0,3,0.022481838862101238
bal,8,0.5,astrid,20,1.0,1.0,3,0.017052650451660156
bal,8,0.5,astrid,50,1.0,1.0,3,0.013888994852701822
bal,8,0.5,astrid,100,1.0,1.0,3,0.021378596623738606
bal,8,0.5,astrid,200,1.0,1.0,3,0.015029191970825195
bal,8,0.5,njst,10,1.0,1.0,3,
bal,8,0.5,njst,20,1.0,1.0,3,
bal,8,0.5,njst,50,1.0,1.0,3,
bal,8,0.5,njst,100,1.0,1.0,3,
bal,8,0.5,njst,200,1.0,1.0,3,
bal,16,0.05,astral,10,0.0,0.07692307692307691,3,0.02176674207051595
bal,16,0.05,astral,20,0.0,0.20512820512820515,3,0.022572914759318035
bal,16,0.05,astral,50,0.0,0.4615384615384615,3,0.054163853327433266
bal,16,0.05,astral,100,0.0,0.6666666666666666,3,0.10011641184488933
bal,16,0.05,astral,200,0.3333333333333333,0.8717948717948718,3,0.17965571085611978
bal,16,0.05,astral,500,0.6666666666666666,0.9487179487179488,3,0.4113650321960449
bal,16,0.05,astral,1000,1.0,1.0,3,1.1335861682891846
bal,16,0.05,astral,2000,1.0,1.0,3,2.705930709838867
bal,16,0.05,astral,5000,1.0,1.0,3,10.424640734990438
bal,16,0.05,astrid,10,0.0,0.1794871794871795,3,0.023740053176879883
bal,16,0.05,astrid,20,0.0,0.2051282051282051,3,0.023935953776041668
bal,16,0.05,astrid,50,0.0,0.5128205128205128,3,0.02429684003194173
bal,16,0.05,astrid,100,0.0,0.7692307692307692,3,0.027476072311401367
bal,16,0.05,astrid,200,0.0,0.8717948717948718,3,0.028330008188883465
bal,16,0.05,astrid,500,0.3333333333333333,0.9487179487179488,3,0.03349876403808594
bal,16,0.05,astrid,1000,1.0,1.0,3,0.030543009440104168
bal,16,0.05,astrid,2000,1.0,1.0,3,0.025417645772298176
bal,16,0.05,astrid,5000,1.0,1.0,3,0.02794679005940755
bal,16,0.05,njst,10,0.0,0.1794871794871795,3,
bal,16,0.05,njst,20,0.0,0.282051282051282,3,
bal,16,0.05,njst,50,0.0,0.4615384615384615,3,
bal,16,0.05,njst,100,0.0,0.5897435897435898,3,
bal,16,0.05,njst,200,0.0,0.8205128205128206,3,
bal,16,0.05,njst,500,0.0,0.923076923076923,3,
bal,16,0.05,njst,1000,1.0,1.0,3,
bal,16,0.05,njst,2000,1.0,1.0,3,
bal,16,0.05,njst,5000,1.0,1.0,3,
bal,16,0.1,astral,10,0.0,0.358974358974359,3,0.02177882194519043
bal,16,0.1,astral,20,0.0,0.5641025641025641,3,0.041946093241373696
bal,16,0.1,astral,50,0.0,0.6153846153846154,3,0.060386975606282554
bal,16,0.1,astral,100,0.0,0.8205128205128206,3,0.12488110860188802
bal,16,0.1,astral,200,0.6666666666666666,0.9743589743589745,3,0.17758687337239584
bal,16,0.1,astral,500,1.0,1.0,3,0.4431922435760498
bal,16,0.1,astral,1000,1.0,1.0,3,1.2208294868469238
bal,16,0.1,astral,2000,1.0,1.0,3,2.845930814743042
bal,16,0.1,astral,5000,1.0,1.0,3,9.503837585449219
bal,16,0.1,astrid,10,0.0,0.1794871794871795,3,0.027487436930338543
bal,16,0.1,astrid,20,0.0,0.6153846153846154,3,0.024613142013549805
bal,16,0.1,astrid,50,0.0,0.6923076923076922,3,0.03386044502258301
bal,16,0.1,astrid,100,0.3333333333333333,0.923076923076923,3,0.027842601140340168
bal,16,0.1,astrid,200,0.6666666666666666,0.9743589743589745,3,0.026993274688720703
bal,16,0.1,astrid,500,1.0,1.0,3,0.03817145029703776
bal,16,0.1,astrid,1000,1.0,1.0,3,0.03202136357625326
bal,16,0.1,astrid,2000,1.0,1.0,3,0.032073974609375
bal,16,0.1,astrid,5000,1.0,1.0,3,0.02447994550069173
bal,16,0.1,njst,10,0.0,0.282051282051282,3,
bal,16,0.1,njst,20,0.0,0.5897435897435898,3,
bal,16,0.1,njst,50,0.0,0.6923076923076922,3,
bal,16,0.1,njst,100,0.0,0.8205128205128206,3,
bal,16,0.1,njst,200,0.6666666666666666,0.9487179487179488,3,
bal,16,0.1,njst,500,1.0,1.0,3,
bal,16,0.1,njst,1000,1.0,1.0,3,
bal,16,0.1,njst,2000,1.0,1.0,3,
bal,16,0.1,njst,5000,1.0,1.0,3,
bal,16,0.2,astral,10,0.0,0.6666666666666666,3,0.02846670150756836
bal,16,0.2,astral,20,0.0,0.8205128205128206,3,0.0259552001953125
bal,16,0.2,astral,50,0.6666666666666666,0.9743589743589745,3,0.052233616511027016
bal,16,0.2,astral,100,1.0,1.0,3,0.0735928217569987
bal,16,0.2,astral,200,1.0,1.0,3,0.14101258913675943
bal,16,0.2,astral,500,1.0,1.0,3,0.33811219533284503
bal,16,0.2,astral,1000,1.0,1.0,3,1.0515929857889812
bal,16,0.2,astrid,10,0.0,0.6923076923076922,3,0.013776858647664389
bal,16,0.2,astrid,20,0.0,0.8205128205128206,3,0.018506685892740887
bal,16,0.2,astrid,50,0.3333333333333333,0.9487179487179488,3,0.01771656672159831
bal,16,0.2,astrid,100,1.0,1.0,3,0.024099349975585938
bal,16,0.2,astrid,200,1.0,1.0,3,0.02957431475321452
bal,16,0.2,astrid,500,1.0,1.0,3,0.02475730578104655
bal,16,0.2,astrid,1000,1.0,1.0,3,0.02916256586710612
bal,16,0.2,njst,10,0.0,0.6666666666666666,3,
bal,16,0.2,njst,20,0.0,0.8205128205128206,3,
bal,16,0.2,njst,50,0.3333333333333333,0.9487179487179488,3,
bal,16,0.2,njst,100,1.0,1.0,3,
bal,16,0.2,njst,200,1.0,1.0,3,
bal,16,0.2,njst,500,1.0,1.0,3,
bal,16,0.2,njst,1000,1.0,1.0,3,
bal,16,0.5,astral,10,0.6666666666666666,0.9487179487179488,3,0.017349640528361004
bal,16,0.5,astral,20,1.0,1.0,3,0.02685125668843587
bal,16,0.5,astral,50,1.0,1.0,3,0.05545647939046224
bal,16,0.5,astral,100,1.0,1.0,3,0.08571569124857585
bal,16,0.5,astral,200,1.0,1.0,3,0.1351031462351481
bal,16,0.5,astrid,10,0.3333333333333333,0.8717948717948718,3,0.013022820154825846
bal,16,0.5,astrid,20,1.0,1.0,3,0.015012900034586588
bal,16,0.5,astrid,50,1.0,1.0,3,0.019962390263875324
bal,16,0.5,astrid,100,1.0,1.0,3,0.011902252833048502
bal,16,0.5,astrid,200,1.0,1.0,3,0.014887094497680664
bal,16,0.5,njst,10,0.3333333333333333,0.8717948717948718,3,
bal,16,0.5,njst,20,1.0,1.0,3,
bal,16,0.5,njst,50,1.0,1.0,3,
bal,16,0.5,njst,100,1.0,1.0,3,
bal,16,0.5,njst,200,1.0,1.0,3,
bal,32,0.05,astral,10,0.0,0.1724137931034483,2,0.0770864486694336
bal,32,0.05,astral,20,0.0,0.22413793103448276,2,0.1068105697631836
bal,32,0.05,astral,50,0.0,0.3448275862068966,2,0.19542694091796875
bal,32,0.05,astral,100,0.0,0.7586206896551724,2,0.3717212677001953
bal,32,0.05,astral,200,0.0,0.8793103448275862,2,0.7664153575897217
bal,32,0.05,astral,500,0.5,0.9655172413793103,2,2.380226492881775
bal,32,0.05,astral,1000,1.0,1.0,2,6.014578700065613
bal,32,0.05,astral,2000,1.0,1.0,2,16.892324566841125
bal,32,0.05,astral,5000,1.0,1.0,2,92.14309251308441
bal,32,0.05,astrid,10,0.0,0.1724137931034483,2,0.06101429462432861
bal,32,0.05,astrid,20,0.0,0.20689655172413796,2,0.5982569456100464
bal,32,0.05,astrid,50,0.0,0.5172413793103448,2,0.5852447748184204
bal,32,0.05,astrid,100,0.0,0.6896551724137931,2,0.5804970264434814
bal,32,0.05,astrid,200,0.0,0.9310344827586208,2,0.6616796255111694
bal,32,0.05,astrid,500,0.5,0.9827586206896552,2,0.5409711599349976
bal,32,0.05,astrid,1000,1.0,1.0,2,0.501006007194519
bal,32,0.05,astrid,2000,1.0,1.0,2,0.5779495239257812
bal,32,0.05,astrid,5000,1.0,1.0,2,0.5831149816513062
bal,32,0.05,njst,10,0.0,0.1724137931034483,2,
bal,32,0.05,njst,20,0.0,0.2068965517241379,2,
bal,32,0.05,njst,50,0.0,0.37931034482758624,2,
bal,32,0.05,njst,100,0.0,0.6896551724137931,2,
bal,32,0.05,njst,200,0.0,0.9137931034482758,2,
bal,32,0.05,njst,500,0.5,0.9827586206896552,2,
bal,32,0.05,njst,1000,0.5,0.9827586206896552,2,
bal,32,0.05,njst,2000,1.0,1.0,2,
bal,32,0.05,njst,5000,1.0,1.0,2,
bal,32,0.1,astral,10,0.0,0.24137931034482757,2,0.05869913101196289
bal,32,0.1,astral,20,0.0,0.27586206896551724,2,0.11543476581573486
bal,32,0.1,astral,50,0.0,0.7758620689655172,2,0.206368088722229
bal,32,0.1,astral,100,0.0,0.9482758620689655,2,0.3043304681777954
bal,32,0.1,astral,200,1.0,1.0,2,0.5112771987915039
bal,32,0.1,astral,500,1.0,1.0,2,2.26236891746521
bal,32,0.1,astral,1000,1.0,1.0,2,6.8582459688186646
bal,32,0.1,astral,2000,1.0,1.0,2,16.020448923110962
bal,32,0.1,astral,5000,1.0,1.0,2,86.05437421798706
bal,32,0.1,astrid,10,0.0,0.27586206896551724,2,0.04337477684020996
bal,32,0.1,astrid,20,0.0,0.3620689655172413,2,0.2997502088546753
bal,32,0.1,astrid,50,0.0,0.7931034482758621,2,0.268801212310791
bal,32,0.1,astrid,100,0.5,0.9482758620689655,2,0.6249065399169922
bal,32,0.1,astrid,200,0.5,0.9655172413793103,2,0.6368241310119629
bal,32,0.1,astrid,500,1.0,1.0,2,0.4848935604095459
bal,32,0.1,astrid,1000,1.0,1.0,2,0.6342120170593262
bal,32,0.1,astrid,2000,1.0,1.0,2,0.637092113494873
bal,32,0.1,astrid,5000,1.0,1.0,2,0.6285238265991211
bal,32,0.1,njst,10,0.0,0.3448275862068965,2,
bal,32,0.1,njst,20,0.0,0.43103448275862066,2,
bal,32,0.1,njst,50,0.0,0.7413793103448276,2,
bal,32,0.1,njst,100,0.5,0.9482758620689655,2,
bal,32,0.1,njst,200,1.0,1.0,2,
bal,32,0.1,njst,500,1.0,1.0,2,
bal,32,0.1,njst,1000,1.0,1.0,2,
bal,32,0.1,njst,2000,1.0,1.0,2,
bal,32,0.1,njst,5000,1.0,1.0,2,
bal,32,0.2,astral,10,0.0,0.5287356321839081,3,0.059297641118367515
bal,32,0.2,astral,20,0.0,0.8505747126436782,3,0.12714759508768717
bal,32,0.2,astral,50,0.0,0.9425287356321839,3,0.21346108118693033
bal,32,0.2,astral,100,0.6666666666666666,0.9885057471264368,3,0.372573455174764
bal,32,0.2,astral,200,1.0,1.0,3,0.8023916085561117
bal,32,0.2,astral,500,1.0,1.0,3,2.7748517990112305
bal,32,0.2,astral,1000,1.0,1.0,3,8.372989018758139
bal,32,0.2,astrid,10,0.0,0.632183908045977,3,0.017004887262980144
bal,32,0.2,astrid,20,0.0,0.7931034482758621,3,0.0289614995320638
bal,32,0.2,astrid,50,0.0,0.896551724137931,3,0.03510896364847819
bal,32,0.2,astrid,100,0.6666666666666666,0.9770114942528735,3,0.03745706876118978
bal,32,0.2,astrid,200,1.0,1.0,3,0.05231602986653646
bal,32,0.2,astrid,500,1.0,1.0,3,0.04983218510945638
bal,32,0.2,astrid,1000,1.0,1.0,3,0.04232112566630045
bal,32,0.2,njst,10,0.0,0.5287356321839081,3,
bal,32,0.2,njst,20,0.0,0.7931034482758621,3,
bal,32,0.2,njst,50,0.0,0.896551724137931,3,
bal,32,0.2,njst,100,0.6666666666666666,0.9770114942528735,3,
bal,32,0.2,njst,200,1.0,1.0,3,
bal,32,0.2,njst,500,1.0,1.0,3,
bal,32,0.2,njst,1000,1.0,1.0,3,
bal,32,0.5,astral,10,0.3333333333333333,0.9195402298850576,3,0.05781865119934082
bal,32,0.5,astral,20,0.6666666666666666,0.9885057471264368,3,0.10503792762756348
bal,32,0.5,astral,50,1.0,1.0,3,0.23219084739685059
bal,32,0.5,astral,100,1.0,1.0,3,0.4388529459635417
bal,32,0.5,astral,200,1.0,1.0,3,0.7254784901936849
bal,32,0.5,astrid,10,0.0,0.9195402298850576,3,0.016047080357869465
bal,32,0.5,astrid,20,0.3333333333333333,0.9540229885057472,3,0.014857212702433268
bal,32,0.5,astrid,50,1.0,1.0,3,0.01681828498840332
bal,32,0.5,astrid,100,1.0,1.0,3,0.02226146062215169
bal,32,0.5,astrid,200,1.0,1.0,3,0.013387123743693033
bal,32,0.5,njst,10,0.0,0.9195402298850576,3,
bal,32,0.5,njst,20,0.3333333333333333,0.9655172413793104,3,
bal,32,0.5,njst,50,1.0,1.0,3,
bal,32,0.5,njst,100,1.0,1.0,3,
bal,32,0.5,njst,200,1.0,1.0,3,
bal,64,0.05,astral,10,0.0,0.10655737704918034,2,0.19240033626556396
bal,64,0.05,astral,20,0.0,0.14754098360655743,2,0.49640214443206787
bal,64,0.05,astral,50,0.0,0.34426229508196726,2,1.0575157403945923
bal,64,0.05,astral,100,0.0,0.5491803278688524,2,1.6438907384872437
bal,64,0.05,astral,200,0.0,0.8114754098360656,2,4.4728230237960815
bal,64,0.05,astral,500,0.0,0.9672131147540983,2,20.310290098190308
bal,64,0.05,astral,1000,0.5,0.9754098360655737,2,53.24515771865845
bal,64,0.05,astral,2000,1.0,1.0,1,83.52457928657532
bal,64,0.05,astral,5000,1.0,1.0,1,413.66872453689575
bal,64,0.05,astrid,10,0.0,0.13114754098360654,2,0.23680365085601807
bal,64,0.05,astrid,20,0.0,0.1885245901639344,2,40.16718244552612
bal,64,0.05,astrid,50,0.0,0.4918032786885246,2,50.33625090122223
bal,64,0.05,astrid,100,0.0,0.6557377049180328,2,45.69029080867767
bal,64,0.05,astrid,200,0.0,0.8442622950819673,2,45.880250334739685
bal,64,0.05,astrid,500,0.0,0.9754098360655737,2,45.332619071006775
bal,64,0.05,astrid,1000,0.5,0.9918032786885246,2,45.78843069076538
bal,64,0.05,astrid,2000,1.0,1.0,2,46.50919568538666
bal,64,0.05,astrid,5000,1.0,1.0,1,31.183205366134644
bal,64,0.05,njst,10,0.0,0.1147540983606557,2,
bal,64,0.05,njst,20,0.0,0.139344262295082,2,
bal,64,0.05,njst,50,0.0,0.3524590163934426,2,
bal,64,0.05,njst,100,0.0,0.6475409836065574,2,
bal,64,0.05,njst,200,0.0,0.7950819672131147,2,
bal,64,0.05,njst,500,0.0,0.9754098360655737,2,
bal,64,0.05,njst,1000,0.0,0.9754098360655737,2,
bal,64,0.05,njst,2000,1.0,1.0,2,
bal,64,0.05,njst,5000,1.0,1.0,1,
bal,64,0.1,astral,10,0.0,0.19672131147540983,2,0.19054579734802246
bal,64,0.1,astral,20,0.0,0.45081967213114754,2,0.4677790403366089
bal,64,0.1,astral,50,0.0,0.7049180327868853,2,0.7808973789215088
bal,64,0.1,astral,100,0.0,0.8360655737704918,2,2.251907229423523
bal,64,0.1,astral,200,0.5,0.9918032786885246,2,4.352092504501343
bal,64,0.1,astral,500,1.0,1.0,2,18.4963618516922
bal,64,0.1,astral,1000,1.0,1.0,2,55.05974316596985
bal,64,0.1,astral,2000,1.0,1.0,1,73.89641237258911
bal,64,0.1,astral,5000,1.0,1.0,1,322.4768211841583
bal,64,0.1,astrid,10,0.0,0.29508196721311475,2,0.05718827247619629
bal,64,0.1,astrid,20,0.0,0.49999999999999994,2,0.34282898902893066
bal,64,0.1,astrid,50,0.0,0.7540983606557377,2,4.705432415008545
bal,64,0.1,astrid,100,0.0,0.8688524590163935,2,31.006418585777283
bal,64,0.1,astrid,200,0.5,0.9836065573770492,2,48.998525500297546
bal,64,0.1,astrid,500,0.5,0.9918032786885246,2,45.42453134059906
bal,64,0.1,astrid,1000,1.0,1.0,2,46.062997698783875
bal,64,0.1,astrid,2000,1.0,1.0,2,46.34144973754883
bal,64,0.1,astrid,5000,1.0,1.0,1,30.96036958694458
bal,64,0.1,njst,10,0.0,0.28688524590163933,2,
bal,64,0.1,njst,20,0.0,0.4754098360655738,2,
bal,64,0.1,njst,50,0.0,0.6967213114754098,2,
bal,64,0.1,njst,100,0.0,0.8442622950819672,2,
bal,64,0.1,njst,200,0.0,0.9672131147540983,2,
bal,64,0.1,njst,500,0.5,0.9918032786885246,2,
bal,64,0.1,njst,1000,1.0,1.0,2,
bal,64,0.1,njst,2000,1.0,1.0,2,
bal,64,0.1,njst,5000,1.0,1.0,1,
bal,64,0.2,astral,10,0.0,0.5819672131147541,2,0.12951529026031494
bal,64,0.2,astral,20,0.0,0.7704918032786885,2,0.2453303337097168
bal,64,0.2,astral,50,0.0,0.9426229508196722,2,0.7576651573181152
bal,64,0.2,astral,100,0.0,0.9836065573770492,2,1.5059102773666382
bal,64,0.2,astral,200,1.0,1.0,2,3.4841688871383667
bal,64,0.2,astral,500,1.0,1.0,2,18.421031832695007
bal,64,0.2,astral,1000,1.0,1.0,2,50.7666130065918
bal,64,0.2,astrid,10,0.0,0.7377049180327868,2,0.057880282402038574
bal,64,0.2,astrid,20,0.0,0.8114754098360656,2,0.04984152317047119
bal,64,0.2,astrid,50,0.0,0.9262295081967213,2,0.1875065565109253
bal,64,0.2,astrid,100,0.0,0.9754098360655737,2,0.21494340896606445
bal,64,0.2,astrid,200,1.0,1.0,2,0.2693876028060913
bal,64,0.2,astrid,500,1.0,1.0,2,0.4029330015182495
bal,64,0.2,astrid,1000,1.0,1.0,2,0.39504098892211914
bal,64,0.2,njst,10,0.0,0.680327868852459,2,
bal,64,0.2,njst,20,0.0,0.7950819672131147,2,
bal,64,0.2,njst,50,0.0,0.8770491803278688,2,
bal,64,0.2,njst,100,0.0,0.9672131147540983,2,
bal,64,0.2,njst,200,1.0,1.0,2,
bal,64,0.2,njst,500,1.0,1.0,2,
bal,64,0.2,njst,1000,1.0,1.0,2,
bal,64,0.5,astral,10,0.0,0.8852459016393442,2,0.12227189540863037
bal,64,0.5,astral,20,0.5,0.9918032786885246,2,0.3077510595321655
bal,64,0.5,astral,50,1.0,1.0,2,0.8443092107772827
bal,64,0.5,astral,100,1.0,1.0,2,1.6514434814453125
bal,64,0.5,astral,200,1.0,1.0,2,3.5093233585357666
bal,64,0.5,astrid,10,0.0,0.819672131147541,2,0.021140336990356445
bal,64,0.5,astrid,20,0.0,0.9426229508196722,2,0.05320620536804199
bal,64,0.5,astrid,50,1.0,1.0,2,0.05488324165344238
bal,64,0.5,astrid,100,1.0,1.0,2,0.09265077114105225
bal,64,0.5,astrid,200,1.0,1.0,2,0.10404014587402344
bal,64,0.5,njst,10,0.0,0.7950819672131147,2,
bal,64,0.5,njst,20,0.0,0.9262295081967213,2,
bal,64,0.5,njst,50,1.0,1.0,2,
bal,64,0.5,njst,100,1.0,1.0,2,
bal,64,0.5,njst,200,1.0,1.0,2,
cat,8,0.05,astral,10,0.0,0.1333333333333333,3,0.019993305206298828
cat,8,0.05,astral,20,0.0,0.1333333333333333,3,0.016808748245239258
cat,8,0.05,astral,50,0.0,0.39999999999999997,3,0.018296003341674805
cat,8,0.05,astral,100,0.0,0.5333333333333333,3,0.025415658950805664
cat,8,0.05,astral,200,0.0,0.6666666666666666,3,0.04101411501566569
cat,8,0.05,astral,500,0.3333333333333333,0.8666666666666667,3,0.07915433247884114
cat,8,0.05,astral,1000,0.6666666666666666,0.9333333333333332,3,0.1769887606302897
cat,8,0.05,astral,2000,1.0,1.0,3,0.3562832673390706
cat,8,0.05,astral,5000,1.0,1.0,3,1.0335075855255127
cat,8,0.05,astrid,10,0.0,0.19999999999999996,3,0.022278865178426106
cat,8,0.05,astrid,20,0.0,0.1333333333333333,3,0.01839907964070638
cat,8,0.05,astrid,50,0.0,0.4666666666666666,3,0.013153155644734701
cat,8,0.05,astrid,100,0.0,0.4666666666666666,3,0.02451602617899577
cat,8,0.05,astrid,200,0.0,0.7333333333333334,3,0.018662770589192707
cat,8,0.05,astrid,500,0.3333333333333333,0.8666666666666667,3,0.0164948304494222
cat,8,0.05,astrid,1000,0.6666666666666666,0.9333333333333332,3,0.017057180404663086
cat,8,0.05,astrid,2000,1.0,1.0,3,0.018547852834065754
cat,8,0.05,astrid,5000,1.0,1.0,3,0.011223554611206055
cat,8,0.05,njst,10,0.0,0.19999999999999996,3,
cat,8,0.05,njst,20,0.0,0.1333333333333333,3,
cat,8,0.05,njst,50,0.0,0.5333333333333333,3,
cat,8,0.05,njst,100,0.0,0.4666666666666666,3,
cat,8,0.05,njst,200,0.0,0.7333333333333334,3,
cat,8,0.05,njst,500,0.3333333333333333,0.8666666666666667,3,
cat,8,0.05,njst,1000,0.6666666666666666,0.9333333333333332,3,
cat,8,0.05,njst,2000,1.0,1.0,3,
cat,8,0.05,njst,5000,1.0,1.0,3,
cat,8,0.1,astral,10,0.0,0.4000000000000001,3,0.012774467468261719
cat,8,0.1,astral,20,0.0,0.5333333333333333,3,0.014848629633585611
cat,8,0.1,astral,50,0.3333333333333333,0.7999999999999999,3,0.016902923583984375
cat,8,0.1,astral,100,0.3333333333333333,0.8666666666666667,3,0.028307278951009113
cat,8,0.1,astral,200,1.0,1.0,3,0.05166951815287272
cat,8,0.1,astral,500,1.0,1.0,3,0.06092993418375651
cat,8,0.1,astral,1000,1.0,1.0,3,0.18775041898091635
cat,8,0.1,astral,2000,1.0,1.0,3,0.38236061731974286
cat,8,0.1,astral,5000,1.0,1.0,3,1.029908816019694
cat,8,0.1,astrid,10,0.0,0.4000000000000001,3,0.015657663345336914
cat,8,0.1,astrid,20,0.0,0.6,3,0.010563214619954428
cat,8,0.1,astrid,50,0.0,0.7333333333333334,3,0.015630086263020832
cat,8,0.1,astrid,100,0.6666666666666666,0.9333333333333332,3,0.015694141387939453
cat,8,0.1,astrid,200,0.6666666666666666,0.9333333333333332,3,0.01420132319132487
cat,8,0.1,astrid,500,1.0,1.0,3,0.016894817352294922
cat,8,0.1,astrid,1000,1.0,1.0,3,0.01436161994934082
cat,8,0.1,astrid,2000,1.0,1.0,3,0.011370579401652018
cat,8,0.1,astrid,5000,1.0,1.0,3,0.014638582865397135
cat,8,0.1,njst,10,0.0,0.4000000000000001,3,
cat,8,0.1,njst,20,0.0,0.6,3,
cat,8,0.1,njst,50,0.0,0.7333333333333334,3,
cat,8,0.1,njst,100,0.6666666666666666,0.9333333333333332,3,
cat,8,0.1,njst,200,0.6666666666666666,0.9333333333333332,3,
cat,8,0.1,njst,500,1.0,1.0,3,
cat,8,0.1,njst,1000,1.0,1.0,3,
cat,8,0.1,njst,2000,1.0,1.0,3,
cat,8,0.1,njst,5000,1.0,1.0,3,
cat,8,0.2,astral,10,0.0,0.6,3,0.008902470270792643
cat,8,0.2,astral,20,0.0,0.7333333333333334,3,0.009621143341064453
cat,8,0.2,astral,50,0.6666666666666666,0.9333333333333332,3,0.010209957758585611
cat,8,0.2,astral,100,1.0,1.0,3,0.019286394119262695
cat,8,0.2,astral,200,1.0,1.0,3,0.031710545221964516
cat,8,0.2,astral,500,1.0,1.0,3,0.07280246416727702
cat,8,0.2,astral,1000,1.0,1.0,3,0.19146180152893066
cat,8,0.2,astrid,10,0.3333333333333333,0.7333333333333334,3,0.014823675155639648
cat,8,0.2,astrid,20,0.3333333333333333,0.7333333333333334,3,0.010886748631795248
cat,8,0.2,astrid,50,0.6666666666666666,0.9333333333333332,3,0.014522790908813477
cat,8,0.2,astrid,100,1.0,1.0,3,0.01209243138631185
cat,8,0.2,astrid,200,1.0,1.0,3,0.01333920160929362
cat,8,0.2,astrid,500,1.0,1.0,3,0.011674086252848307
cat,8,0.2,astrid,1000,1.0,1.0,3,0.01821112632751465
cat,8,0.2,njst,10,0.3333333333333333,0.7333333333333334,3,
cat,8,0.2,njst,20,0.3333333333333333,0.7999999999999999,3,
cat,8,0.2,njst,50,0.6666666666666666,0.9333333333333332,3,
cat,8,0.2,njst,100,1.0,1.0,3,
cat,8,0.2,njst,200,1.0,1.0,3,
cat,8,0.2,njst,500,1.0,1.0,3,
cat,8,0.2,njst,1000,1.0,1.0,3,
cat,8,0.5,astral,10,0.3333333333333333,0.8666666666666667,3,0.012052059173583984
cat,8,0.5,astral,20,1.0,1.0,3,0.013833999633789062
cat,8,0.5,astral,50,1.0,1.0,3,0.01417088508605957
cat,8,0.5,astral,100,1.0,1.0,3,0.018865187962849934
cat,8,0.5,astral,200,1.0,1.0,3,0.03736996650695801
cat,8,0.5,astrid,10,1.0,1.0,3,0.017970482508341473
cat,8,0.5,astrid,20,1.0,1.0,3,0.011965195337931315
cat,8,0.5,astrid,50,1.0,1.0,3,0.012983481089274088
cat,8,0.5,astrid,100,1.0,1.0,3,0.012674887975056967
cat,8,0.5,astrid,200,1.0,1.0,3,0.01314838727315267
cat,8,0.5,njst,10,1.0,1.0,3,
cat,8,0.5,njst,20,1.0,1.0,3,
cat,8,0.5,njst,50,1.0,1.0,3,
cat,8,0.5,njst,100,1.0,1.0,3,
cat,8,0.5,njst,200,1.0,1.0,3,
cat,16,0.05,astral,10,0.0,0.15384615384615385,3,0.030709505081176758
cat,16,0.05,astral,20,0.0,0.3846153846153846,3,0.024421135584513348
cat,16,0.05,astral,50,0.0,0.5384615384615384,3,0.0487208366394043
cat,16,0.05,astral,100,0.0,0.6666666666666666,3,0.08233022689819336
cat,16,0.05,astral,200,0.0,0.8205128205128206,3,0.17471798261006674
cat,16,0.05,astral,500,0.6666666666666666,0.9743589743589745,3,0.42478346824645996
cat,16,0.05,astral,1000,0.6666666666666666,0.9743589743589745,3,1.0489158630371094
cat,16,0.05,astral,2000,1.0,1.0,3,2.234675407409668
cat,16,0.05,astral,5000,1.0,1.0,3,6.580048561096191
cat,16,0.05,astrid,10,0.0,0.1794871794871795,3,0.017041762669881184
cat,16,0.05,astrid,20,0.0,0.23076923076923075,3,0.01717821756998698
cat,16,0.05,astrid,50,0.0,0.5641025641025641,3,0.026639461517333984
cat,16,0.05,astrid,100,0.0,0.717948717948718,3,0.02610325813293457
cat,16,0.05,astrid,200,0.0,0.7692307692307692,3,0.029002984364827473
cat,16,0.05,astrid,500,0.6666666666666666,0.923076923076923,3,0.024528900782267254
cat,16,0.05,astrid,1000,0.6666666666666666,0.9743589743589745,3,0.02023474375406901
cat,16,0.05,astrid,2000,1.0,1.0,3,0.02273074785868327
cat,16,0.05,astrid,5000,1.0,1.0,3,0.03225302696228027
cat,16,0.05,njst,10,0.0,0.1794871794871795,3,
cat,16,0.05,njst,20,0.0,0.23076923076923075,3,
cat,16,0.05,njst,50,0.0,0.5384615384615384,3,
cat,16,0.05,njst,100,0.0,0.6666666666666666,3,
cat,16,0.05,njst,200,0.0,0.7435897435897436,3,
cat,16,0.05,njst,500,0.3333333333333333,0.923076923076923,3,
cat,16,0.05,njst,1000,1.0,1.0,3,
cat,16,0.05,njst,2000,1.0,1.0,3,
cat,16,0.05,njst,5000,1.0,1.0,3,
cat,16,0.1,astral,10,0.0,0.3333333333333333,3,0.022216161092122395
cat,16,0.1,astral,20,0.0,0.5128205128205128,3,0.02482430140177409
cat,16,0.1,astral,50,0.0,0.8205128205128206,3,0.03509656588236491
cat,16,0.1,astral,100,0.0,0.8974358974358975,3,0.07228787740071614
cat,16,0.1,astral,200,0.3333333333333333,0.9487179487179488,3,0.16727391878763834
cat,16,0.1,astral,500,1.0,1.0,3,0.43426982561747235
cat,16,0.1,astral,1000,1.0,1.0,3,0.950735886891683
cat,16,0.1,astral,2000,1.0,1.0,3,2.325559377670288
cat,16,0.1,astral,5000,1.0,1.0,3,7.126240968704224
cat,16,0.1,astrid,10,0.0,0.358974358974359,3,0.018055836359659832
cat,16,0.1,astrid,20,0.0,0.5384615384615384,3,0.013561884562174479
cat,16,0.1,astrid,50,0.0,0.7435897435897436,3,0.012768745422363281
cat,16,0.1,astrid,100,0.3333333333333333,0.8461538461538461,3,0.015995502471923828
cat,16,0.1,astrid,200,0.3333333333333333,0.9487179487179488,3,0.016180038452148438
cat,16,0.1,astrid,500,1.0,1.0,3,0.015889883041381836
cat,16,0.1,astrid,1000,1.0,1.0,3,0.014235417048136393
cat,16,0.1,astrid,2000,1.0,1.0,3,0.01789434750874837
cat,16,0.1,astrid,5000,1.0,1.0,3,0.013827959696451822
cat,16,0.1,njst,10,0.0,0.30769230769230765,3,
cat,16,0.1,njst,20,0.0,0.5128205128205128,3,
cat,16,0.1,njst,50,0.0,0.7435897435897436,3,
cat,16,0.1,njst,100,0.0,0.8717948717948718,3,
cat,16,0.1,njst,200,0.3333333333333333,0.9487179487179488,3,
cat,16,0.1,njst,500,1.0,1.0,3,
cat,16,0.1,njst,1000,1.0,1.0,3,
cat,16,0.1,njst,2000,1.0,1.0,3,
cat,16,0.1,njst,5000,1.0,1.0,3,
cat,16,0.2,astral,10,0.0,0.717948717948718,3,0.013929923375447592
cat,16,0.2,astral,20,0.0,0.7948717948717948,3,0.029576539993286133
cat,16,0.2,astral,50,0.3333333333333333,0.923076923076923,3,0.045904318491617836
cat,16,0.2,astral,100,0.6666666666666666,0.9487179487179488,3,0.08601935704549153
cat,16,0.2,astral,200,1.0,1.0,3,0.10104568799336751
cat,16,0.2,astral,500,1.0,1.0,3,0.3806966145833333
cat,16,0.2,astral,1000,1.0,1.0,3,1.0328539212544758
cat,16,0.2,astrid,10,0.0,0.717948717948718,3,0.01603833834330241
cat,16,0.2,astrid,20,0.3333333333333333,0.8461538461538461,3,0.015338579813639322
cat,16,0.2,astrid,50,0.3333333333333333,0.923076923076923,3,0.02139560381571452
cat,16,0.2,astrid,100,0.3333333333333333,0.9487179487179488,3,0.012088537216186523
cat,16,0.2,astrid,200,1.0,1.0,3,0.016794125239054363
cat,16,0.2,astrid,500,1.0,1.0,3,0.014904101689656576
cat,16,0.2,astrid,1000,1.0,1.0,3,0.014229138692220053
cat,16,0.2,njst,10,0.0,0.6666666666666666,3,
cat,16,0.2,njst,20,0.0,0.7692307692307692,3,
cat,16,0.2,njst,50,0.0,0.8974358974358975,3,
cat,16,0.2,njst,100,0.6666666666666666,0.9487179487179488,3,
cat,16,0.2,njst,200,1.0,1.0,3,
cat,16,0.2,njst,500,1.0,1.0,3,
cat,16,0.2,njst,1000,1.0,1.0,3,
cat,16,0.5,astral,10,0.6666666666666666,0.9743589743589745,3,0.016605536142985027
cat,16,0.5,astral,20,1.0,1.0,3,0.020308812459309895
cat,16,0.5,astral,50,1.0,1.0,3,0.034742275873819985
cat,16,0.5,astral,100,1.0,1.0,3,0.07068006197611491
cat,16,0.5,astral,200,1.0,1.0,3,0.1451890468597412
cat,16,0.5,astrid,10,0.6666666666666666,0.9487179487179488,3,0.012766361236572266
cat,16,0.5,astrid,20,0.6666666666666666,0.9743589743589745,3,0.017345746358235676
cat,16,0.5,astrid,50,1.0,1.0,3,0.015289306640625
cat,16,0.5,astrid,100,1.0,1.0,3,0.01638960838317871
cat,16,0.5,astrid,200,1.0,1.0,3,0.01800092061360677
cat,16,0.5,njst,10,0.3333333333333333,0.923076923076923,3,
cat,16,0.5,njst,20,0.6666666666666666,0.9743589743589745,3,
cat,16,0.5,njst,50,1.0,1.0,3,
cat,16,0.5,njst,100,1.0,1.0,3,
cat,16,0.5,njst,200,1.0,1.0,3,
cat,32,0.05,astral,10,0.0,0.21839080459770113,3,0.055963357289632164
cat,32,0.05,astral,20,0.0,0.40229885057471265,3,0.07742579778035481
cat,32,0.05,astral,50,0.0,0.5862068965517241,3,0.14084450403849283
cat,32,0.05,astral,100,0.0,0.7011494252873564,3,0.3780193328857422
cat,32,0.05,astral,200,0.0,0.8505747126436782,3,0.7265018622080485
cat,32,0.05,astral,500,0.3333333333333333,0.9540229885057471,3,2.2399834791819253
cat,32,0.05,astral,1000,0.6666666666666666,0.9885057471264368,3,5.7066530386606855
cat,32,0.05,astral,2000,1.0,1.0,3,13.558379332224527
cat,32,0.05,astral,5000,1.0,1.0,2,30.698639154434204
cat,32,0.05,astrid,10,0.0,0.10344827586206899,3,0.01710025469462077
cat,32,0.05,astrid,20,0.0,0.2758620689655173,3,0.02423556645711263
cat,32,0.05,astrid,50,0.0,0.4482758620689655,3,0.012078126271565756
cat,32,0.05,astrid,100,0.0,0.632183908045977,3,0.01997065544128418
cat,32,0.05,astrid,200,0.0,0.7816091954022989,3,0.017014026641845703
cat,32,0.05,astrid,500,0.0,0.9080459770114943,3,0.018750349680582683
cat,32,0.05,astrid,1000,0.6666666666666666,0.9885057471264368,3,0.017248868942260742
cat,32,0.05,astrid,2000,1.0,1.0,3,0.02033853530883789
cat,32,0.05,astrid,5000,1.0,1.0,3,0.020197629928588867
cat,32,0.05,njst,10,0.0,0.10344827586206895,3,
cat,32,0.05,njst,20,0.0,0.2413793103448276,3,
cat,32,0.05,njst,50,0.0,0.4482758620689655,3,
cat,32,0.05,njst,100,0.0,0.6896551724137931,3,
cat,32,0.05,njst,200,0.0,0.7701149425287356,3,
cat,32,0.05,njst,500,0.0,0.9080459770114943,3,
cat,32,0.05,njst,1000,0.6666666666666666,0.9885057471264368,3,
cat,32,0.05,njst,2000,1.0,1.0,3,
cat,32,0.05,njst,5000,1.0,1.0,3,
cat,32,0.1,astral,10,0.0,0.39080459770114945,3,0.05578343073527018
cat,32,0.1,astral,20,0.0,0.6551724137931035,3,0.08464852968851726
cat,32,0.1,astral,50,0.0,0.7586206896551725,3,0.2073057492574056
cat,32,0.1,astral,100,0.0,0.9195402298850576,3,0.35709301630655926
cat,32,0.1,astral,200,0.0,0.9655172413793104,3,0.6734966437021891
cat,32,0.1,astral,500,1.0,1.0,3,2.498627503712972
cat,32,0.1,astral,1000,1.0,1.0,3,5.996570746103923
cat,32,0.1,astral,2000,1.0,1.0,3,14.246305147806803
cat,32,0.1,astral,5000,1.0,1.0,2,33.16695988178253
cat,32,0.1,astrid,10,0.0,0.3448275862068966,3,0.018045743306477863
cat,32,0.1,astrid,20,0.0,0.4482758620689655,3,0.01814889907836914
cat,32,0.1,astrid,50,0.0,0.6666666666666666,3,0.020371278127034504
cat,32,0.1,astrid,100,0.0,0.8275862068965517,3,0.018819014231363933
cat,32,0.1,astrid,200,0.0,0.9080459770114943,3,0.021741469701131184
cat,32,0.1,astrid,500,0.6666666666666666,0.9885057471264368,3,0.021444002787272137
cat,32,0.1,astrid,1000,1.0,1.0,3,0.01822694142659505
cat,32,0.1,astrid,2000,1.0,1.0,3,0.023684104283650715
cat,32,0.1,astrid,5000,1.0,1.0,3,0.014677286148071289
cat,32,0.1,njst,10,0.0,0.2988505747126437,3,
cat,32,0.1,njst,20,0.0,0.5402298850574713,3,
cat,32,0.1,njst,50,0.0,0.7241379310344828,3,
cat,32,0.1,njst,100,0.0,0.8620689655172414,3,
cat,32,0.1,njst,200,0.0,0.9540229885057472,3,
cat,32,0.1,njst,500,1.0,1.0,3,
cat,32,0.1,njst,1000,1.0,1.0,3,
cat,32,0.1,njst,2000,1.0,1.0,3,
cat,32,0.1,njst,5000,1.0,1.0,3,
cat,32,0.2,astral,10,0.0,0.5977011494252874,3,0.05194584528605143
cat,32,0.2,astral,20,0.0,0.7701149425287356,3,0.10495583216349284
cat,32,0.2,astral,50,0.0,0.9310344827586207,3,0.18732968966166177
cat,32,0.2,astral,100,0.6666666666666666,0.9885057471264368,3,0.36684250831604004
cat,32,0.2,astral,200,1.0,1.0,3,0.843671719233195
cat,32,0.2,astral,500,1.0,1.0,3,2.8934097290039062
cat,32,0.2,astral,1000,1.0,1.0,3,7.141312837600708
cat,32,0.2,astrid,10,0.0,0.5517241379310345,3,0.022119919459025066
cat,32,0.2,astrid,20,0.0,0.735632183908046,3,0.021214644114176433
cat,32,0.2,astrid,50,0.0,0.8850574712643677,3,0.020999749501546223
cat,32,0.2,astrid,100,0.3333333333333333,0.9770114942528737,3,0.022095521291097004
cat,32,0.2,astrid,200,1.0,1.0,3,0.020999590555826824
cat,32,0.2,astrid,500,1.0,1.0,3,0.0229187806447347
cat,32,0.2,astrid,1000,1.0,1.0,3,0.02023013432820638
cat,32,0.2,njst,10,0.0,0.5287356321839081,3,
cat,32,0.2,njst,20,0.0,0.7241379310344828,3,
cat,32,0.2,njst,50,0.0,0.9080459770114943,3,
cat,32,0.2,njst,100,0.6666666666666666,0.9885057471264368,3,
cat,32,0.2,njst,200,1.0,1.0,3,
cat,32,0.2,njst,500,1.0,1.0,3,
cat,32,0.2,njst,1000,1.0,1.0,3,
cat,32,0.5,astral,10,0.0,0.9080459770114943,3,0.04715132713317871
cat,32,0.5,astral,20,0.6666666666666666,0.9885057471264368,3,0.1037143071492513
cat,32,0.5,astral,50,1.0,1.0,3,0.2055975596110026
cat,32,0.5,astral,100,1.0,1.0,3,0.4367036819458008
cat,32,0.5,astral,200,1.0,1.0,3,0.893608808517456
cat,32,0.5,astrid,10,0.0,0.9195402298850576,3,0.017838001251220703
cat,32,0.5,astrid,20,0.6666666666666666,0.9885057471264368,3,0.018169959386189777
cat,32,0.5,astrid,50,1.0,1.0,3,0.014944871266682943
cat,32,0.5,astrid,100,1.0,1.0,3,0.018014828364054363
cat,32,0.5,astrid,200,1.0,1.0,3,0.02023903528849284
cat,32,0.5,njst,10,0.0,0.896551724137931,3,
cat,32,0.5,njst,20,0.6666666666666666,0.9885057471264368,3,
cat,32,0.5,njst,50,1.0,1.0,3,
cat,32,0.5,njst,100,1.0,1.0,3,
cat,32,0.5,njst,200,1.0,1.0,3,
cat,64,0.05,astral,10,0.0,0.12568306010928962,3,0.21088854471842447
cat,64,0.05,astral,20,0.0,0.26229508196721313,3,0.42906912167867023
cat,64,0.05,astral,50,0.0,0.4754098360655738,3,0.9373515446980795
cat,64,0.05,astral,100,0.0,0.5792349726775956,3,1.975484848022461
cat,64,0.05,astral,200,0.0,0.7704918032786886,3,4.438424189885457
cat,64,0.05,astral,500,0.0,0.9562841530054644,3,16.986045201619465
cat,64,0.05,astral,1000,0.6666666666666666,0.9945355191256832,3,40.4388632774353
cat,64,0.05,astral,2000,1.0,1.0,2,62.94087600708008
cat,64,0.05,astral,5000,1.0,1.0,2,405.1597385406494
cat,64,0.05,astrid,10,0.0,0.07103825136612023,3,0.05806771914164225
cat,64,0.05,astrid,20,0.0,0.18579234972677594,3,0.08369684219360352
cat,64,0.05,astrid,50,0.0,0.3825136612021858,3,0.06579351425170898
cat,64,0.05,astrid,100,0.0,0.5792349726775957,3,0.06397795677185059
cat,64,0.05,astrid,200,0.0,0.6994535519125683,3,0.04384676615397135
cat,64,0.05,astrid,500,0.0,0.8907103825136612,3,0.052000840504964195
cat,64,0.05,astrid,1000,0.0,0.9781420765027322,3,0.049393018086751304
cat,64,0.05,astrid,2000,0.6666666666666666,0.9945355191256832,3,0.054445107777913414
cat,64,0.05,astrid,5000,1.0,1.0,2,0.04512357711791992
cat,64,0.05,njst,10,0.0,0.07650273224043717,3,
cat,64,0.05,njst,20,0.0,0.17486338797814208,3,
cat,64,0.05,njst,50,0.0,0.39344262295081966,3,
cat,64,0.05,njst,100,0.0,0.5956284153005464,3,
cat,64,0.05,njst,200,0.0,0.7049180327868854,3,
cat,64,0.05,njst,500,0.0,0.9344262295081966,3,
cat,64,0.05,njst,1000,0.6666666666666666,0.983606557377049,3,
cat,64,0.05,njst,2000,1.0,1.0,3,
cat,64,0.05,njst,5000,1.0,1.0,2,
cat,64,0.1,astral,10,0.0,0.3333333333333333,3,0.26704128583272296
cat,64,0.1,astral,20,0.0,0.46994535519125685,3,0.4545958836873372
cat,64,0.1,astral,50,0.0,0.6830601092896176,3,1.1008360385894775
cat,64,0.1,astral,100,0.0,0.8360655737704917,3,2.2827847003936768
cat,64,0.1,astral,200,0.0,0.9562841530054644,3,6.094219048817952
cat,64,0.1,astral,500,1.0,1.0,3,22.208564440409344
cat,64,0.1,astral,1000,1.0,1.0,3,49.986983935038246
cat,64,0.1,astral,2000,1.0,1.0,1,68.83183002471924
cat,64,0.1,astral,5000,1.0,1.0,1,386.4955916404724
cat,64,0.1,astrid,10,0.0,0.30601092896174864,3,0.09693487485249837
cat,64,0.1,astrid,20,0.0,0.3989071038251366,3,0.0975491205851237
cat,64,0.1,astrid,50,0.0,0.639344262295082,3,0.10472639401753743
cat,64,0.1,astrid,100,0.0,0.7759562841530054,3,0.08960223197937012
cat,64,0.1,astrid,200,0.0,0.9016393442622951,3,0.06626303990681966
cat,64,0.1,astrid,500,0.0,0.9781420765027322,3,0.06941819190979004
cat,64,0.1,astrid,1000,0.6666666666666666,0.9945355191256832,3,0.06642858187357585
cat,64,0.1,astrid,2000,1.0,1.0,3,0.06740530331929524
cat,64,0.1,astrid,5000,1.0,1.0,1,0.06411886215209961
cat,64,0.1,njst,10,0.0,0.27322404371584696,3,
cat,64,0.1,njst,20,0.0,0.39344262295081966,3,
cat,64,0.1,njst,50,0.0,0.6502732240437159,3,
cat,64,0.1,njst,100,0.0,0.7978142076502732,3,
cat,64,0.1,njst,200,0.0,0.9016393442622951,3,
cat,64,0.1,njst,500,0.0,0.9781420765027322,3,
cat,64,0.1,njst,1000,0.6666666666666666,0.9945355191256832,3,
cat,64,0.1,njst,2000,1.0,1.0,3,
cat,64,0.1,njst,5000,1.0,1.0,1,
cat,64,0.2,astral,10,0.0,0.5956284153005464,3,0.23601754506429037
cat,64,0.2,astral,20,0.0,0.7431693989071038,3,0.5726465384165446
cat,64,0.2,astral,50,0.0,0.9234972677595628,3,1.3394984404246013
cat,64,0.2,astral,100,0.0,0.983606557377049,3,2.7170252799987793
cat,64,0.2,astral,200,1.0,1.0,3,6.824029604593913
cat,64,0.2,astral,500,1.0,1.0,3,23.07591199874878
cat,64,0.2,astral,1000,1.0,1.0,3,50.40319983164469
cat,64,0.2,astrid,10,0.0,0.48087431693989063,3,0.04118013381958008
cat,64,0.2,astrid,20,0.0,0.6338797814207651,3,0.10811718304951985
cat,64,0.2,astrid,50,0.0,0.8688524590163934,3,0.1233068307240804
cat,64,0.2,astrid,100,0.0,0.9398907103825137,3,0.11806964874267578
cat,64,0.2,astrid,200,0.6666666666666666,0.9945355191256832,3,0.13465301195780435
cat,64,0.2,astrid,500,1.0,1.0,3,0.11889489491780598
cat,64,0.2,astrid,1000,1.0,1.0,3,0.1285107135772705
cat,64,0.2,njst,10,0.0,0.4863387978142077,3,
cat,64,0.2,njst,20,0.0,0.6010928961748634,3,
cat,64,0.2,njst,50,0.0,0.8633879781420765,3,
cat,64,0.2,njst,100,0.0,0.9344262295081966,3,
cat,64,0.2,njst,200,0.6666666666666666,0.9945355191256832,3,
cat,64,0.2,njst,500,1.0,1.0,3,
cat,64,0.2,njst,1000,1.0,1.0,3,
cat,64,0.5,astral,10,0.0,0.8907103825136612,3,0.3359829584757487
cat,64,0.5,astral,20,0.0,0.9726775956284154,3,0.685444196065267
cat,64,0.5,astral,50,1.0,1.0,3,1.7512787183125813
cat,64,0.5,astral,100,1.0,1.0,3,3.5672112305959067
cat,64,0.5,astral,200,1.0,1.0,3,8.678831656773886
cat,64,0.5,astrid,10,0.0,0.8743169398907105,3,0.08665585517883301
cat,64,0.5,astrid,20,0.0,0.9508196721311476,3,0.08850773175557454
cat,64,0.5,astrid,50,1.0,1.0,3,0.10611979166666667
cat,64,0.5,astrid,100,1.0,1.0,3,0.10602585474650066
cat,64,0.5,astrid,200,1.0,1.0,3,0.10139179229736328
cat,64,0.5,njst,10,0.0,0.8633879781420766,3,
cat,64,0.5,njst,20,0.0,0.9508196721311476,3,
cat,64,0.5,njst,50,1.0,1.0,3,
cat,64,0.5,njst,100,1.0,1.0,3,
cat,64,0.5,njst,200,1.0,1.0,3,
