shape,f,n,astral,astrid,njst,astrid/astral,njst/astral
bal,0.05,8,694.96,498.48,498.57,0.72,0.72
bal,0.05,16,901.25,901.25,913.04,1.0,1.01
bal,0.05,32,995.06,995.68,1389.92,1.0,1.4
bal,0.05,64,,1587.4,1781.8,,
bal,0.1,8,199.14,199.23,199.23,1.0,1.0
bal,0.1,16,362.82,393.11,393.11,1.08,1.08
bal,0.1,32,443.34,458.13,461.48,1.03,1.04
bal,0.1,64,470.37,707.11,840.9,1.5,1.79
bal,0.2,8,99.31,99.14,99.14,1.0,1.0
bal,0.2,16,138.99,138.99,99.51,1.0,0.72
bal,0.2,32,156.92,182.61,184.46,1.16,1.18
bal,0.2,64,199.23,189.87,189.87,0.95,0.95
bal,0.5,8,19.83,30.91,30.91,1.56,1.56
bal,0.5,16,30.91,44.33,42.59,1.43,1.38
bal,0.5,32,44.33,46.43,46.68,1.05,1.05
bal,0.5,64,49.85,69.5,49.87,1.39,1.0
cat,0.05,8,1972.47,1965.64,1965.64,1.0,1.0
cat,0.05,16,1551.14,1366.04,993.72,0.88,0.64
cat,0.05,32,995.39,3020.67,1761.33,3.03,1.77
cat,0.1,8,357.32,408.72,408.72,1.14,1.14
cat,0.1,16,422.68,452.06,440.81,1.07,1.04
cat,0.1,32,452.06,977.16,683.02,2.16,1.51
cat,0.1,64,498.8,1389.92,995.68,2.79,2.0
cat,0.2,8,98.85,99.14,99.14,1.0,1.0
cat,0.2,16,176.13,181.82,171.71,1.03,0.97
cat,0.2,32,198.03,199.19,187.69,1.01,0.95
cat,0.2,64,189.11,425.92,393.11,2.25,2.08
cat,0.5,8,17.17,19.66,19.66,1.14,1.14
cat,0.5,16,35.73,40.87,40.87,1.14,1.14
cat,0.5,32,44.7,46.53,46.53,1.04,1.04
cat,0.5,64,47.53,78.46,69.5,1.65,1.46
