1	.010323757	0
1	.006942812	0
5000	8.746859883	0
5000	8.743838515	0
5000	9.812900766	0
5000	7.588490801	0
5000	7.416318179	0
5000	7.090036480	0
5000	9.569191359	0
5000	5.796658259	0
5000	9.066162136	0
5000	3.688873056	0
5000	7.011958194	0
5000	7.605619738	0
5000	9.408292584	0
5000	8.536798408	0
5000	9.300118913	0
5000	6.706988182	0
5000	9.252820328	0
5000	7.850415708	0
5000	7.486904012	0
5000	4.270957295	0
5000	7.762838431	0
5000	10.043860126	0
5000	7.683599245	0
5000	9.320482399	0
5000	9.237989847	0
5000	7.448409277	0
5000	4.904761029	0
5000	3.924103534	0
5000	7.465607882	0
5000	3.777620944	0
5000	4.719415702	0
5000	6.108716914	0
5000	7.380884293	0
5000	5.867856674	0
5000	3.713112193	0
5000	4.144906072	0
5000	9.852358895	0
5000	7.218051132	0
5000	6.716278264	0
5000	10.828968195	0
5000	4.091071061	0
5000	5.416335994	0
5000	4.269340571	0
5000	6.467899538	0
5000	8.957595316	0
5000	5.082129036	0
5000	4.415530373	0
5000	6.547759112	0
5000	8.468424160	0
5000	4.026054485	0
5000	4.953916213	0
5000	5.599155430	0
5000	6.557679424	0
5000	3.892774955	0
5000	5.461565927	0
5000	5.947500202	0
5000	6.926176898	0
5000	5.000569830	0
5000	4.369403545	0
5000	9.207938500	0
5000	4.433145132	0
5000	4.092979446	0
5000	4.404492625	0
5000	6.459426017	0
5000	6.887120570	0
5000	5.123965657	0
5000	4.283152083	0
5000	4.081764876	0
5000	4.357311391	0
5000	4.458480525	0
5000	5.595125164	0
5000	3.889944588	0
5000	3.992978625	0
5000	6.757890380	0
5000	7.716243799	0
5000	7.979226279	0
5000	5.703078489	0
5000	4.160751612	0
5000	4.146017780	0
