1	.031722685	0
1	.015794685	0
2000	2.696315494	0
2000	2.676036972	0
2000	2.917512797	0
2000	2.547451964	0
2000	2.840330493	0
2000	2.593834063	0
2000	2.238531722	0
2000	2.269740755	0
2000	1.543306635	0
2000	1.984868817	0
2000	1.427320914	0
2000	1.962217404	0
2000	2.207297122	0
2000	1.920353672	0
2000	1.991083805	0
2000	2.518415746	0
2000	1.833968698	0
2000	1.919386831	0
2000	1.882495806	0
2000	2.758482052	0
2000	1.853043224	0
2000	2.624209170	0
2000	2.997624906	0
2000	2.361956147	0
2000	2.444500092	0
2000	2.582224925	0
2000	1.907538148	0
2000	2.059010548	0
2000	2.411625723	0
2000	2.647649268	0
2000	1.573104079	0
2000	2.409918608	0
2000	1.737329566	0
2000	2.036296073	0
2000	1.733766770	0
2000	2.045529601	0
2000	1.797278075	0
2000	2.469411928	0
2000	1.998065509	0
2000	1.974915811	0
2000	1.911422195	0
2000	1.521290826	0
2000	1.887546970	0
2000	1.786184999	0
2000	1.720620828	0
2000	2.788269575	0
2000	1.972106502	0
2000	1.631510009	0
2000	1.615807065	0
2000	2.411072252	0
2000	1.870735214	0
2000	2.159607521	0
2000	2.319441034	0
2000	1.600327337	0
2000	1.368512292	0
2000	1.663492815	0
2000	1.867056456	0
2000	1.681378295	0
2000	1.902537682	0
2000	2.123499206	0
2000	2.608275085	0
2000	1.870580866	0
2000	3.058302857	0
2000	2.200024731	0
2000	1.682513737	0
2000	1.828111450	0
2000	2.785738563	0
2000	1.770991221	0
2000	1.885741157	0
2000	1.620005392	0
2000	2.437095308	0
2000	2.255191295	0
2000	1.940422373	0
2000	1.739123823	0
2000	2.032415985	0
2000	1.750319023	0
2000	1.661663907	0
2000	1.478615744	0
2000	1.680251418	0
2000	2.608309560	0
2000	1.962338469	0
2000	1.436239116	0
2000	1.761214780	0
2000	2.646812334	0
2000	2.049331791	0
2000	2.404446622	0
2000	2.573184658	0
2000	2.421954497	0
2000	1.926466203	0
2000	1.479408701	0
2000	1.692129786	0
2000	2.387997989	0
2000	1.648631562	0
2000	1.556755066	0
2000	1.706096931	0
2000	2.472919871	0
2000	2.245661581	0
2000	2.602690241	0
2000	1.393786267	0
2000	1.390129179	0
2000	2.377132764	0
2000	2.139005018	0
2000	2.119457528	0
2000	2.305144825	0
2000	2.370247546	0
2000	1.779454411	0
2000	1.889881930	0
2000	1.740133303	0
2000	2.120487537	0
2000	1.810032455	0
2000	1.958742192	0
2000	1.428331146	0
2000	1.746285925	0
2000	1.652554308	0
2000	1.424750883	0
2000	1.356751186	0
2000	1.660360208	0
2000	2.299090008	0
2000	1.817050627	0
2000	1.934244875	0
2000	2.099813022	0
2000	2.034701580	0
2000	1.670584484	0
2000	1.661062967	0
2000	1.531695357	0
2000	1.674323391	0
2000	1.677426883	0
2000	1.513963731	0
2000	1.440564473	0
2000	1.694225356	0
2000	1.447369641	0
2000	1.796710441	0
2000	1.747594008	0
2000	1.822873112	0
2000	1.743858122	0
2000	1.416356634	0
2000	1.496943862	0
2000	1.935084340	0
2000	2.458623251	0
2000	2.138461631	0
2000	2.051676812	0
2000	1.768273180	0
