1	.014002666	0
1	.006974966	0
10000	18.099170854	0
10000	20.820336862	0
10000	18.295426055	0
10000	21.420933418	0
10000	19.858210280	0
10000	14.758030951	0
10000	17.359249354	0
10000	22.954090105	0
10000	6.726959706	0
10000	12.391563753	0
10000	10.196023039	0
10000	14.577272771	0
10000	17.809328609	0
10000	23.295813888	0
10000	13.128143931	0
10000	18.384239119	0
10000	13.928896869	0
10000	20.831864228	0
10000	9.270505900	0
10000	13.322765460	0
10000	13.722344424	0
10000	8.018509874	0
10000	10.389264256	0
10000	10.433626485	0
10000	11.214632747	0
10000	21.075706510	0
10000	12.671372406	0
10000	6.935831207	0
10000	10.347045658	0
10000	18.310039643	0
10000	11.020634358	0
10000	13.444659450	0
10000	9.750428646	0
10000	11.591036309	0
10000	10.611022096	0
10000	9.048732357	0
10000	12.451951041	0
10000	11.920538446	0
10000	8.884915923	0
10000	8.315914115	0
10000	11.700219579	0
10000	7.164944766	0
10000	7.591159699	0
10000	7.331230175	0
10000	18.719447137	0
