cond,rep,genes,method,rf,fn,fp
default,01,g_100,ASTRAL-Pro2,0.06122,0.06122,0.06122
default,01,g_100,ASTRID-DISCO,0.05102,0.05102,0.05102
default,01,g_100,ASTRAL-DISCO,0.07143,0.07143,0.07143
default,01,g_100,ASTRID-DISCOR,0.05102,0.05102,0.05102
default,01,g_100,ASTRAL-DISCOR,0.06122,0.06122,0.06122
default,01,g_100,ASTRID-DISCOR-lca,0.06122,0.06122,0.06122
default,01,g_100,ASTRAL-DISCOR-lca,0.06122,0.06122,0.06122
default,01,g_100,ASTRID-DISCOR-oracle,0.05102,0.05102,0.05102
default,01,g_100,ASTRAL-DISCOR-oracle,0.06122,0.06122,0.06122
default,01,g_100,ASTRAL-Pro2,0.10204,0.10204,0.10204
default,01,g_100,ASTRID-DISCO,0.09184,0.09184,0.09184
default,01,g_100,ASTRAL-DISCO,0.09184,0.09184,0.09184
default,01,g_100,ASTRID-DISCOR,0.09184,0.09184,0.09184
default,01,g_100,ASTRAL-DISCOR,0.09184,0.09184,0.09184
default,01,g_100,ASTRID-DISCOR-lca,0.11224,0.11224,0.11224
default,01,g_100,ASTRAL-DISCOR-lca,0.10204,0.10204,0.10204
default,01,g_100,ASTRID-DISCOR-oracle,0.09184,0.09184,0.09184
default,01,g_100,ASTRAL-DISCOR-oracle,0.09184,0.09184,0.09184
default,01,g_100,ASTRID-DISCOR-it2,0.09184,0.09184,0.09184
default,01,g_100,ASTRAL-DISCOR-it2,0.09184,0.09184,0.09184
default,02,g_100,ASTRAL-Pro2,0.01020,0.01020,0.01020
default,02,g_100,ASTRID-DISCO,0.00000,0.00000,0.00000
default,02,g_100,ASTRAL-DISCO,0.01020,0.01020,0.01020
default,02,g_100,ASTRID-DISCOR,0.00000,0.00000,0.00000
default,02,g_100,ASTRAL-DISCOR,0.01020,0.01020,0.01020
default,02,g_100,ASTRID-DISCOR-lca,0.01020,0.01020,0.01020
default,02,g_100,ASTRAL-DISCOR-lca,0.01020,0.01020,0.01020
default,02,g_100,ASTRID-DISCOR-oracle,0.00000,0.00000,0.00000
default,02,g_100,ASTRAL-DISCOR-oracle,0.01020,0.01020,0.01020
default,02,g_100,ASTRAL-Pro2,0.05102,0.05102,0.05102
default,02,g_100,ASTRID-DISCO,0.05102,0.05102,0.05102
default,02,g_100,ASTRAL-DISCO,0.07143,0.07143,0.07143
default,02,g_100,ASTRID-DISCOR,0.05102,0.05102,0.05102
default,02,g_100,ASTRAL-DISCOR,0.05102,0.05102,0.05102
default,02,g_100,ASTRID-DISCOR-lca,0.08163,0.08163,0.08163
default,02,g_100,ASTRAL-DISCOR-lca,0.05102,0.05102,0.05102
default,02,g_100,ASTRID-DISCOR-oracle,0.05102,0.05102,0.05102
default,02,g_100,ASTRAL-DISCOR-oracle,0.05102,0.05102,0.05102
default,02,g_100,ASTRID-DISCOR-it2,0.05102,0.05102,0.05102
default,02,g_100,ASTRAL-DISCOR-it2,0.05102,0.05102,0.05102
default,03,g_100,ASTRAL-Pro2,0.01020,0.01020,0.01020
default,03,g_100,ASTRID-DISCO,0.01020,0.01020,0.01020
default,03,g_100,ASTRAL-DISCO,0.02041,0.02041,0.02041
default,03,g_100,ASTRID-DISCOR,0.02041,0.02041,0.02041
default,03,g_100,ASTRAL-DISCOR,0.02041,0.02041,0.02041
default,03,g_100,ASTRID-DISCOR-lca,0.01020,0.01020,0.01020
default,03,g_100,ASTRAL-DISCOR-lca,0.01020,0.01020,0.01020
default,03,g_100,ASTRID-DISCOR-oracle,0.02041,0.02041,0.02041
default,03,g_100,ASTRAL-DISCOR-oracle,0.02041,0.02041,0.02041
default,03,g_100,ASTRAL-Pro2,0.08163,0.08163,0.08163
default,03,g_100,ASTRID-DISCO,0.07143,0.07143,0.07143
default,03,g_100,ASTRAL-DISCO,0.10204,0.10204,0.10204
default,03,g_100,ASTRID-DISCOR,0.10204,0.10204,0.10204
default,03,g_100,ASTRAL-DISCOR,0.12245,0.12245,0.12245
default,03,g_100,ASTRID-DISCOR-lca,0.09184,0.09184,0.09184
default,03,g_100,ASTRAL-DISCOR-lca,0.08163,0.08163,0.08163
default,03,g_100,ASTRID-DISCOR-oracle,0.06122,0.06122,0.06122
default,03,g_100,ASTRAL-DISCOR-oracle,0.10204,0.10204,0.10204
default,03,g_100,ASTRID-DISCOR-it2,0.10204,0.10204,0.10204
default,03,g_100,ASTRAL-DISCOR-it2,0.12245,0.12245,0.12245
default,04,g_100,ASTRAL-Pro2,0.03061,0.03061,0.03061
default,04,g_100,ASTRID-DISCO,0.03061,0.03061,0.03061
default,04,g_100,ASTRAL-DISCO,0.03061,0.03061,0.03061
default,04,g_100,ASTRID-DISCOR,0.03061,0.03061,0.03061
default,04,g_100,ASTRAL-DISCOR,0.03061,0.03061,0.03061
default,04,g_100,ASTRID-DISCOR-lca,0.03061,0.03061,0.03061
default,04,g_100,ASTRAL-DISCOR-lca,0.03061,0.03061,0.03061
default,04,g_100,ASTRID-DISCOR-oracle,0.03061,0.03061,0.03061
default,04,g_100,ASTRAL-DISCOR-oracle,0.03061,0.03061,0.03061
default,04,g_100,ASTRAL-Pro2,0.08163,0.08163,0.08163
default,04,g_100,ASTRID-DISCO,0.08163,0.08163,0.08163
default,04,g_100,ASTRAL-DISCO,0.08163,0.08163,0.08163
default,04,g_100,ASTRID-DISCOR,0.07143,0.07143,0.07143
default,04,g_100,ASTRAL-DISCOR,0.09184,0.09184,0.09184
default,04,g_100,ASTRID-DISCOR-lca,0.21429,0.21429,0.21429
default,04,g_100,ASTRAL-DISCOR-lca,0.08163,0.08163,0.08163
default,04,g_100,ASTRID-DISCOR-oracle,0.07143,0.07143,0.07143
default,04,g_100,ASTRAL-DISCOR-oracle,0.09184,0.09184,0.09184
default,04,g_100,ASTRID-DISCOR-it2,0.07143,0.07143,0.07143
default,04,g_100,ASTRAL-DISCOR-it2,0.09184,0.09184,0.09184
default,05,g_100,ASTRAL-Pro2,0.13265,0.13265,0.13265
default,05,g_100,ASTRID-DISCO,0.13265,0.13265,0.13265
default,05,g_100,ASTRAL-DISCO,0.12245,0.12245,0.12245
default,05,g_100,ASTRID-DISCOR,0.11224,0.11224,0.11224
default,05,g_100,ASTRAL-DISCOR,0.12245,0.12245,0.12245
default,05,g_100,ASTRID-DISCOR-lca,0.21429,0.21429,0.21429
default,05,g_100,ASTRAL-DISCOR-lca,0.17347,0.17347,0.17347
default,05,g_100,ASTRID-DISCOR-oracle,0.11224,0.11224,0.11224
default,05,g_100,ASTRAL-DISCOR-oracle,0.12245,0.12245,0.12245
default,05,g_100,ASTRID-DISCOR-it2,0.11224,0.11224,0.11224
default,05,g_100,ASTRAL-DISCOR-it2,0.12245,0.12245,0.12245
default,06,g_100,ASTRAL-Pro2,0.03061,0.03061,0.03061
default,06,g_100,ASTRID-DISCO,0.04082,0.04082,0.04082
default,06,g_100,ASTRAL-DISCO,0.07143,0.07143,0.07143
default,06,g_100,ASTRID-DISCOR,0.05102,0.05102,0.05102
default,06,g_100,ASTRAL-DISCOR,0.06122,0.06122,0.06122
default,06,g_100,ASTRID-DISCOR-lca,0.02041,0.02041,0.02041
default,06,g_100,ASTRAL-DISCOR-lca,0.03061,0.03061,0.03061
default,06,g_100,ASTRID-DISCOR-oracle,0.05102,0.05102,0.05102
default,06,g_100,ASTRAL-DISCOR-oracle,0.06122,0.06122,0.06122
default,06,g_100,ASTRID-DISCOR-it2,0.05102,0.05102,0.05102
default,06,g_100,ASTRAL-DISCOR-it2,0.06122,0.06122,0.06122
default,07,g_100,ASTRAL-Pro2,0.11224,0.11224,0.11224
default,07,g_100,ASTRID-DISCO,0.09184,0.09184,0.09184
default,07,g_100,ASTRAL-DISCO,0.12245,0.12245,0.12245
default,07,g_100,ASTRID-DISCOR,0.09184,0.09184,0.09184
default,07,g_100,ASTRAL-DISCOR,0.13265,0.13265,0.13265
default,07,g_100,ASTRID-DISCOR-lca,0.20408,0.20408,0.20408
default,07,g_100,ASTRAL-DISCOR-lca,0.33673,0.33673,0.33673
default,07,g_100,ASTRID-DISCOR-oracle,0.09184,0.09184,0.09184
default,07,g_100,ASTRAL-DISCOR-oracle,0.14286,0.14286,0.14286
default,07,g_100,ASTRID-DISCOR-it2,0.09184,0.09184,0.09184
default,07,g_100,ASTRAL-DISCOR-it2,0.13265,0.13265,0.13265
default,08,g_100,ASTRAL-Pro2,0.06122,0.06122,0.06122
default,08,g_100,ASTRID-DISCO,0.08163,0.08163,0.08163
default,08,g_100,ASTRAL-DISCO,0.11224,0.11224,0.11224
default,08,g_100,ASTRID-DISCOR,0.06122,0.06122,0.06122
default,08,g_100,ASTRAL-DISCOR,0.08163,0.08163,0.08163
default,08,g_100,ASTRID-DISCOR-lca,0.11224,0.11224,0.11224
default,08,g_100,ASTRAL-DISCOR-lca,0.11224,0.11224,0.11224
default,08,g_100,ASTRID-DISCOR-oracle,0.09184,0.09184,0.09184
default,08,g_100,ASTRAL-DISCOR-oracle,0.10204,0.10204,0.10204
default,08,g_100,ASTRID-DISCOR-it2,0.09184,0.09184,0.09184
default,08,g_100,ASTRAL-DISCOR-it2,0.10204,0.10204,0.10204
default,09,g_100,ASTRAL-Pro2,0.05102,0.05102,0.05102
default,09,g_100,ASTRID-DISCO,0.04082,0.04082,0.04082
default,09,g_100,ASTRAL-DISCO,0.05102,0.05102,0.05102
default,09,g_100,ASTRID-DISCOR,0.03061,0.03061,0.03061
default,09,g_100,ASTRAL-DISCOR,0.06122,0.06122,0.06122
default,09,g_100,ASTRID-DISCOR-lca,0.06122,0.06122,0.06122
default,09,g_100,ASTRAL-DISCOR-lca,0.05102,0.05102,0.05102
default,09,g_100,ASTRID-DISCOR-oracle,0.03061,0.03061,0.03061
default,09,g_100,ASTRAL-DISCOR-oracle,0.06122,0.06122,0.06122
default,09,g_100,ASTRID-DISCOR-it2,0.03061,0.03061,0.03061
default,09,g_100,ASTRAL-DISCOR-it2,0.06122,0.06122,0.06122
default,10,g_100,ASTRAL-Pro2,0.16327,0.16327,0.16327
default,10,g_100,ASTRID-DISCO,0.13265,0.13265,0.13265
default,10,g_100,ASTRAL-DISCO,0.17347,0.17347,0.17347
default,10,g_100,ASTRID-DISCOR,0.13265,0.13265,0.13265
default,10,g_100,ASTRAL-DISCOR,0.18367,0.18367,0.18367
default,10,g_100,ASTRID-DISCOR-lca,0.31633,0.31633,0.31633
default,10,g_100,ASTRAL-DISCOR-lca,0.44898,0.44898,0.44898
default,10,g_100,ASTRID-DISCOR-oracle,0.11224,0.11224,0.11224
default,10,g_100,ASTRAL-DISCOR-oracle,0.17347,0.17347,0.17347
default,10,g_100,ASTRID-DISCOR-it2,0.13265,0.13265,0.13265
default,10,g_100,ASTRAL-DISCOR-it2,0.18367,0.18367,0.18367
gdl_1e-10_1,01,g_100,ASTRAL-Pro2,0.06122,0.06122,0.06122
gdl_1e-10_1,01,g_100,ASTRID-DISCO,0.08163,0.08163,0.08163
gdl_1e-10_1,01,g_100,ASTRAL-DISCO,0.06122,0.06122,0.06122
gdl_1e-10_1,01,g_100,ASTRID-DISCOR,0.07143,0.07143,0.07143
gdl_1e-10_1,01,g_100,ASTRAL-DISCOR,0.07143,0.07143,0.07143
gdl_1e-10_1,01,g_100,ASTRID-DISCOR-lca,0.10204,0.10204,0.10204
gdl_1e-10_1,01,g_100,ASTRAL-DISCOR-lca,0.06122,0.06122,0.06122
gdl_1e-10_1,01,g_100,ASTRID-DISCOR-oracle,0.07143,0.07143,0.07143
gdl_1e-10_1,01,g_100,ASTRAL-DISCOR-oracle,0.07143,0.07143,0.07143
gdl_1e-10_1,01,g_100,ASTRID-DISCOR-it2,0.07143,0.07143,0.07143
gdl_1e-10_1,01,g_100,ASTRAL-DISCOR-it2,0.07143,0.07143,0.07143
gdl_1e-10_1,02,g_100,ASTRAL-Pro2,0.05102,0.05102,0.05102
gdl_1e-10_1,02,g_100,ASTRID-DISCO,0.03061,0.03061,0.03061
gdl_1e-10_1,02,g_100,ASTRAL-DISCO,0.04082,0.04082,0.04082
gdl_1e-10_1,02,g_100,ASTRID-DISCOR,0.04082,0.04082,0.04082
gdl_1e-10_1,02,g_100,ASTRAL-DISCOR,0.04082,0.04082,0.04082
gdl_1e-10_1,02,g_100,ASTRID-DISCOR-lca,0.06122,0.06122,0.06122
gdl_1e-10_1,02,g_100,ASTRAL-DISCOR-lca,0.05102,0.05102,0.05102
gdl_1e-10_1,02,g_100,ASTRID-DISCOR-oracle,0.04082,0.04082,0.04082
gdl_1e-10_1,02,g_100,ASTRAL-DISCOR-oracle,0.04082,0.04082,0.04082
gdl_1e-10_1,02,g_100,ASTRID-DISCOR-it2,0.04082,0.04082,0.04082
gdl_1e-10_1,02,g_100,ASTRAL-DISCOR-it2,0.04082,0.04082,0.04082
gdl_1e-10_1,03,g_100,ASTRAL-Pro2,0.15306,0.15306,0.15306
gdl_1e-10_1,03,g_100,ASTRID-DISCO,0.10204,0.10204,0.10204
gdl_1e-10_1,03,g_100,ASTRAL-DISCO,0.12245,0.12245,0.12245
gdl_1e-10_1,03,g_100,ASTRID-DISCOR,0.09184,0.09184,0.09184
gdl_1e-10_1,03,g_100,ASTRAL-DISCOR,0.13265,0.13265,0.13265
gdl_1e-10_1,03,g_100,ASTRID-DISCOR-lca,0.23469,0.23469,0.23469
gdl_1e-10_1,03,g_100,ASTRAL-DISCOR-lca,0.39796,0.39796,0.39796
gdl_1e-10_1,03,g_100,ASTRID-DISCOR-oracle,0.09184,0.09184,0.09184
gdl_1e-10_1,03,g_100,ASTRAL-DISCOR-oracle,0.14286,0.14286,0.14286
gdl_1e-10_1,03,g_100,ASTRID-DISCOR-it2,0.09184,0.09184,0.09184
gdl_1e-10_1,03,g_100,ASTRAL-DISCOR-it2,0.13265,0.13265,0.13265
gdl_1e-10_1,04,g_100,ASTRAL-Pro2,0.08163,0.08163,0.08163
gdl_1e-10_1,04,g_100,ASTRID-DISCO,0.06122,0.06122,0.06122
gdl_1e-10_1,04,g_100,ASTRAL-DISCO,0.09184,0.09184,0.09184
gdl_1e-10_1,04,g_100,ASTRID-DISCOR,0.06122,0.06122,0.06122
gdl_1e-10_1,04,g_100,ASTRAL-DISCOR,0.11224,0.11224,0.11224
gdl_1e-10_1,04,g_100,ASTRID-DISCOR-lca,0.08163,0.08163,0.08163
gdl_1e-10_1,04,g_100,ASTRAL-DISCOR-lca,0.08163,0.08163,0.08163
gdl_1e-10_1,04,g_100,ASTRID-DISCOR-oracle,0.06122,0.06122,0.06122
gdl_1e-10_1,04,g_100,ASTRAL-DISCOR-oracle,0.11224,0.11224,0.11224
gdl_1e-10_1,04,g_100,ASTRID-DISCOR-it2,0.06122,0.06122,0.06122
gdl_1e-10_1,04,g_100,ASTRAL-DISCOR-it2,0.11224,0.11224,0.11224
gdl_1e-10_1,05,g_100,ASTRAL-Pro2,0.09184,0.09184,0.09184
gdl_1e-10_1,05,g_100,ASTRID-DISCO,0.07143,0.07143,0.07143
gdl_1e-10_1,05,g_100,ASTRAL-DISCO,0.09184,0.09184,0.09184
gdl_1e-10_1,05,g_100,ASTRID-DISCOR,0.07143,0.07143,0.07143
gdl_1e-10_1,05,g_100,ASTRAL-DISCOR,0.06122,0.06122,0.06122
gdl_1e-10_1,05,g_100,ASTRID-DISCOR-lca,0.10204,0.10204,0.10204
gdl_1e-10_1,05,g_100,ASTRAL-DISCOR-lca,0.09184,0.09184,0.09184
gdl_1e-10_1,05,g_100,ASTRID-DISCOR-oracle,0.08163,0.08163,0.08163
gdl_1e-10_1,05,g_100,ASTRAL-DISCOR-oracle,0.06122,0.06122,0.06122
gdl_1e-10_1,05,g_100,ASTRID-DISCOR-it2,0.07143,0.07143,0.07143
gdl_1e-10_1,05,g_100,ASTRAL-DISCOR-it2,0.06122,0.06122,0.06122
gdl_1e-10_1,06,g_100,ASTRAL-Pro2,0.06122,0.06122,0.06122
gdl_1e-10_1,06,g_100,ASTRID-DISCO,0.06122,0.06122,0.06122
gdl_1e-10_1,06,g_100,ASTRAL-DISCO,0.06122,0.06122,0.06122
gdl_1e-10_1,06,g_100,ASTRID-DISCOR,0.04082,0.04082,0.04082
gdl_1e-10_1,06,g_100,ASTRAL-DISCOR,0.07143,0.07143,0.07143
gdl_1e-10_1,06,g_100,ASTRID-DISCOR-lca,0.06122,0.06122,0.06122
gdl_1e-10_1,06,g_100,ASTRAL-DISCOR-lca,0.06122,0.06122,0.06122
gdl_1e-10_1,06,g_100,ASTRID-DISCOR-oracle,0.04082,0.04082,0.04082
gdl_1e-10_1,06,g_100,ASTRAL-DISCOR-oracle,0.06122,0.06122,0.06122
gdl_1e-10_1,06,g_100,ASTRID-DISCOR-it2,0.04082,0.04082,0.04082
gdl_1e-10_1,06,g_100,ASTRAL-DISCOR-it2,0.07143,0.07143,0.07143
gdl_1e-10_1,07,g_100,ASTRAL-Pro2,0.07143,0.07143,0.07143
gdl_1e-10_1,07,g_100,ASTRID-DISCO,0.06122,0.06122,0.06122
gdl_1e-10_1,07,g_100,ASTRAL-DISCO,0.07143,0.07143,0.07143
gdl_1e-10_1,07,g_100,ASTRID-DISCOR,0.05102,0.05102,0.05102
gdl_1e-10_1,07,g_100,ASTRAL-DISCOR,0.07143,0.07143,0.07143
gdl_1e-10_1,07,g_100,ASTRID-DISCOR-lca,0.09184,0.09184,0.09184
gdl_1e-10_1,07,g_100,ASTRAL-DISCOR-lca,0.07143,0.07143,0.07143
gdl_1e-10_1,07,g_100,ASTRID-DISCOR-oracle,0.05102,0.05102,0.05102
gdl_1e-10_1,07,g_100,ASTRAL-DISCOR-oracle,0.07143,0.07143,0.07143
gdl_1e-10_1,07,g_100,ASTRID-DISCOR-it2,0.05102,0.05102,0.05102
gdl_1e-10_1,07,g_100,ASTRAL-DISCOR-it2,0.07143,0.07143,0.07143
gdl_1e-10_1,08,g_100,ASTRAL-Pro2,0.06122,0.06122,0.06122
gdl_1e-10_1,08,g_100,ASTRID-DISCO,0.08163,0.08163,0.08163
gdl_1e-10_1,08,g_100,ASTRAL-DISCO,0.07143,0.07143,0.07143
gdl_1e-10_1,08,g_100,ASTRID-DISCOR,0.09184,0.09184,0.09184
gdl_1e-10_1,08,g_100,ASTRAL-DISCOR,0.10204,0.10204,0.10204
gdl_1e-10_1,08,g_100,ASTRID-DISCOR-lca,0.06122,0.06122,0.06122
gdl_1e-10_1,08,g_100,ASTRAL-DISCOR-lca,0.07143,0.07143,0.07143
gdl_1e-10_1,08,g_100,ASTRID-DISCOR-oracle,0.09184,0.09184,0.09184
gdl_1e-10_1,08,g_100,ASTRAL-DISCOR-oracle,0.10204,0.10204,0.10204
gdl_1e-10_1,08,g_100,ASTRID-DISCOR-it2,0.09184,0.09184,0.09184
gdl_1e-10_1,08,g_100,ASTRAL-DISCOR-it2,0.10204,0.10204,0.10204
gdl_1e-10_1,09,g_100,ASTRAL-Pro2,0.26531,0.26531,0.26531
gdl_1e-10_1,09,g_100,ASTRID-DISCO,0.19388,0.19388,0.19388
gdl_1e-10_1,09,g_100,ASTRAL-DISCO,0.24490,0.24490,0.24490
gdl_1e-10_1,09,g_100,ASTRID-DISCOR,0.18367,0.18367,0.18367
gdl_1e-10_1,09,g_100,ASTRAL-DISCOR,0.23469,0.23469,0.23469
gdl_1e-10_1,09,g_100,ASTRID-DISCOR-lca,0.53061,0.53061,0.53061
gdl_1e-10_1,09,g_100,ASTRAL-DISCOR-lca,0.57143,0.57143,0.57143
gdl_1e-10_1,09,g_100,ASTRID-DISCOR-oracle,0.20408,0.20408,0.20408
gdl_1e-10_1,09,g_100,ASTRAL-DISCOR-oracle,0.23469,0.23469,0.23469
gdl_1e-10_1,09,g_100,ASTRID-DISCOR-it2,0.18367,0.18367,0.18367
gdl_1e-10_1,09,g_100,ASTRAL-DISCOR-it2,0.23469,0.23469,0.23469
gdl_1e-10_1,10,g_100,ASTRAL-Pro2,0.04082,0.04082,0.04082
gdl_1e-10_1,10,g_100,ASTRID-DISCO,0.04082,0.04082,0.04082
gdl_1e-10_1,10,g_100,ASTRAL-DISCO,0.05102,0.05102,0.05102
gdl_1e-10_1,10,g_100,ASTRID-DISCOR,0.04082,0.04082,0.04082
gdl_1e-10_1,10,g_100,ASTRAL-DISCOR,0.05102,0.05102,0.05102
gdl_1e-10_1,10,g_100,ASTRID-DISCOR-lca,0.10204,0.10204,0.10204
gdl_1e-10_1,10,g_100,ASTRAL-DISCOR-lca,0.04082,0.04082,0.04082
gdl_1e-10_1,10,g_100,ASTRID-DISCOR-oracle,0.04082,0.04082,0.04082
gdl_1e-10_1,10,g_100,ASTRAL-DISCOR-oracle,0.05102,0.05102,0.05102
gdl_1e-10_1,10,g_100,ASTRID-DISCOR-it2,0.04082,0.04082,0.04082
gdl_1e-10_1,10,g_100,ASTRAL-DISCOR-it2,0.05102,0.05102,0.05102
gdl_1e-9_1,01,g_100,ASTRAL-Pro2,0.07143,0.07143,0.07143
gdl_1e-9_1,01,g_100,ASTRID-DISCO,0.09184,0.09184,0.09184
gdl_1e-9_1,01,g_100,ASTRAL-DISCO,0.12245,0.12245,0.12245
gdl_1e-9_1,01,g_100,ASTRID-DISCOR,0.09184,0.09184,0.09184
gdl_1e-9_1,01,g_100,ASTRAL-DISCOR,0.14286,0.14286,0.14286
gdl_1e-9_1,01,g_100,ASTRID-DISCOR-lca,0.10204,0.10204,0.10204
gdl_1e-9_1,01,g_100,ASTRAL-DISCOR-lca,0.07143,0.07143,0.07143
gdl_1e-9_1,01,g_100,ASTRID-DISCOR-oracle,0.09184,0.09184,0.09184
gdl_1e-9_1,01,g_100,ASTRAL-DISCOR-oracle,0.14286,0.14286,0.14286
gdl_1e-9_1,01,g_100,ASTRID-DISCOR-it2,0.09184,0.09184,0.09184
gdl_1e-9_1,01,g_100,ASTRAL-DISCOR-it2,0.14286,0.14286,0.14286
gdl_1e-9_1,02,g_100,ASTRAL-Pro2,0.10204,0.10204,0.10204
gdl_1e-9_1,02,g_100,ASTRID-DISCO,0.08163,0.08163,0.08163
gdl_1e-9_1,02,g_100,ASTRAL-DISCO,0.13265,0.13265,0.13265
gdl_1e-9_1,02,g_100,ASTRID-DISCOR,0.08163,0.08163,0.08163
gdl_1e-9_1,02,g_100,ASTRAL-DISCOR,0.11224,0.11224,0.11224
gdl_1e-9_1,02,g_100,ASTRID-DISCOR-lca,0.12245,0.12245,0.12245
gdl_1e-9_1,02,g_100,ASTRAL-DISCOR-lca,0.10204,0.10204,0.10204
gdl_1e-9_1,02,g_100,ASTRID-DISCOR-oracle,0.08163,0.08163,0.08163
gdl_1e-9_1,02,g_100,ASTRAL-DISCOR-oracle,0.11224,0.11224,0.11224
gdl_1e-9_1,02,g_100,ASTRID-DISCOR-it2,0.08163,0.08163,0.08163
gdl_1e-9_1,02,g_100,ASTRAL-DISCOR-it2,0.11224,0.11224,0.11224
gdl_1e-9_1,03,g_100,ASTRAL-Pro2,0.11224,0.11224,0.11224
gdl_1e-9_1,03,g_100,ASTRID-DISCO,0.11224,0.11224,0.11224
gdl_1e-9_1,03,g_100,ASTRAL-DISCO,0.10204,0.10204,0.10204
gdl_1e-9_1,03,g_100,ASTRID-DISCOR,0.12245,0.12245,0.12245
gdl_1e-9_1,03,g_100,ASTRAL-DISCOR,0.09184,0.09184,0.09184
gdl_1e-9_1,03,g_100,ASTRID-DISCOR-lca,0.31633,0.31633,0.31633
gdl_1e-9_1,03,g_100,ASTRAL-DISCOR-lca,0.22449,0.22449,0.22449
gdl_1e-9_1,03,g_100,ASTRID-DISCOR-oracle,0.12245,0.12245,0.12245
gdl_1e-9_1,03,g_100,ASTRAL-DISCOR-oracle,0.09184,0.09184,0.09184
gdl_1e-9_1,03,g_100,ASTRID-DISCOR-it2,0.12245,0.12245,0.12245
gdl_1e-9_1,03,g_100,ASTRAL-DISCOR-it2,0.09184,0.09184,0.09184
gdl_1e-9_1,04,g_100,ASTRAL-Pro2,0.07143,0.07143,0.07143
gdl_1e-9_1,04,g_100,ASTRID-DISCO,0.08163,0.08163,0.08163
gdl_1e-9_1,04,g_100,ASTRAL-DISCO,0.12245,0.12245,0.12245
gdl_1e-9_1,04,g_100,ASTRID-DISCOR,0.08163,0.08163,0.08163
gdl_1e-9_1,04,g_100,ASTRAL-DISCOR,0.14286,0.14286,0.14286
gdl_1e-9_1,04,g_100,ASTRID-DISCOR-lca,0.10204,0.10204,0.10204
gdl_1e-9_1,04,g_100,ASTRAL-DISCOR-lca,0.07143,0.07143,0.07143
gdl_1e-9_1,04,g_100,ASTRID-DISCOR-oracle,0.08163,0.08163,0.08163
gdl_1e-9_1,04,g_100,ASTRAL-DISCOR-oracle,0.14286,0.14286,0.14286
gdl_1e-9_1,04,g_100,ASTRID-DISCOR-it2,0.08163,0.08163,0.08163
gdl_1e-9_1,04,g_100,ASTRAL-DISCOR-it2,0.14286,0.14286,0.14286
gdl_1e-9_1,05,g_100,ASTRAL-Pro2,0.10204,0.10204,0.10204
gdl_1e-9_1,05,g_100,ASTRID-DISCO,0.12245,0.12245,0.12245
gdl_1e-9_1,05,g_100,ASTRAL-DISCO,0.10204,0.10204,0.10204
gdl_1e-9_1,05,g_100,ASTRID-DISCOR,0.06122,0.06122,0.06122
gdl_1e-9_1,05,g_100,ASTRAL-DISCOR,0.08163,0.08163,0.08163
gdl_1e-9_1,05,g_100,ASTRID-DISCOR-lca,0.21429,0.21429,0.21429
gdl_1e-9_1,05,g_100,ASTRAL-DISCOR-lca,0.11224,0.11224,0.11224
gdl_1e-9_1,05,g_100,ASTRID-DISCOR-oracle,0.06122,0.06122,0.06122
gdl_1e-9_1,05,g_100,ASTRAL-DISCOR-oracle,0.08163,0.08163,0.08163
gdl_1e-9_1,05,g_100,ASTRID-DISCOR-it2,0.06122,0.06122,0.06122
gdl_1e-9_1,05,g_100,ASTRAL-DISCOR-it2,0.08163,0.08163,0.08163
gdl_1e-9_1,06,g_100,ASTRAL-Pro2,0.11224,0.11224,0.11224
gdl_1e-9_1,06,g_100,ASTRID-DISCO,0.09184,0.09184,0.09184
gdl_1e-9_1,06,g_100,ASTRAL-DISCO,0.10204,0.10204,0.10204
gdl_1e-9_1,06,g_100,ASTRID-DISCOR,0.09184,0.09184,0.09184
gdl_1e-9_1,06,g_100,ASTRAL-DISCOR,0.17347,0.17347,0.17347
gdl_1e-9_1,06,g_100,ASTRID-DISCOR-lca,0.13265,0.13265,0.13265
gdl_1e-9_1,06,g_100,ASTRAL-DISCOR-lca,0.21429,0.21429,0.21429
gdl_1e-9_1,06,g_100,ASTRID-DISCOR-oracle,0.09184,0.09184,0.09184
gdl_1e-9_1,06,g_100,ASTRAL-DISCOR-oracle,0.17347,0.17347,0.17347
gdl_1e-9_1,06,g_100,ASTRID-DISCOR-it2,0.09184,0.09184,0.09184
gdl_1e-9_1,06,g_100,ASTRAL-DISCOR-it2,0.11224,0.11224,0.11224
gdl_1e-9_1,07,g_100,ASTRAL-Pro2,0.07143,0.07143,0.07143
gdl_1e-9_1,07,g_100,ASTRID-DISCO,0.09184,0.09184,0.09184
gdl_1e-9_1,07,g_100,ASTRAL-DISCO,0.10204,0.10204,0.10204
gdl_1e-9_1,07,g_100,ASTRID-DISCOR,0.09184,0.09184,0.09184
gdl_1e-9_1,07,g_100,ASTRAL-DISCOR,0.12245,0.12245,0.12245
gdl_1e-9_1,07,g_100,ASTRID-DISCOR-lca,0.09184,0.09184,0.09184
gdl_1e-9_1,07,g_100,ASTRAL-DISCOR-lca,0.07143,0.07143,0.07143
gdl_1e-9_1,07,g_100,ASTRID-DISCOR-oracle,0.09184,0.09184,0.09184
gdl_1e-9_1,07,g_100,ASTRAL-DISCOR-oracle,0.12245,0.12245,0.12245
gdl_1e-9_1,07,g_100,ASTRID-DISCOR-it2,0.09184,0.09184,0.09184
gdl_1e-9_1,07,g_100,ASTRAL-DISCOR-it2,0.12245,0.12245,0.12245
gdl_1e-9_1,08,g_100,ASTRAL-Pro2,0.10204,0.10204,0.10204
gdl_1e-9_1,08,g_100,ASTRID-DISCO,0.08163,0.08163,0.08163
gdl_1e-9_1,08,g_100,ASTRAL-DISCO,0.15306,0.15306,0.15306
gdl_1e-9_1,08,g_100,ASTRID-DISCOR,0.06122,0.06122,0.06122
gdl_1e-9_1,08,g_100,ASTRAL-DISCOR,0.10204,0.10204,0.10204
gdl_1e-9_1,08,g_100,ASTRID-DISCOR-lca,0.12245,0.12245,0.12245
gdl_1e-9_1,08,g_100,ASTRAL-DISCOR-lca,0.33673,0.33673,0.33673
gdl_1e-9_1,08,g_100,ASTRID-DISCOR-oracle,0.06122,0.06122,0.06122
gdl_1e-9_1,08,g_100,ASTRAL-DISCOR-oracle,0.12245,0.12245,0.12245
gdl_1e-9_1,08,g_100,ASTRID-DISCOR-it2,0.06122,0.06122,0.06122
gdl_1e-9_1,08,g_100,ASTRAL-DISCOR-it2,0.10204,0.10204,0.10204
gdl_1e-9_1,09,g_100,ASTRAL-Pro2,0.05102,0.05102,0.05102
gdl_1e-9_1,09,g_100,ASTRID-DISCO,0.08163,0.08163,0.08163
gdl_1e-9_1,09,g_100,ASTRAL-DISCO,0.07143,0.07143,0.07143
gdl_1e-9_1,09,g_100,ASTRID-DISCOR,0.06122,0.06122,0.06122
gdl_1e-9_1,09,g_100,ASTRAL-DISCOR,0.07143,0.07143,0.07143
gdl_1e-9_1,09,g_100,ASTRID-DISCOR-lca,0.15306,0.15306,0.15306
gdl_1e-9_1,09,g_100,ASTRAL-DISCOR-lca,0.13265,0.13265,0.13265
gdl_1e-9_1,09,g_100,ASTRID-DISCOR-oracle,0.06122,0.06122,0.06122
gdl_1e-9_1,09,g_100,ASTRAL-DISCOR-oracle,0.07143,0.07143,0.07143
gdl_1e-9_1,09,g_100,ASTRID-DISCOR-it2,0.03061,0.03061,0.03061
gdl_1e-9_1,09,g_100,ASTRAL-DISCOR-it2,0.06122,0.06122,0.06122
gdl_1e-9_1,10,g_100,ASTRAL-Pro2,0.04082,0.04082,0.04082
gdl_1e-9_1,10,g_100,ASTRID-DISCO,0.06122,0.06122,0.06122
gdl_1e-9_1,10,g_100,ASTRAL-DISCO,0.05102,0.05102,0.05102
gdl_1e-9_1,10,g_100,ASTRID-DISCOR,0.05102,0.05102,0.05102
gdl_1e-9_1,10,g_100,ASTRAL-DISCOR,0.04082,0.04082,0.04082
gdl_1e-9_1,10,g_100,ASTRID-DISCOR-lca,0.07143,0.07143,0.07143
gdl_1e-9_1,10,g_100,ASTRAL-DISCOR-lca,0.07143,0.07143,0.07143
gdl_1e-9_1,10,g_100,ASTRID-DISCOR-oracle,0.05102,0.05102,0.05102
gdl_1e-9_1,10,g_100,ASTRAL-DISCOR-oracle,0.04082,0.04082,0.04082
gdl_1e-9_1,10,g_100,ASTRID-DISCOR-it2,0.05102,0.05102,0.05102
gdl_1e-9_1,10,g_100,ASTRAL-DISCOR-it2,0.04082,0.04082,0.04082
ils_1e4,01,g_100,ASTRAL-Pro2,0.07143,0.07143,0.07143
ils_1e4,01,g_100,ASTRID-DISCO,0.05102,0.05102,0.05102
ils_1e4,01,g_100,ASTRAL-DISCO,0.08163,0.08163,0.08163
ils_1e4,01,g_100,ASTRID-DISCOR,0.03061,0.03061,0.03061
ils_1e4,01,g_100,ASTRAL-DISCOR,0.06122,0.06122,0.06122
ils_1e4,01,g_100,ASTRID-DISCOR-lca,0.10204,0.10204,0.10204
ils_1e4,01,g_100,ASTRAL-DISCOR-lca,0.07143,0.07143,0.07143
ils_1e4,01,g_100,ASTRID-DISCOR-oracle,0.03061,0.03061,0.03061
ils_1e4,01,g_100,ASTRAL-DISCOR-oracle,0.06122,0.06122,0.06122
ils_1e4,01,g_100,ASTRID-DISCOR-it2,0.03061,0.03061,0.03061
ils_1e4,01,g_100,ASTRAL-DISCOR-it2,0.06122,0.06122,0.06122
ils_1e4,02,g_100,ASTRAL-Pro2,0.02041,0.02041,0.02041
ils_1e4,02,g_100,ASTRID-DISCO,0.04082,0.04082,0.04082
ils_1e4,02,g_100,ASTRAL-DISCO,0.04082,0.04082,0.04082
ils_1e4,02,g_100,ASTRID-DISCOR,0.03061,0.03061,0.03061
ils_1e4,02,g_100,ASTRAL-DISCOR,0.04082,0.04082,0.04082
ils_1e4,02,g_100,ASTRID-DISCOR-lca,0.03061,0.03061,0.03061
ils_1e4,02,g_100,ASTRAL-DISCOR-lca,0.02041,0.02041,0.02041
ils_1e4,02,g_100,ASTRID-DISCOR-oracle,0.03061,0.03061,0.03061
ils_1e4,02,g_100,ASTRAL-DISCOR-oracle,0.04082,0.04082,0.04082
ils_1e4,02,g_100,ASTRID-DISCOR-it2,0.03061,0.03061,0.03061
ils_1e4,02,g_100,ASTRAL-DISCOR-it2,0.04082,0.04082,0.04082
ils_1e4,03,g_100,ASTRAL-Pro2,0.02041,0.02041,0.02041
ils_1e4,03,g_100,ASTRID-DISCO,0.04082,0.04082,0.04082
ils_1e4,03,g_100,ASTRAL-DISCO,0.03061,0.03061,0.03061
ils_1e4,03,g_100,ASTRID-DISCOR,0.03061,0.03061,0.03061
ils_1e4,03,g_100,ASTRAL-DISCOR,0.02041,0.02041,0.02041
ils_1e4,03,g_100,ASTRID-DISCOR-lca,0.03061,0.03061,0.03061
ils_1e4,03,g_100,ASTRAL-DISCOR-lca,0.02041,0.02041,0.02041
ils_1e4,03,g_100,ASTRID-DISCOR-oracle,0.03061,0.03061,0.03061
ils_1e4,03,g_100,ASTRAL-DISCOR-oracle,0.02041,0.02041,0.02041
ils_1e4,03,g_100,ASTRID-DISCOR-it2,0.03061,0.03061,0.03061
ils_1e4,03,g_100,ASTRAL-DISCOR-it2,0.02041,0.02041,0.02041
ils_1e4,04,g_100,ASTRAL-Pro2,0.04082,0.04082,0.04082
ils_1e4,04,g_100,ASTRID-DISCO,0.03061,0.03061,0.03061
ils_1e4,04,g_100,ASTRAL-DISCO,0.05102,0.05102,0.05102
ils_1e4,04,g_100,ASTRID-DISCOR,0.03061,0.03061,0.03061
ils_1e4,04,g_100,ASTRAL-DISCOR,0.04082,0.04082,0.04082
ils_1e4,04,g_100,ASTRID-DISCOR-lca,0.02041,0.02041,0.02041
ils_1e4,04,g_100,ASTRAL-DISCOR-lca,0.04082,0.04082,0.04082
ils_1e4,04,g_100,ASTRID-DISCOR-oracle,0.03061,0.03061,0.03061
ils_1e4,04,g_100,ASTRAL-DISCOR-oracle,0.04082,0.04082,0.04082
ils_1e4,04,g_100,ASTRID-DISCOR-it2,0.03061,0.03061,0.03061
ils_1e4,04,g_100,ASTRAL-DISCOR-it2,0.04082,0.04082,0.04082
ils_1e4,05,g_100,ASTRAL-Pro2,0.02041,0.02041,0.02041
ils_1e4,05,g_100,ASTRID-DISCO,0.06122,0.06122,0.06122
ils_1e4,05,g_100,ASTRAL-DISCO,0.05102,0.05102,0.05102
ils_1e4,05,g_100,ASTRID-DISCOR,0.04082,0.04082,0.04082
ils_1e4,05,g_100,ASTRAL-DISCOR,0.03061,0.03061,0.03061
ils_1e4,05,g_100,ASTRID-DISCOR-lca,0.03061,0.03061,0.03061
ils_1e4,05,g_100,ASTRAL-DISCOR-lca,0.02041,0.02041,0.02041
ils_1e4,05,g_100,ASTRID-DISCOR-oracle,0.04082,0.04082,0.04082
ils_1e4,05,g_100,ASTRAL-DISCOR-oracle,0.03061,0.03061,0.03061
ils_1e4,05,g_100,ASTRID-DISCOR-it2,0.04082,0.04082,0.04082
ils_1e4,05,g_100,ASTRAL-DISCOR-it2,0.03061,0.03061,0.03061
ils_1e4,06,g_100,ASTRAL-Pro2,0.09184,0.09184,0.09184
ils_1e4,06,g_100,ASTRID-DISCO,0.07143,0.07143,0.07143
ils_1e4,06,g_100,ASTRAL-DISCO,0.11224,0.11224,0.11224
ils_1e4,06,g_100,ASTRID-DISCOR,0.05102,0.05102,0.05102
ils_1e4,06,g_100,ASTRAL-DISCOR,0.10204,0.10204,0.10204
ils_1e4,06,g_100,ASTRID-DISCOR-lca,0.15306,0.15306,0.15306
ils_1e4,06,g_100,ASTRAL-DISCOR-lca,0.16327,0.16327,0.16327
ils_1e4,06,g_100,ASTRID-DISCOR-oracle,0.04082,0.04082,0.04082
ils_1e4,06,g_100,ASTRAL-DISCOR-oracle,0.10204,0.10204,0.10204
ils_1e4,06,g_100,ASTRID-DISCOR-it2,0.04082,0.04082,0.04082
ils_1e4,06,g_100,ASTRAL-DISCOR-it2,0.10204,0.10204,0.10204
ils_1e4,07,g_100,ASTRAL-Pro2,0.06122,0.06122,0.06122
ils_1e4,07,g_100,ASTRID-DISCO,0.07143,0.07143,0.07143
ils_1e4,07,g_100,ASTRAL-DISCO,0.06122,0.06122,0.06122
ils_1e4,07,g_100,ASTRID-DISCOR,0.06122,0.06122,0.06122
ils_1e4,07,g_100,ASTRAL-DISCOR,0.06122,0.06122,0.06122
ils_1e4,07,g_100,ASTRID-DISCOR-lca,0.08163,0.08163,0.08163
ils_1e4,07,g_100,ASTRAL-DISCOR-lca,0.06122,0.06122,0.06122
ils_1e4,07,g_100,ASTRID-DISCOR-oracle,0.06122,0.06122,0.06122
ils_1e4,07,g_100,ASTRAL-DISCOR-oracle,0.06122,0.06122,0.06122
ils_1e4,07,g_100,ASTRID-DISCOR-it2,0.06122,0.06122,0.06122
ils_1e4,07,g_100,ASTRAL-DISCOR-it2,0.06122,0.06122,0.06122
ils_1e4,08,g_100,ASTRAL-Pro2,0.06122,0.06122,0.06122
ils_1e4,08,g_100,ASTRID-DISCO,0.04082,0.04082,0.04082
ils_1e4,08,g_100,ASTRAL-DISCO,0.08163,0.08163,0.08163
ils_1e4,08,g_100,ASTRID-DISCOR,0.05102,0.05102,0.05102
ils_1e4,08,g_100,ASTRAL-DISCOR,0.09184,0.09184,0.09184
ils_1e4,08,g_100,ASTRID-DISCOR-lca,0.10204,0.10204,0.10204
ils_1e4,08,g_100,ASTRAL-DISCOR-lca,0.06122,0.06122,0.06122
ils_1e4,08,g_100,ASTRID-DISCOR-oracle,0.05102,0.05102,0.05102
ils_1e4,08,g_100,ASTRAL-DISCOR-oracle,0.09184,0.09184,0.09184
ils_1e4,08,g_100,ASTRID-DISCOR-it2,0.05102,0.05102,0.05102
ils_1e4,08,g_100,ASTRAL-DISCOR-it2,0.09184,0.09184,0.09184
ils_1e4,09,g_100,ASTRAL-Pro2,0.11224,0.11224,0.11224
ils_1e4,09,g_100,ASTRID-DISCO,0.04082,0.04082,0.04082
ils_1e4,09,g_100,ASTRAL-DISCO,0.09184,0.09184,0.09184
ils_1e4,09,g_100,ASTRID-DISCOR,0.06122,0.06122,0.06122
ils_1e4,09,g_100,ASTRAL-DISCOR,0.07143,0.07143,0.07143
ils_1e4,09,g_100,ASTRID-DISCOR-lca,0.11224,0.11224,0.11224
ils_1e4,09,g_100,ASTRAL-DISCOR-lca,0.11224,0.11224,0.11224
ils_1e4,09,g_100,ASTRID-DISCOR-oracle,0.06122,0.06122,0.06122
ils_1e4,09,g_100,ASTRAL-DISCOR-oracle,0.07143,0.07143,0.07143
ils_1e4,09,g_100,ASTRID-DISCOR-it2,0.06122,0.06122,0.06122
ils_1e4,09,g_100,ASTRAL-DISCOR-it2,0.07143,0.07143,0.07143
ils_1e4,10,g_100,ASTRAL-Pro2,0.15306,0.15306,0.15306
ils_1e4,10,g_100,ASTRID-DISCO,0.14286,0.14286,0.14286
ils_1e4,10,g_100,ASTRAL-DISCO,0.13265,0.13265,0.13265
ils_1e4,10,g_100,ASTRID-DISCOR,0.13265,0.13265,0.13265
ils_1e4,10,g_100,ASTRAL-DISCOR,0.14286,0.14286,0.14286
ils_1e4,10,g_100,ASTRID-DISCOR-lca,0.23469,0.23469,0.23469
ils_1e4,10,g_100,ASTRAL-DISCOR-lca,0.15306,0.15306,0.15306
ils_1e4,10,g_100,ASTRID-DISCOR-oracle,0.13265,0.13265,0.13265
ils_1e4,10,g_100,ASTRAL-DISCOR-oracle,0.14286,0.14286,0.14286
ils_1e4,10,g_100,ASTRID-DISCOR-it2,0.13265,0.13265,0.13265
ils_1e4,10,g_100,ASTRAL-DISCOR-it2,0.14286,0.14286,0.14286
ils_2e8,01,g_100,ASTRAL-Pro2,0.13265,0.13265,0.13265
ils_2e8,01,g_100,ASTRID-DISCO,0.12245,0.12245,0.12245
ils_2e8,01,g_100,ASTRAL-DISCO,0.13265,0.13265,0.13265
ils_2e8,01,g_100,ASTRID-DISCOR,0.12245,0.12245,0.12245
ils_2e8,01,g_100,ASTRAL-DISCOR,0.15306,0.15306,0.15306
ils_2e8,01,g_100,ASTRID-DISCOR-lca,0.16327,0.16327,0.16327
ils_2e8,01,g_100,ASTRAL-DISCOR-lca,0.32653,0.32653,0.32653
ils_2e8,01,g_100,ASTRID-DISCOR-oracle,0.12245,0.12245,0.12245
ils_2e8,01,g_100,ASTRAL-DISCOR-oracle,0.15306,0.15306,0.15306
ils_2e8,01,g_100,ASTRID-DISCOR-it2,0.12245,0.12245,0.12245
ils_2e8,01,g_100,ASTRAL-DISCOR-it2,0.15306,0.15306,0.15306
ils_2e8,02,g_100,ASTRAL-Pro2,0.16327,0.16327,0.16327
ils_2e8,02,g_100,ASTRID-DISCO,0.11224,0.11224,0.11224
ils_2e8,02,g_100,ASTRAL-DISCO,0.16327,0.16327,0.16327
ils_2e8,02,g_100,ASTRID-DISCOR,0.11224,0.11224,0.11224
ils_2e8,02,g_100,ASTRAL-DISCOR,0.15306,0.15306,0.15306
ils_2e8,02,g_100,ASTRID-DISCOR-lca,0.22449,0.22449,0.22449
ils_2e8,02,g_100,ASTRAL-DISCOR-lca,0.33673,0.33673,0.33673
ils_2e8,02,g_100,ASTRID-DISCOR-oracle,0.11224,0.11224,0.11224
ils_2e8,02,g_100,ASTRAL-DISCOR-oracle,0.15306,0.15306,0.15306
ils_2e8,02,g_100,ASTRID-DISCOR-it2,0.11224,0.11224,0.11224
ils_2e8,02,g_100,ASTRAL-DISCOR-it2,0.15306,0.15306,0.15306
ils_2e8,03,g_100,ASTRAL-Pro2,0.22449,0.22449,0.22449
ils_2e8,03,g_100,ASTRID-DISCO,0.16327,0.16327,0.16327
ils_2e8,03,g_100,ASTRAL-DISCO,0.25510,0.25510,0.25510
ils_2e8,03,g_100,ASTRID-DISCOR,0.16327,0.16327,0.16327
ils_2e8,03,g_100,ASTRAL-DISCOR,0.22449,0.22449,0.22449
ils_2e8,03,g_100,ASTRID-DISCOR-lca,0.36735,0.36735,0.36735
ils_2e8,03,g_100,ASTRAL-DISCOR-lca,0.45918,0.45918,0.45918
ils_2e8,03,g_100,ASTRID-DISCOR-oracle,0.15306,0.15306,0.15306
ils_2e8,03,g_100,ASTRAL-DISCOR-oracle,0.22449,0.22449,0.22449
ils_2e8,03,g_100,ASTRID-DISCOR-it2,0.16327,0.16327,0.16327
ils_2e8,03,g_100,ASTRAL-DISCOR-it2,0.22449,0.22449,0.22449
ils_2e8,04,g_100,ASTRAL-Pro2,0.19388,0.19388,0.19388
ils_2e8,04,g_100,ASTRID-DISCO,0.13265,0.13265,0.13265
ils_2e8,04,g_100,ASTRAL-DISCO,0.18367,0.18367,0.18367
ils_2e8,04,g_100,ASTRID-DISCOR,0.15306,0.15306,0.15306
ils_2e8,04,g_100,ASTRAL-DISCOR,0.17347,0.17347,0.17347
ils_2e8,04,g_100,ASTRID-DISCOR-lca,0.30612,0.30612,0.30612
ils_2e8,04,g_100,ASTRAL-DISCOR-lca,0.36735,0.36735,0.36735
ils_2e8,04,g_100,ASTRID-DISCOR-oracle,0.15306,0.15306,0.15306
ils_2e8,04,g_100,ASTRAL-DISCOR-oracle,0.17347,0.17347,0.17347
ils_2e8,04,g_100,ASTRID-DISCOR-it2,0.15306,0.15306,0.15306
ils_2e8,04,g_100,ASTRAL-DISCOR-it2,0.17347,0.17347,0.17347
ils_2e8,05,g_100,ASTRAL-Pro2,0.10204,0.10204,0.10204
ils_2e8,05,g_100,ASTRID-DISCO,0.07143,0.07143,0.07143
ils_2e8,05,g_100,ASTRAL-DISCO,0.14286,0.14286,0.14286
ils_2e8,05,g_100,ASTRID-DISCOR,0.05102,0.05102,0.05102
ils_2e8,05,g_100,ASTRAL-DISCOR,0.10204,0.10204,0.10204
ils_2e8,05,g_100,ASTRID-DISCOR-lca,0.14286,0.14286,0.14286
ils_2e8,05,g_100,ASTRAL-DISCOR-lca,0.10204,0.10204,0.10204
ils_2e8,05,g_100,ASTRID-DISCOR-oracle,0.05102,0.05102,0.05102
ils_2e8,05,g_100,ASTRAL-DISCOR-oracle,0.10204,0.10204,0.10204
ils_2e8,05,g_100,ASTRID-DISCOR-it2,0.05102,0.05102,0.05102
ils_2e8,05,g_100,ASTRAL-DISCOR-it2,0.10204,0.10204,0.10204
ils_2e8,06,g_100,ASTRAL-Pro2,0.13265,0.13265,0.13265
ils_2e8,06,g_100,ASTRID-DISCO,0.12245,0.12245,0.12245
ils_2e8,06,g_100,ASTRAL-DISCO,0.13265,0.13265,0.13265
ils_2e8,06,g_100,ASTRID-DISCOR,0.10204,0.10204,0.10204
ils_2e8,06,g_100,ASTRAL-DISCOR,0.13265,0.13265,0.13265
ils_2e8,06,g_100,ASTRID-DISCOR-lca,0.17347,0.17347,0.17347
ils_2e8,06,g_100,ASTRAL-DISCOR-lca,0.13265,0.13265,0.13265
ils_2e8,06,g_100,ASTRID-DISCOR-oracle,0.10204,0.10204,0.10204
ils_2e8,06,g_100,ASTRAL-DISCOR-oracle,0.14286,0.14286,0.14286
ils_2e8,06,g_100,ASTRID-DISCOR-it2,0.10204,0.10204,0.10204
ils_2e8,06,g_100,ASTRAL-DISCOR-it2,0.13265,0.13265,0.13265
ils_2e8,07,g_100,ASTRAL-Pro2,0.23469,0.23469,0.23469
ils_2e8,07,g_100,ASTRID-DISCO,0.17347,0.17347,0.17347
ils_2e8,07,g_100,ASTRAL-DISCO,0.25510,0.25510,0.25510
ils_2e8,07,g_100,ASTRID-DISCOR,0.19388,0.19388,0.19388
ils_2e8,07,g_100,ASTRAL-DISCOR,0.27551,0.27551,0.27551
ils_2e8,07,g_100,ASTRID-DISCOR-lca,0.33673,0.33673,0.33673
ils_2e8,07,g_100,ASTRAL-DISCOR-lca,0.29592,0.29592,0.29592
ils_2e8,07,g_100,ASTRID-DISCOR-oracle,0.19388,0.19388,0.19388
ils_2e8,07,g_100,ASTRAL-DISCOR-oracle,0.27551,0.27551,0.27551
ils_2e8,07,g_100,ASTRID-DISCOR-it2,0.19388,0.19388,0.19388
ils_2e8,07,g_100,ASTRAL-DISCOR-it2,0.27551,0.27551,0.27551
ils_2e8,08,g_100,ASTRAL-Pro2,0.26531,0.26531,0.26531
ils_2e8,08,g_100,ASTRID-DISCO,0.20408,0.20408,0.20408
ils_2e8,08,g_100,ASTRAL-DISCO,0.24490,0.24490,0.24490
ils_2e8,08,g_100,ASTRID-DISCOR,0.19388,0.19388,0.19388
ils_2e8,08,g_100,ASTRAL-DISCOR,0.24490,0.24490,0.24490
ils_2e8,08,g_100,ASTRID-DISCOR-lca,0.35714,0.35714,0.35714
ils_2e8,08,g_100,ASTRAL-DISCOR-lca,0.59184,0.59184,0.59184
ils_2e8,08,g_100,ASTRID-DISCOR-oracle,0.19388,0.19388,0.19388
ils_2e8,08,g_100,ASTRAL-DISCOR-oracle,0.24490,0.24490,0.24490
ils_2e8,08,g_100,ASTRID-DISCOR-it2,0.19388,0.19388,0.19388
ils_2e8,08,g_100,ASTRAL-DISCOR-it2,0.24490,0.24490,0.24490
ils_2e8,09,g_100,ASTRAL-Pro2,0.12245,0.12245,0.12245
ils_2e8,09,g_100,ASTRID-DISCO,0.09184,0.09184,0.09184
ils_2e8,09,g_100,ASTRAL-DISCO,0.12245,0.12245,0.12245
ils_2e8,09,g_100,ASTRID-DISCOR,0.08163,0.08163,0.08163
ils_2e8,09,g_100,ASTRAL-DISCOR,0.14286,0.14286,0.14286
ils_2e8,09,g_100,ASTRID-DISCOR-lca,0.13265,0.13265,0.13265
ils_2e8,09,g_100,ASTRAL-DISCOR-lca,0.12245,0.12245,0.12245
ils_2e8,09,g_100,ASTRID-DISCOR-oracle,0.08163,0.08163,0.08163
ils_2e8,09,g_100,ASTRAL-DISCOR-oracle,0.14286,0.14286,0.14286
ils_2e8,09,g_100,ASTRID-DISCOR-it2,0.09184,0.09184,0.09184
ils_2e8,09,g_100,ASTRAL-DISCOR-it2,0.15306,0.15306,0.15306
ils_2e8,10,g_100,ASTRAL-Pro2,0.16327,0.16327,0.16327
ils_2e8,10,g_100,ASTRID-DISCO,0.15306,0.15306,0.15306
ils_2e8,10,g_100,ASTRAL-DISCO,0.19388,0.19388,0.19388
ils_2e8,10,g_100,ASTRID-DISCOR,0.16327,0.16327,0.16327
ils_2e8,10,g_100,ASTRAL-DISCOR,0.18367,0.18367,0.18367
ils_2e8,10,g_100,ASTRID-DISCOR-lca,0.31633,0.31633,0.31633
ils_2e8,10,g_100,ASTRAL-DISCOR-lca,0.30612,0.30612,0.30612
ils_2e8,10,g_100,ASTRID-DISCOR-oracle,0.16327,0.16327,0.16327
ils_2e8,10,g_100,ASTRAL-DISCOR-oracle,0.18367,0.18367,0.18367
ils_2e8,10,g_100,ASTRID-DISCOR-it2,0.16327,0.16327,0.16327
ils_2e8,10,g_100,ASTRAL-DISCOR-it2,0.18367,0.18367,0.18367
