cond,rep,file,method,fn,fp,tree_s,aln,SPFN,SPFP,TC,Compression,indels,gapfrac,indel_ratio,avgErr,TC_err,log_comp,comp_dev,rid
1000M1,R0,true_align.txt,TRUE,9.236947791164658,9.327983951855568,111.1,/opt/data/published/1000M1/R0/true_align.txt,0.0,0.0,1.0,1.0,287064,0.738944587628866,1.0,0.0,0.0,0.0,0.0,1000M1/R0
1000M1,R0,gcm.txt,MAGUS,10.642570281124499,10.732196589769307,112.0,/opt/data/published/1000M1/R0/gcm.txt,11.847819875355137,11.079426173298767,0.1655710764174199,0.9492268041237113,363357,0.724980993755091,1.2657700025081515,11.463623024326953,83.442892358258,-0.05210751617225387,5.07731958762887,1000M1/R0
1000M1,R0,pasta_align.txt,PASTA(3),11.144578313253012,11.23370110330993,91.5,/opt/data/published/1000M1/R0/pasta_align.txt,13.14942728287145,12.80698169421035,0.09285127362366474,0.811340206185567,299186,0.6782417407878018,1.042227517208706,12.9782044885409,90.71487263763352,-0.20906782308002528,18.8659793814433,1000M1/R0
1000M1,R0,gcm_slow.txt,MAGUS(Slow),9.839357429718875,9.929789368104313,101.7,/opt/data/published/1000M1/R0/gcm_slow.txt,9.816621149928096,9.216196386790488,0.15735414954806903,0.9512886597938144,355551,0.7255770793822812,1.2385774600785888,9.516408768359291,84.2645850451931,-0.0499377295873206,4.871134020618562,1000M1/R0
1000M1,R0,pasta_1_align.txt,PASTA(1),11.244979919678714,11.334002006018054,86.8,/opt/data/published/1000M1/R0/pasta_1_align.txt,14.595323580835872,14.123547476966646,0.11791290057518489,0.8028350515463918,295684,0.6748330658105939,1.030028147033414,14.359435528901258,88.2087099424815,-0.21960600139576555,19.71649484536082,1000M1/R0
1000M1,R0,pasta_3_gcm_align.txt,PASTA(3)+GCM,12.550200803212853,12.637913741223672,89.0,/opt/data/published/1000M1/R0/pasta_3_gcm_align.txt,13.146167406383679,12.473946989317309,0.09860312243221035,0.8572164948453608,305964,0.6954615153337342,1.0658389766741911,12.810057197850494,90.13968775677897,-0.1540647728644462,14.278350515463922,1000M1/R0
1000M2,R0,true_align.txt,TRUE,10.181451612903226,10.631895687061183,98.3,/opt/data/published/1000M2/R0/true_align.txt,0.0,0.0,1.0,1.0,294174,0.7487364798426746,1.0,0.0,0.0,0.0,0.0,1000M2/R0
1000M2,R0,gcm.txt,MAGUS,10.685483870967742,11.133400200601805,95.9,/opt/data/published/1000M2/R0/gcm.txt,9.328887405665764,7.178869571254198,0.24622716441620335,0.9358407079646017,355088,0.7315103756238508,1.2070679257854195,8.253878488459982,75.37728355837967,-0.06631000078595327,6.415929203539827,1000M2/R0
1000M2,R0,pasta_align.txt,PASTA(3),11.29032258064516,11.735205616850552,134.9,/opt/data/published/1000M2/R0/pasta_align.txt,14.019214798567969,13.388293217780056,0.11953931691818905,0.7826941986234022,265422,0.6789761306532663,0.9022619266148606,13.703754008174013,88.04606830818109,-0.24501321020417693,21.730580137659782,1000M2/R0
1000M2,R0,gcm_slow.txt,MAGUS(Slow),9.879032258064516,10.330992978936811,151.4,/opt/data/published/1000M2/R0/gcm_slow.txt,8.33112718377823,7.842180759433715,0.23868149324861002,0.9751720747295969,350697,0.742339299218553,1.1921413857104979,8.086653971605973,76.131850675139,-0.0251413366541204,2.4827925270403117,1000M2/R0
1000M2,R0,pasta_1_align.txt,PASTA(1),10.483870967741936,10.932798395185557,97.5,/opt/data/published/1000M2/R0/pasta_1_align.txt,13.614609700732094,13.639520440045139,0.15766481334392374,0.7908062930186824,271386,0.6822691949020827,0.9225356421709601,13.627065070388618,84.23351866560762,-0.23470222992942416,20.919370698131758,1000M2/R0
1000M2,R0,pasta_3_gcm_align.txt,PASTA(3)+GCM,12.600806451612904,13.039117352056168,97.8,/opt/data/published/1000M2/R0/pasta_3_gcm_align.txt,10.385228700467241,9.700149130162906,0.1282764098490866,0.8291543756145526,274997,0.6969641268900089,0.9348106902717439,10.042688915315074,87.17235901509135,-0.1873489221068003,17.084562438544737,1000M2/R0
1000M3,R0,true_align.txt,TRUE,7.854984894259818,8.224674022066198,63.3,/opt/data/published/1000M3/R0/true_align.txt,0.0,0.0,1.0,1.0,196358,0.5738301567132571,1.0,0.0,0.0,0.0,0.0,1000M3/R0
1000M3,R0,gcm.txt,MAGUS,7.653575025176234,8.02407221664995,63.7,/opt/data/published/1000M3/R0/gcm.txt,4.495053221139267,3.693068110798292,0.35276796230859836,0.9834815756035579,204246,0.5666722652885443,1.0401715234418765,4.0940606659687795,64.72320376914016,-0.016656374827676058,1.6518424396442133,1000M3/R0
1000M3,R0,gcm_slow.txt,MAGUS(Slow),7.351460221550855,7.723169508525577,63.9,/opt/data/published/1000M3/R0/gcm_slow.txt,4.48897431284424,4.460072621156552,0.37279151943462896,0.9944938585345193,201767,0.5714706132879046,1.0275466240234674,4.474523467000396,62.72084805653711,-0.005521356137525796,0.5506141465480674,1000M3/R0
1000M3,R0,pasta_align.txt,PASTA(3),7.452165156092648,7.823470411233702,59.0,/opt/data/published/1000M3/R0/pasta_align.txt,5.604560051104491,5.627984968772692,0.3457008244994111,0.8949597628123677,169445,0.5238111689540937,0.8629391214007068,5.616272509938591,65.42991755005889,-0.11097651946945619,10.504023718763234,1000M3/R0
1000M3,R0,pasta_1_align.txt,PASTA(1),7.552870090634441,7.923771313941826,69.4,/opt/data/published/1000M3/R0/pasta_1_align.txt,5.698071690915496,5.728148794211552,0.34275618374558303,0.8953833121558662,170847,0.5240364238410596,0.8700791411605333,5.713110242563523,65.7243816254417,-0.11050337065532993,10.46166878441338,1000M3/R0
1000M3,R0,pasta_3_gcm_align.txt,PASTA(3)+GCM,7.452165156092648,7.823470411233702,75.0,/opt/data/published/1000M3/R0/pasta_3_gcm_align.txt,5.436885528638946,5.1908523687782875,0.3462897526501767,0.9114781872088098,169392,0.5324409851301115,0.8626692062457348,5.313868948708617,65.37102473498233,-0.09268761580383791,8.85218127911902,1000M3/R0
1000M4,R0,true_align.txt,TRUE,5.979381443298969,8.525576730190572,89.8,/opt/data/published/1000M4/R0/true_align.txt,0.0,0.0,1.0,1.0,209172,0.6263328391401037,1.0,0.0,0.0,0.0,0.0,1000M4/R0
1000M4,R0,gcm.txt,MAGUS,6.185567010309279,8.72617853560682,84.9,/opt/data/published/1000M4/R0/gcm.txt,1.188076207986477,0.9534487466477781,0.5919571045576407,0.9636767976278725,235714,0.6122484615384616,1.1268907884420476,1.0707624773171276,40.80428954423593,-0.03699931275812777,3.6323202372127494,1000M4/R0
1000M4,R0,gcm_slow.txt,MAGUS(Slow),6.288659793814433,8.826479438314944,70.4,/opt/data/published/1000M4/R0/gcm_slow.txt,1.178204277070083,0.9385166894302466,0.6053619302949061,0.9725722757598221,230573,0.6157949695121951,1.102312929072725,1.0583604832501647,39.46380697050939,-0.02781088670372154,2.742772424017792,1000M4/R0
1000M4,R0,pasta_align.txt,PASTA(3),6.185567010309279,8.72617853560682,71.3,/opt/data/published/1000M4/R0/pasta_align.txt,1.508309558835974,1.5379128457672753,0.5962466487935657,0.9362490733876946,223058,0.600889152810768,1.0663855582965216,1.5231112023016247,40.37533512064343,-0.06587373385726478,6.375092661230541,1000M4/R0
1000M4,R0,pasta_1_align.txt,PASTA(1),6.185567010309279,8.72617853560682,74.3,/opt/data/published/1000M4/R0/pasta_1_align.txt,1.508309558835974,1.5377200881158348,0.5957104557640751,0.9362490733876946,223062,0.600889152810768,1.0664046813148989,1.5230148234759044,40.42895442359249,-0.06587373385726478,6.375092661230541,1000M4/R0
1000M4,R0,pasta_3_gcm_align.txt,PASTA(3)+GCM,6.288659793814433,8.826479438314944,75.7,/opt/data/published/1000M4/R0/pasta_3_gcm_align.txt,2.0303832003944144,1.1310128125934238,0.5951742627345844,0.9429206819866568,211146,0.6037130503144654,1.0094372095691584,1.5806980064939191,40.48257372654156,-0.05877311230768841,5.70793180133432,1000M4/R0
1000L1,R0,true_align.txt,TRUE,9.164149043303121,9.528585757271815,88.3,/opt/data/published/1000L1/R0/true_align.txt,0.0,0.0,1.0,1.0,202434,0.7100528859823714,1.0,0.0,0.0,0.0,0.0,1000L1/R0
1000L1,R0,gcm.txt,MAGUS,11.681772406847935,12.036108324974924,85.4,/opt/data/published/1000L1/R0/gcm.txt,8.43469454392639,7.784632356304877,0.25343053173241853,0.9630366789877737,223799,0.6989241216415707,1.105540571247913,8.109663450115633,74.65694682675814,-0.03766377965621074,3.6963321012226324,1000L1/R0
1000L1,R0,pasta_align.txt,PASTA(3),10.876132930513595,11.23370110330993,95.1,/opt/data/published/1000L1/R0/pasta_align.txt,8.356069493070105,8.182792003494976,0.15437392795883362,0.8794427068524311,174700,0.6703058519236986,0.8629973225841508,8.269430748282542,84.56260720411663,-0.12846685978891279,12.055729314756892,1000L1/R0
1000L1,R0,gcm_slow.txt,MAGUS(Slow),10.574018126888216,10.932798395185557,108.9,/opt/data/published/1000L1/R0/gcm_slow.txt,7.893212375572311,7.170229609862433,0.28730703259005147,0.9863520045493318,228585,0.7060409339867397,1.129182844779039,7.531720992717372,71.26929674099485,-0.013741985504232756,1.3647995450668193,1000L1/R0
1000L1,R0,pasta_1_align.txt,PASTA(1),11.48036253776435,11.835506519558676,87.5,/opt/data/published/1000L1/R0/pasta_1_align.txt,9.16837882097623,8.930664745964945,0.16080617495711835,0.8703440432186522,171791,0.666859196341065,0.8486272068921229,9.049521783470588,83.91938250428817,-0.13886669352857,12.965595678134779,1000L1/R0
1000L1,R0,pasta_3_gcm_align.txt,PASTA(3)+GCM,10.473313192346426,10.832497492477431,86.7,/opt/data/published/1000L1/R0/pasta_3_gcm_align.txt,8.75177220439458,8.552627170759031,0.16295025728987994,0.8814330395223201,170718,0.6710503225806451,0.8433267138919351,8.652199687576806,83.704974271012,-0.1262062420007449,11.85669604776799,1000L1/R0
1000L2,R0,true_align.txt,TRUE,11.267605633802818,11.534603811434303,90.7,/opt/data/published/1000L2/R0/true_align.txt,0.0,0.0,1.0,1.0,138519,0.6434494699646643,1.0,0.0,0.0,0.0,0.0,1000L2/R0
1000L2,R0,gcm.txt,MAGUS,12.072434607645874,12.337011033099298,101.2,/opt/data/published/1000L2/R0/gcm.txt,3.9407666197789237,3.587261905136452,0.301498127340824,1.020494699646643,162350,0.6506101108033241,1.1720413806048269,3.764014262457688,69.85018726591761,0.02028750937543351,-2.0494699646643078,1000L2/R0
1000L2,R0,gcm_slow.txt,MAGUS(Slow),13.98390342052314,14.24272818455366,87.5,/opt/data/published/1000L2/R0/gcm_slow.txt,4.023228799079936,3.7465908056666497,0.27715355805243447,1.0187279151943462,172983,0.6500041623309053,1.2488034132501677,3.8849098023732926,72.28464419475655,0.01855470700111883,-1.8727915194346245,1000L2/R0
1000L2,R0,pasta_align.txt,PASTA(3),12.776659959758552,13.039117352056168,76.6,/opt/data/published/1000L2/R0/pasta_align.txt,6.294165205200719,6.278352701494294,0.225187265917603,0.8787985865724381,131344,0.5942750301568155,0.9482020517040983,6.286258953347506,77.4812734082397,-0.12919954683387866,12.120141342756185,1000L2/R0
1000L2,R0,pasta_1_align.txt,PASTA(1),13.480885311871226,13.741223671013039,87.1,/opt/data/published/1000L2/R0/pasta_1_align.txt,6.498412520714803,6.437944760300319,0.1999063670411985,0.8840989399293286,128268,0.5967074340527578,0.9259957117796115,6.468178640507561,80.00936329588015,-0.12318629961042683,11.590106007067135,1000L2/R0
1000L2,R0,pasta_3_gcm_align.txt,PASTA(3)+GCM,12.575452716297786,12.83851554663992,93.5,/opt/data/published/1000L2/R0/pasta_3_gcm_align.txt,4.473981079910027,4.391052648290583,0.2298689138576779,0.8918727915194347,133724,0.6002226624405705,0.9653838101632267,4.432516864100306,77.01310861423221,-0.1144317669761795,10.812720848056534,1000L2/R0
1000L3,R0,true_align.txt,TRUE,8.953722334004025,9.227683049147442,169.6,/opt/data/published/1000L3/R0/true_align.txt,0.0,0.0,1.0,1.0,308214,0.8566524782973957,1.0,0.0,0.0,0.0,0.0,1000L3/R0
1000L3,R0,gcm.txt,MAGUS,12.072434607645874,12.337011033099298,162.0,/opt/data/published/1000L3/R0/gcm.txt,14.099391817219487,11.236266331359301,0.21948769462581616,0.8455614673760852,364226,0.8304706077165094,1.1817308753009272,12.667829074289394,78.05123053741838,-0.16775441384649253,15.443853262391482,1000L3/R0
1000L3,R0,pasta_align.txt,PASTA(3),14.688128772635814,14.944834503510531,120.1,/opt/data/published/1000L3/R0/pasta_align.txt,16.114232734234246,15.447980759997193,0.12179809141135108,0.7059647157658919,310551,0.796948036493455,1.0075823940508868,15.78110674711572,87.82019085886489,-0.3481900204065286,29.40352842341081,1000L3/R0
1000L3,R0,gcm_slow.txt,MAGUS(Slow),11.468812877263582,11.735205616850552,137.6,/opt/data/published/1000L3/R0/gcm_slow.txt,10.996655251090958,10.17214860115242,0.2448518332496233,0.8777653318398208,365898,0.8366903812410272,1.1871556775487162,10.58440192612169,75.51481667503766,-0.13037599688042525,12.223466816017925,1000L3/R0
1000L3,R0,pasta_1_align.txt,PASTA(1),14.084507042253522,14.343029087261785,141.6,/opt/data/published/1000L3/R0/pasta_1_align.txt,17.952827995660147,17.250763704822415,0.12104470115519839,0.7035844301316158,311814,0.7962610945273632,1.0116801962272965,17.60179585024128,87.89552988448015,-0.35156739522711733,29.641556986838424,1000L3/R0
1000S1,R0,true_align.txt,TRUE,10.27190332326284,10.631895687061183,0.0,/opt/data/published/1000S1/R0/true_align.txt,0.0,0.0,1.0,1.0,260286,0.47158705944239876,1.0,0.0,0.0,0.0,0.0,1000S1/R0
1000L3,R0,pasta_3_gcm_align.txt,PASTA(3)+GCM,14.688128772635814,14.944834503510531,156.1,/opt/data/published/1000L3/R0/pasta_3_gcm_align.txt,13.798776166149118,12.046120350392165,0.14264188849824208,0.7545505460655278,317509,0.8100226387084802,1.0301576177590894,12.922448258270641,85.73581115017579,-0.2816330102208971,24.544945393447215,1000L3/R0
1000S1,R0,gcm.txt,MAGUS,12.890231621349447,13.239719157472418,84.0,/opt/data/published/1000S1/R0/gcm.txt,8.716733141446188,8.342328610762074,0.05544005544005544,1.1073119410836403,297190,0.522796674584323,1.1417825007875952,8.52953087610413,94.45599445599446,0.10193540362805271,-10.73119410836403,1000S1/R0
1000S1,R0,gcm_slow.txt,MAGUS(Slow),9.667673716012084,10.030090270812437,72.9,/opt/data/published/1000S1/R0/gcm_slow.txt,6.656460633842675,6.549702530527046,0.05544005544005544,0.9836927932667018,287956,0.46282727272727275,1.1063061401688912,6.603081582184861,94.45599445599446,-0.016441632639796807,1.6307206733298218,1000S1/R0
1000S1,R0,pasta_align.txt,PASTA(3),12.688821752265861,13.039117352056168,62.4,/opt/data/published/1000S1/R0/pasta_align.txt,11.950931865052771,11.495079320413382,0.015246015246015246,1.0063124671225672,242831,0.4749017250392054,0.932939151548681,11.723005592733077,98.47539847539848,0.006292626951823811,-0.6312467122567167,1000S1/R0
1000S1,R0,pasta_1_align.txt,PASTA(1),12.588116817724067,12.938816449348046,59.8,/opt/data/published/1000S1/R0/pasta_1_align.txt,10.748609903226058,10.48775545376185,0.012474012474012475,0.9463440294581799,239399,0.44162701500833795,0.919753655594231,10.618182678493953,98.75259875259876,-0.055149108537896105,5.365597054182015,1000S1/R0
1000S2,R0,true_align.txt,TRUE,9.045226130653267,9.227683049147442,61.5,/opt/data/published/1000S2/R0/true_align.txt,0.0,0.0,1.0,1.0,169127,0.30595281054823037,1.0,0.0,0.0,0.0,0.0,1000S2/R0
1000S1,R0,pasta_3_gcm_align.txt,PASTA(3)+GCM,12.588116817724067,12.938816449348046,77.4,/opt/data/published/1000S1/R0/pasta_3_gcm_align.txt,10.680645356193509,10.25236175235441,0.01178101178101178,0.9847448711204629,252455,0.4634011752136752,0.9699138639803908,10.46650355427396,98.82189882189883,-0.01537268545089178,1.525512887953706,1000S1/R0
1000S2,R0,gcm.txt,MAGUS,7.738693467336684,7.923771313941826,70.1,/opt/data/published/1000S2/R0/gcm.txt,3.515117092598441,3.452679219557331,0.20176140912730184,0.9805690492713394,179373,0.2921995753715499,1.0605816930472367,3.4838981560778857,79.82385908726981,-0.01962221331499463,1.9430950728660634,1000S2/R0
1000S2,R0,gcm_slow.txt,MAGUS(Slow),8.341708542713567,8.525576730190572,66.3,/opt/data/published/1000S2/R0/gcm_slow.txt,4.037076897379521,3.9852180495092204,0.18815052041633307,0.9805690492713394,180473,0.2921995753715499,1.067085681174502,4.011147473444371,81.18494795836669,-0.01962221331499463,1.9430950728660634,1000S2/R0
1000S2,R0,pasta_align.txt,PASTA(3),9.246231155778894,9.42828485456369,62.9,/opt/data/published/1000S2/R0/pasta_align.txt,5.719716235264705,5.710446762196653,0.17854283426741394,0.9368494101318529,154603,0.2591688888888889,0.9141237058541806,5.715081498730679,82.14571657325861,-0.06523272456704698,6.315058986814714,1000S2/R0
1000S2,R0,pasta_1_align.txt,PASTA(1),9.64824120603015,9.829488465396189,62.8,/opt/data/published/1000S2/R0/pasta_1_align.txt,6.162973272874995,6.154314439399333,0.1513210568454764,0.9250520471894518,150271,0.24972093023255815,0.8885098180657139,6.158643856137164,84.86789431545236,-0.07790527582081341,7.494795281054822,1000S2/R0
1000S2,R0,pasta_3_gcm_align.txt,PASTA(3)+GCM,8.442211055276381,8.625877632898696,63.6,/opt/data/published/1000S2/R0/pasta_3_gcm_align.txt,3.9489156354381327,3.942421119625905,0.177742193755004,0.9424011103400416,155493,0.2635331369661267,0.9193860235207861,3.945668377532019,82.2257806244996,-0.0593242878808807,5.759888965995841,1000S2/R0
1000S3,R0,true_align.txt,TRUE,11.895161290322582,12.337011033099298,81.7,/opt/data/published/1000S3/R0/true_align.txt,0.0,0.0,1.0,1.0,230656,0.4160798833819242,1.0,0.0,0.0,0.0,0.0,1000S3/R0
1000S3,R0,gcm.txt,MAGUS,13.104838709677418,13.54062186559679,77.5,/opt/data/published/1000S3/R0/gcm.txt,4.598734851456809,4.426291608978239,0.096028880866426,0.9918367346938776,246130,0.4112739564961787,1.0670869173140956,4.512513230217524,90.39711191335739,-0.008196767204178515,0.8163265306122436,1000S3/R0
1000S3,R0,gcm_slow.txt,MAGUS(Slow),13.81048387096774,14.24272818455366,77.5,/opt/data/published/1000S3/R0/gcm_slow.txt,3.8351438534901527,3.795741121237761,0.06570397111913358,0.9854227405247813,235481,0.40744201183431955,1.020918597391787,3.815442487363957,93.42960288808663,-0.014684551682921182,1.4577259475218707,1000S3/R0
1000S3,R0,pasta_align.txt,PASTA(3),12.298387096774194,12.738214643931794,57.5,/opt/data/published/1000S3/R0/pasta_align.txt,4.882487431980609,4.829633568338099,0.07075812274368232,0.8991253644314868,190629,0.3505687418936446,0.826464518590455,4.856060500159353,92.92418772563177,-0.10633280547676555,10.087463556851317,1000S3/R0
1000S3,R0,pasta_1_align.txt,PASTA(1),13.608870967741934,14.042126379137413,52.0,/opt/data/published/1000S3/R0/pasta_1_align.txt,5.333296367343266,5.294326125467896,0.04404332129963899,0.8915451895043732,183654,0.3450470896010464,0.7962246809100999,5.313811246405582,95.59566787003611,-0.11479915367097794,10.845481049562677,1000S3/R0
1000S3,R0,pasta_3_gcm_align.txt,PASTA(3)+GCM,12.903225806451612,13.34002006018054,52.4,/opt/data/published/1000S3/R0/pasta_3_gcm_align.txt,4.570343788754627,4.465912533842886,0.07075812274368232,0.8991253644314868,184731,0.3505687418936446,0.8008939719755827,4.5181281612987565,92.92418772563177,-0.10633280547676555,10.087463556851317,1000S3/R0
RNASim,R0,true_align.txt,TRUE,13.34002006018054,13.34002006018054,166.9,/opt/data/published/RNASim/R0/true_align.txt,0.0,0.0,1.0,1.0,1039191,0.6829806241076891,1.0,0.0,0.0,0.0,0.0,RNASim/R0
RNASim,R0,gcm.txt,MAGUS,14.44332998996991,14.44332998996991,221.8,/opt/data/published/RNASim/R0/gcm.txt,9.666766185129616,9.540425673828656,0.037698412698412696,1.4234142361819295,970019,0.7772824186846253,0.9334366829581857,9.603595929479136,96.23015873015873,0.35305837736591844,-42.341423618192955,RNASim/R0
RNASim,R0,gcm_slow.txt,MAGUS(Slow),12.938816449348046,12.938816449348046,223.4,/opt/data/published/RNASim/R0/gcm_slow.txt,9.220429795512619,9.140563748142261,0.041383219954648526,1.4462573934325922,976842,0.7808001692285996,0.9400023672260441,9.180496771827439,95.86167800453515,0.36897911165276337,-44.62573934325922,RNASim/R0
RNASim,R0,pasta_align.txt,PASTA(3),13.039117352056168,13.039117352056168,167.1,/opt/data/published/RNASim/R0/pasta_align.txt,10.017518300655103,10.133600172766622,0.031746031746031744,1.0159086273709974,888488,0.6879449909656695,0.8549804607622661,10.075559236710863,96.82539682539682,0.015783411422050194,-1.5908627370997408,RNASim/R0
RNASim,R0,pasta_1_align.txt,PASTA(1),13.440320962888666,13.440320962888666,151.0,/opt/data/published/RNASim/R0/pasta_1_align.txt,9.989739603128244,10.11967158987257,0.034013605442176874,1.0185600652661635,888137,0.6887573087705247,0.8546426980218266,10.054705596500408,96.5986394557823,0.0183899291884852,-1.8560065266163495,RNASim/R0
RNASim,R0,pasta_3_gcm_align.txt,PASTA(3)+GCM,13.640922768304915,13.640922768304915,175.1,/opt/data/published/RNASim/R0/pasta_3_gcm_align.txt,9.107990487205042,8.978800281624377,0.03373015873015873,1.1156434835814808,881911,0.7158416819012797,0.8486514990988182,9.043395384414708,96.62698412698413,0.10943135376479371,-11.56434835814808,RNASim/R0
1000M1,R1,true_align.txt,TRUE,9.788092835519677,10.330992978936811,125.9,/opt/data/published/1000M1/R1/true_align.txt,0.0,0.0,1.0,1.0,291849,0.7141652026069708,1.0,0.0,0.0,0.0,0.0,1000M1/R1
1000M1,R1,gcm.txt,MAGUS,12.008072653884964,12.537612838515546,122.0,/opt/data/published/1000M1/R1/gcm.txt,12.889195687864873,12.043878889077419,0.17107508532423207,0.9569283083026353,341624,0.7012996742671009,1.170550524415023,12.466537288471146,82.89249146757679,-0.04402680328970236,4.3071691697364685,1000M1/R1
1000M1,R1,gcm_slow.txt,MAGUS(Slow),12.4117053481332,12.938816449348046,105.5,/opt/data/published/1000M1/R1/gcm_slow.txt,12.870908846376706,11.81407418575221,0.16936860068259385,0.9617455369793143,332929,0.7027958161461403,1.1407577206020922,12.342491516064458,83.06313993174061,-0.03900537788109838,3.825446302068569,1000M1/R1
1000M1,R1,pasta_align.txt,PASTA(3),13.6226034308779,14.142427281845539,80.8,/opt/data/published/1000M1/R1/pasta_align.txt,19.26638247032487,18.251746033809336,0.06527303754266212,0.8461320487390196,251005,0.6621865371734762,0.8600509167411915,18.759064252067105,93.47269624573379,-0.1670798455761343,15.38679512609804,1000M1/R1
1000M1,R1,pasta_1_align.txt,PASTA(1),15.438950554994953,15.947843530591776,81.1,/opt/data/published/1000M1/R1/pasta_1_align.txt,19.46623985451176,18.458355777692226,0.0840443686006826,0.8404647208841032,252072,0.6599086311530681,0.8637069169330716,18.962297816101994,91.59556313993174,-0.17380030097739263,15.953527911589681,1000M1/R1
1000M1,R1,pasta_3_gcm_align.txt,PASTA(3)+GCM,14.42986881937437,14.944834503510531,81.1,/opt/data/published/1000M1/R1/pasta_3_gcm_align.txt,16.538424841783694,15.557230032585656,0.07636518771331058,0.8398979880986115,259038,0.6596791497975708,0.887575424277623,16.047827437184676,92.36348122866895,-0.17447483725929258,16.01020119013885,1000M1/R1
1000M2,R1,true_align.txt,TRUE,8.962739174219536,9.327983951855568,130.9,/opt/data/published/1000M2/R1/true_align.txt,0.0,0.0,1.0,1.0,303080,0.7660405529953918,1.0,0.0,0.0,0.0,0.0,1000M2/R1
1000M2,R1,gcm.txt,MAGUS,12.084592145015106,12.437311935807422,135.6,/opt/data/published/1000M2/R1/gcm.txt,13.24343008401626,12.371750600273568,0.21715328467153286,0.928110599078341,368816,0.7479185700099305,1.2168932295103603,12.807590342144914,78.28467153284672,-0.07460437325599761,7.188940092165897,1000M2/R1
1000M2,R1,gcm_slow.txt,MAGUS(Slow),11.07754279959718,11.434302908726178,117.8,/opt/data/published/1000M2/R1/gcm_slow.txt,11.465792514476004,11.054718415706589,0.24379562043795622,0.9292626728110599,364318,0.7482310934787999,1.2020522634287978,11.260255465091296,75.62043795620438,-0.0733638322210824,7.073732718894011,1000M2/R1
1000M2,R1,pasta_align.txt,PASTA(3),10.372608257804632,10.732196589769307,94.6,/opt/data/published/1000M2/R1/pasta_align.txt,14.862775283784636,14.525569123823622,0.1135036496350365,0.7548387096774194,269621,0.690053724053724,0.8896034050415732,14.69417220380413,88.64963503649635,-0.2812511821214905,24.51612903225806,1000M2/R1
1000M2,R1,pasta_1_align.txt,PASTA(1),10.171198388721049,10.531594784353059,98.2,/opt/data/published/1000M2/R1/pasta_1_align.txt,13.073189181422784,12.78096775544636,0.1364963503649635,0.7320276497695852,266126,0.6803953415171545,0.878071796225419,12.927078468434573,86.35036496350365,-0.3119369928249344,26.797235023041477,1000M2/R1
1000M3,R1,true_align.txt,TRUE,6.841046277665996,7.12136409227683,0.0,/opt/data/published/1000M3/R1/true_align.txt,0.0,0.0,1.0,1.0,191095,0.5896276031033074,1.0,0.0,0.0,0.0,0.0,1000M3/R1
1000M2,R1,pasta_3_gcm_align.txt,PASTA(3)+GCM,10.27190332326284,10.631895687061183,102.4,/opt/data/published/1000M2/R1/pasta_3_gcm_align.txt,13.944500962471029,13.265555457668087,0.13102189781021897,0.7898617511520737,286932,0.7037969661610268,0.9467203378645902,13.605028210069559,86.8978102189781,-0.2358973473767802,21.01382488479263,1000M2/R1
1000M3,R1,gcm.txt,MAGUS,6.1368209255533195,6.41925777331996,65.4,/opt/data/published/1000M3/R1/gcm.txt,5.303778452700403,4.779982863785969,0.35411764705882354,1.018374846876276,213117,0.5970320769847635,1.11524111044245,5.041880658243186,64.58823529411765,0.018208069287814096,-1.8374846876276107,1000M3/R1
1000M3,R1,gcm_slow.txt,MAGUS(Slow),5.935613682092555,6.218655967903711,64.7,/opt/data/published/1000M3/R1/gcm_slow.txt,3.810846941121515,3.5906285810837324,0.35705882352941176,1.0142915475704368,220576,0.5954098228663446,1.154274052173003,3.7007377611026238,64.29411764705883,0.014190386101201557,-1.4291547570436824,1000M3/R1
1000M3,R1,pasta_align.txt,PASTA(3),5.734406438631791,6.018054162487462,60.2,/opt/data/published/1000M3/R1/pasta_align.txt,9.52254186607594,9.209841642026262,0.33705882352941174,0.911800734993875,178921,0.5499319301388267,0.936293466600382,9.366191754051101,66.29411764705883,-0.09233380511200988,8.819926500612496,1000M3/R1
1000M3,R1,pasta_1_align.txt,PASTA(1),5.633802816901409,5.917753259779338,60.8,/opt/data/published/1000M3/R1/pasta_1_align.txt,9.522535827556622,9.209820912423206,0.33705882352941174,0.911800734993875,178942,0.5499319301388267,0.9364033595855464,9.366178369989914,66.29411764705883,-0.09233380511200988,8.819926500612496,1000M3/R1
1000M4,R1,true_align.txt,TRUE,3.790983606557377,5.817452357071214,0.0,/opt/data/published/1000M4/R1/true_align.txt,0.0,0.0,1.0,1.0,218021,0.6079015181004281,1.0,0.0,0.0,0.0,0.0,1000M4/R1
1000M3,R1,pasta_3_gcm_align.txt,PASTA(3)+GCM,6.338028169014084,6.619859578736209,72.7,/opt/data/published/1000M3/R1/pasta_3_gcm_align.txt,5.945318997493965,5.624180164662018,0.34294117647058825,0.9281339322172315,181994,0.5578521777386714,0.952374473429446,5.784749581077992,65.70588235294117,-0.07457923309962455,7.1866067782768495,1000M3/R1
1000M4,R1,gcm.txt,MAGUS,4.098360655737705,6.118355065195587,90.0,/opt/data/published/1000M4/R1/gcm.txt,0.920363436573679,0.7410894025711157,0.5514174541411896,0.9649669131957961,236095,0.5936663977410246,1.0829002710748048,0.8307264195723973,44.85825458588104,-0.03566146507469302,3.5033086804203917,1000M4/R1
1000M4,R1,gcm_slow.txt,MAGUS(Slow),3.8934426229508197,5.917753259779338,81.0,/opt/data/published/1000M4/R1/gcm_slow.txt,0.8272295983156708,0.7210595304017353,0.5742078932740411,0.9782016348773842,241896,0.5991639474731397,1.1095077997073677,0.774144564358703,42.57921067259589,-0.022039459566291386,2.1798365122615793,1000M4/R1
1000M4,R1,pasta_align.txt,PASTA(3),3.790983606557377,5.817452357071214,71.0,/opt/data/published/1000M4/R1/pasta_align.txt,0.8339775536023386,0.8305711259873116,0.5686492495831017,0.9365511872323862,226846,0.5813379052369078,1.040477752143142,0.8322743397948251,43.13507504168983,-0.06555110057525936,6.344881276761383,1000M4/R1
1000M4,R1,pasta_1_align.txt,PASTA(1),3.8934426229508197,5.917753259779338,72.6,/opt/data/published/1000M4/R1/pasta_1_align.txt,0.8339775536023386,0.8305711259873116,0.5686492495831017,0.9365511872323862,226846,0.5813379052369078,1.040477752143142,0.8322743397948251,43.13507504168983,-0.06555110057525936,6.344881276761383,1000M4/R1
1000L1,R1,true_align.txt,TRUE,9.547738693467336,9.729187562688065,0.0,/opt/data/published/1000L1/R1/true_align.txt,0.0,0.0,1.0,1.0,206859,0.7252866414277989,1.0,0.0,0.0,0.0,0.0,1000L1/R1
1000M4,R1,pasta_3_gcm_align.txt,PASTA(3)+GCM,3.790983606557377,5.817452357071214,83.6,/opt/data/published/1000M4/R1/pasta_3_gcm_align.txt,1.230259440486392,0.8311346336005054,0.5603112840466926,0.947450369793694,224498,0.5861540673788004,1.0297081473802983,1.0306970370434487,43.96887159533074,-0.053980723562411126,5.254963020630599,1000M4/R1
1000L1,R1,gcm.txt,MAGUS,11.055276381909549,11.23370110330993,118.4,/opt/data/published/1000L1/R1/gcm.txt,5.542492621649309,5.265664562603034,0.25560897435897434,0.9250946457544619,205915,0.7030429698918444,0.9954365050590015,5.404078592126171,74.43910256410257,-0.07785922696946547,7.490535424553812,1000L1/R1
1000L1,R1,gcm_slow.txt,MAGUS(Slow),12.763819095477386,12.938816449348046,112.5,/opt/data/published/1000L1/R1/gcm_slow.txt,5.700766483398123,5.43530413529929,0.23677884615384615,0.9537587885343429,212359,0.7119676779132407,1.0265881590842072,5.568035309348707,76.32211538461539,-0.04734448171101812,4.624121146565708,1000L1/R1
1000L1,R1,pasta_align.txt,PASTA(3),13.5678391959799,13.741223671013039,86.3,/opt/data/published/1000L1/R1/pasta_align.txt,9.605949460016738,9.429396274201807,0.1330128205128205,0.8447809626825311,189372,0.6748111395646607,0.9154641567444491,9.517672867109273,86.69871794871796,-0.16867790098749355,15.521903731746889,1000L1/R1
1000L1,R1,pasta_1_align.txt,PASTA(1),16.582914572864322,16.750250752256772,84.3,/opt/data/published/1000L1/R1/pasta_1_align.txt,15.136363286425503,14.714763630049156,0.09655448717948718,0.8731746890210925,191769,0.6853855682873955,0.9270517598944208,14.92556345823733,90.34455128205127,-0.1356196411887949,12.682531097890749,1000L1/R1
1000L2,R1,true_align.txt,TRUE,8.249496981891348,8.525576730190572,0.0,/opt/data/published/1000L2/R1/true_align.txt,0.0,0.0,1.0,1.0,120290,0.5807797173732335,1.0,0.0,0.0,0.0,0.0,1000L2/R1
1000L1,R1,pasta_3_gcm_align.txt,PASTA(3)+GCM,14.07035175879397,14.24272818455366,80.2,/opt/data/published/1000L1/R1/pasta_3_gcm_align.txt,7.124647418993558,6.992247559190212,0.14543269230769232,0.8361276365603029,181701,0.6714456662354463,0.878380926138094,7.0584474890918845,85.45673076923077,-0.17897400223975757,16.387236343969715,1000L1/R1
1000L2,R1,gcm.txt,MAGUS,9.356136820925553,9.628886659979939,64.6,/opt/data/published/1000L2/R1/gcm.txt,1.653588178093468,1.5314478901563122,0.27340359578425294,1.0328345802161263,119865,0.5941070422535212,0.9964668717266606,1.5925180341248901,72.65964042157471,0.03230704199610485,-3.2834580216126286,1000L2/R1
1000L2,R1,gcm_slow.txt,MAGUS(Slow),8.450704225352112,8.72617853560682,85.9,/opt/data/published/1000L2/R1/gcm_slow.txt,1.20833726028734,1.1136733903280516,0.47427154370737756,1.0295095594347465,114457,0.5927961243439644,0.9515088536037909,1.1610053253076957,52.57284562926225,0.029082532954735438,-2.9509559434746535,1000L2/R1
1000L2,R1,pasta_align.txt,PASTA(3),9.15492957746479,9.42828485456369,79.2,/opt/data/published/1000L2/R1/pasta_align.txt,1.8499110532405716,1.8460516801941607,0.32424054556726595,0.9168744804655029,98116,0.5427724388032639,0.8156621498046388,1.8479813667173661,67.57594544327341,-0.0867846967211764,8.31255195344971,1000L2/R1
1000L2,R1,pasta_1_align.txt,PASTA(1),8.953722334004025,9.227683049147442,78.0,/opt/data/published/1000L2/R1/pasta_1_align.txt,1.6959928748737974,1.6846191142016909,0.27650340979541227,0.9123025768911056,96074,0.5404810933940775,0.7986865076066173,1.690305994537744,72.34965902045877,-0.09178357102535242,8.76974231088944,1000L2/R1
1000L2,R1,pasta_3_gcm_align.txt,PASTA(3)+GCM,8.75251509054326,9.027081243731194,79.7,/opt/data/published/1000L2/R1/pasta_3_gcm_align.txt,1.8111812566731667,1.7350034240594003,0.28022318660880347,0.9231088944305902,98016,0.5458604232327781,0.8148308255050295,1.7730923403662835,71.97768133911966,-0.08000807264019674,7.689110556940982,1000L2/R1
1000L3,R1,gcm.txt,MAGUS,8.862034239677746,9.227683049147442,146.0,/opt/data/published/1000L3/R1/gcm.txt,8.655070135382015,7.21871308753832,0.3117076808351976,0.8907701528318849,325751,0.8277611438183348,1.2051951799740277,7.936891611460167,68.82923191648024,-0.11566885018643717,10.922984716811513,1000L3/R1
1000L3,R1,true_align.txt,TRUE,7.955689828801611,8.324974924774322,155.2,/opt/data/published/1000L3/R1/true_align.txt,0.0,0.0,1.0,1.0,270289,0.846574767755469,1.0,0.0,0.0,0.0,0.0,1000L3/R1
1000L3,R1,pasta_align.txt,PASTA(3),9.969788519637463,10.330992978936811,112.5,/opt/data/published/1000L3/R1/pasta_align.txt,12.558603018105185,12.116099523366897,0.1829480487198608,0.739736290080911,284536,0.7925946931334819,1.0527102471798704,12.33735127073604,81.70519512801391,-0.3014615210524564,26.026370991908898,1000L3/R1
1000L3,R1,gcm_slow.txt,MAGUS(Slow),9.768378650553878,10.130391173520561,129.6,/opt/data/published/1000L3/R1/gcm_slow.txt,9.140173506847981,8.26031476376392,0.3288590604026846,0.9027569673359305,338060,0.8300481327800829,1.2507353240420438,8.700244135305951,67.11409395973153,-0.10230190095246358,9.724303266406952,1000L3/R1
1000L3,R1,pasta_1_align.txt,PASTA(1),9.969788519637463,10.330992978936811,125.1,/opt/data/published/1000L3/R1/pasta_1_align.txt,16.231094238646225,15.315186623654187,0.18046234153616703,0.7388372789931076,276596,0.7923423240721963,1.0233342829341927,15.773140431150207,81.95376584638329,-0.30267757308719323,26.11627210068924,1000L3/R1
1000S1,R1,true_align.txt,TRUE,11.681772406847935,12.036108324974924,0.0,/opt/data/published/1000S1/R1/true_align.txt,0.0,0.0,1.0,1.0,284870,0.5142382338670548,1.0,0.0,0.0,0.0,0.0,1000S1/R1
1000L3,R1,pasta_3_gcm_align.txt,PASTA(3)+GCM,9.768378650553878,10.130391173520561,126.3,/opt/data/published/1000L3/R1/pasta_3_gcm_align.txt,9.784123490218121,9.391604136311582,0.1871737509321402,0.7472280491459394,276711,0.7946741527972729,1.0237597534490859,9.587863813264851,81.28262490678598,-0.2913848537651968,25.277195085406056,1000L3/R1
1000S1,R1,gcm.txt,MAGUS,12.890231621349447,13.239719157472418,73.1,/opt/data/published/1000S1/R1/gcm.txt,11.600566503883824,11.286092178710694,0.0654993514915694,0.9694323144104804,319821,0.49892142142142143,1.1226910520588338,11.44332934129726,93.45006485084306,-0.031044621681960163,3.056768558951961,1000S1/R1
1000S1,R1,gcm_slow.txt,MAGUS(Slow),12.487411883182276,12.83851554663992,73.4,/opt/data/published/1000S1/R1/gcm_slow.txt,11.255304825459234,11.022738915036879,0.0654993514915694,0.9636098981077147,326406,0.4958937562940584,1.1458068592691404,11.139021870248056,93.45006485084306,-0.03706873628534114,3.639010189228531,1000S1/R1
1000S1,R1,pasta_align.txt,PASTA(3),14.098690835850958,14.44332998996991,61.7,/opt/data/published/1000S1/R1/pasta_align.txt,13.719495919845059,13.554354070508856,0.02464332036316472,0.8646288209606987,249707,0.4381846240179573,0.8765647488328009,13.636924995176958,97.53566796368352,-0.14545497285970438,13.53711790393013,1000S1/R1
1000S1,R1,pasta_1_align.txt,PASTA(1),14.501510574018129,14.844533600802407,64.1,/opt/data/published/1000S1/R1/pasta_1_align.txt,16.31662937084282,15.955135931965458,0.018158236057068743,0.9082969432314411,257342,0.4651949786324786,0.9033664478534068,16.13588265140414,98.18417639429312,-0.09618392385292167,9.170305676855895,1000S1/R1
1000S1,R1,pasta_3_gcm_align.txt,PASTA(3)+GCM,12.688821752265861,13.039117352056168,62.3,/opt/data/published/1000S1/R1/pasta_3_gcm_align.txt,10.713894505608634,10.391515490405768,0.027885862516212712,0.8903444929645803,263873,0.4544114441416894,0.9262926949134693,10.5527049980072,97.21141374837873,-0.11614682040178839,10.965550703541972,1000S1/R1
1000S2,R1,true_align.txt,TRUE,11.178247734138973,11.534603811434303,56.6,/opt/data/published/1000S2/R1/true_align.txt,0.0,0.0,1.0,1.0,210971,0.3931536600120992,1.0,0.0,0.0,0.0,0.0,1000S2/R1
1000S2,R1,gcm.txt,MAGUS,11.581067472306144,11.9358074222668,57.6,/opt/data/published/1000S2/R1/gcm.txt,4.888974904404497,4.6638735410970185,0.1080669710806697,1.0036297640653358,249953,0.3953484026522001,1.1847742106735049,4.776424222750758,89.19330289193303,0.003623192369420331,-0.3629764065335772,1000S2/R1
1000S2,R1,gcm_slow.txt,MAGUS(Slow),12.890231621349447,13.239719157472418,59.8,/opt/data/published/1000S2/R1/gcm_slow.txt,5.006058305202343,4.892720560137742,0.060882800608828,1.0399274047186933,240178,0.41645317044793484,1.138440828360296,4.949389432670042,93.9117199391172,0.039150907561825064,-3.992740471869327,1000S2/R1
1000S2,R1,pasta_align.txt,PASTA(3),12.588116817724067,12.938816449348046,64.4,/opt/data/published/1000S2/R1/pasta_align.txt,12.208088373982529,12.071297385967316,0.0547945205479452,0.8880822746521476,176219,0.31667779291553133,0.8352759383991165,12.139692879974923,94.52054794520548,-0.11869088864656328,11.191772534785239,1000S2/R1
1000S2,R1,pasta_1_align.txt,PASTA(1),12.487411883182276,12.83851554663992,71.6,/opt/data/published/1000S2/R1/pasta_1_align.txt,8.074805458768585,7.7778136087907175,0.0319634703196347,0.9534180278281912,193767,0.36350444162436546,0.9184532471287523,7.926309533779651,96.80365296803653,-0.047701827403199726,4.658197217180882,1000S2/R1
1000S2,R1,pasta_3_gcm_align.txt,PASTA(3)+GCM,12.185297079556898,12.537612838515546,70.4,/opt/data/published/1000S2/R1/pasta_3_gcm_align.txt,6.583089365246653,6.432515815711803,0.0715372907153729,0.9134906231094979,188810,0.3356841059602649,0.8949571268088979,6.507802590479228,92.84627092846272,-0.09048216801205414,8.65093768905021,1000S2/R1
1000S3,R1,true_align.txt,TRUE,8.72210953346856,9.63855421686747,69.9,/opt/data/published/1000S3/R1/true_align.txt,0.0,0.0,1.0,1.0,185394,0.35108134280180764,1.0,0.0,0.0,0.0,0.0,1000S3/R1
1000S3,R1,gcm.txt,MAGUS,8.72210953346856,9.63855421686747,70.1,/opt/data/published/1000S3/R1/gcm.txt,2.9114478734524107,2.8348767626577676,0.1573482428115016,0.9851517107811492,201369,0.3413007863695937,1.0861678371468333,2.873162318055089,84.26517571884983,-0.014959628572466285,1.484828921885084,1000S3/R1
1000S3,R1,gcm_slow.txt,MAGUS(Slow),8.21501014198783,9.136546184738956,68.7,/opt/data/published/1000S3/R1/gcm_slow.txt,2.998037892427974,2.9148028942900917,0.16693290734824281,0.9877340219496449,203855,0.3430228758169935,1.0995771168430477,2.956420393359033,83.30670926517571,-0.012341826030387536,1.226597805035512,1000S3/R1
1000S3,R1,pasta_align.txt,PASTA(3),9.533468559837727,10.441767068273093,64.0,/opt/data/published/1000S3/R1/pasta_align.txt,3.373049432311792,3.365774008607203,0.08865814696485623,0.9244673983214977,164376,0.2980621508379888,0.8866306352956407,3.3694117204594978,91.13418530351439,-0.07853749289627773,7.553260167850229,1000S3/R1
1000S3,R1,pasta_1_align.txt,PASTA(1),8.012170385395539,8.93574297188755,63.8,/opt/data/published/1000S3/R1/pasta_1_align.txt,3.3097854238858138,3.3017920071595874,0.13817891373801916,0.9141381536475145,166408,0.2901306497175141,0.8975910763023615,3.3057887155227004,86.18210862619809,-0.08977356616320359,8.58618463524855,1000S3/R1
1000S3,R1,pasta_3_gcm_align.txt,PASTA(3)+GCM,7.910750507099391,8.835341365461847,67.4,/opt/data/published/1000S3/R1/pasta_3_gcm_align.txt,3.3180347616595385,3.1677473242777365,0.0902555910543131,0.9373789541639768,168562,0.3077307162534435,0.909209575282911,3.2428910429686377,90.97444089456869,-0.06466764503212723,6.262104583602324,1000S3/R1
RNASim,R1,true_align.txt,TRUE,15.14543630892678,15.14543630892678,165.0,/opt/data/published/RNASim/R1/true_align.txt,0.0,0.0,1.0,1.0,1034042,0.6740331375838926,1.0,0.0,0.0,0.0,0.0,RNASim/R1
RNASim,R1,gcm.txt,MAGUS,16.24874623871615,16.24874623871615,189.9,/opt/data/published/RNASim/R1/gcm.txt,9.401628489992808,9.279114211475148,0.0424364896073903,1.464974832214765,985801,0.7774931997136721,0.9533471561116473,9.340371350733978,95.75635103926096,0.3818380629458765,-46.49748322147651,RNASim/R1
RNASim,R1,gcm_slow.txt,MAGUS(Slow),15.045135406218657,15.045135406218657,181.4,/opt/data/published/RNASim/R1/gcm_slow.txt,8.708203463640785,8.594541111762965,0.049364896073903,1.4330956375838926,974365,0.7725435387092053,0.9422876440221963,8.651372287701875,95.0635103926097,0.35983688603559255,-43.30956375838926,RNASim/R1
RNASim,R1,pasta_align.txt,PASTA(3),14.744232698094283,14.744232698094283,147.8,/opt/data/published/RNASim/R1/pasta_align.txt,8.728003519029903,8.843602914553482,0.03926096997690531,1.0329278523489933,874637,0.6844243654822335,0.8458428187636479,8.785803216791692,96.07390300230946,0.03239734486100359,-3.2927852348993314,RNASim/R1
RNASim,R1,pasta_1_align.txt,PASTA(1),15.245737211634905,15.245737211634905,162.5,/opt/data/published/RNASim/R1/pasta_1_align.txt,8.773305575103251,8.837907600043426,0.0401270207852194,1.0266359060402686,864832,0.6824902962206333,0.8363606120447719,8.805606587573338,95.98729792147806,0.02628734621942516,-2.6635906040268553,RNASim/R1
RNASim,R1,pasta_3_gcm_align.txt,PASTA(3)+GCM,15.346038114343031,15.346038114343031,177.5,/opt/data/published/RNASim/R1/pasta_3_gcm_align.txt,8.642971364998209,8.391784606688478,0.04330254041570439,1.162751677852349,893812,0.7196590909090909,0.8643865529639996,8.517377985843343,95.66974595842956,0.15078933212455348,-16.2751677852349,RNASim/R1
1000M1,R2,true_align.txt,TRUE,10.574018126888216,10.932798395185557,110.3,/opt/data/published/1000M1/R2/true_align.txt,0.0,0.0,1.0,1.0,304581,0.7574263398221581,1.0,0.0,0.0,0.0,0.0,1000M1/R2
1000M1,R2,gcm.txt,MAGUS,12.487411883182276,12.83851554663992,111.1,/opt/data/published/1000M1/R2/gcm.txt,14.253043143660571,11.400397633782655,0.16811708860759494,0.9456861331410719,366275,0.7434945362134688,1.2025536720937944,12.826720388721613,83.1882911392405,-0.055844548131437674,5.431386685892814,1000M1/R2
1000M1,R2,gcm_slow.txt,MAGUS(Slow),13.192346424974824,13.54062186559679,102.0,/opt/data/published/1000M1/R2/gcm_slow.txt,12.09871098619908,11.288966878711493,0.1594145569620253,0.9346310982936794,358081,0.7404605296991514,1.1756511404191332,11.693838932455286,84.05854430379746,-0.06760337482719399,6.536890170632059,1000M1/R2
1000M1,R2,pasta_align.txt,PASTA(3),16.012084592145015,16.349047141424272,90.6,/opt/data/published/1000M1/R2/pasta_align.txt,23.710412802536474,22.789771495687283,0.07318037974683544,0.794280221100697,294332,0.6945993948562784,0.9663504946139122,23.25009214911188,92.68196202531645,-0.2303189566971546,20.571977889930302,1000M1/R2
1000M1,R2,pasta_1_align.txt,PASTA(1),15.307150050352467,15.646940822467403,93.8,/opt/data/published/1000M1/R2/pasta_1_align.txt,18.275922341286122,17.360267515732573,0.07001582278481013,0.7743330930064888,287087,0.6867321539416511,0.9425637186823866,17.818094928509346,92.99841772151899,-0.25575314524602166,22.56669069935112,1000M1/R2
1000M1,R2,pasta_3_gcm_align.txt,PASTA(3)+GCM,16.012084592145015,16.349047141424272,115.5,/opt/data/published/1000M1/R2/pasta_3_gcm_align.txt,17.617506950967076,16.04721538876944,0.07753164556962025,0.836818072578707,296052,0.7101237794371051,0.9719975966984152,16.832361169868257,92.24683544303798,-0.17814858865480698,16.318192742129302,1000M1/R2
1000M2,R2,true_align.txt,TRUE,8.953722334004025,9.227683049147442,126.9,/opt/data/published/1000M2/R2/true_align.txt,0.0,0.0,1.0,1.0,294531,0.7601344339622641,1.0,0.0,0.0,0.0,0.0,1000M2/R2
1000M2,R2,gcm.txt,MAGUS,9.557344064386317,9.829488465396189,116.6,/opt/data/published/1000M2/R2/gcm.txt,9.637571452638237,8.926494025496401,0.22182680901542112,0.9431603773584906,356511,0.7456789197299325,1.2104362528901882,9.282032739067319,77.81731909845789,-0.058518939379185085,5.683962264150944,1000M2/R2
1000M2,R2,gcm_slow.txt,MAGUS(Slow),9.758551307847082,10.030090270812437,125.8,/opt/data/published/1000M2/R2/gcm_slow.txt,9.266580987415729,8.976372343730466,0.21945432977461446,0.9299528301886792,347784,0.7420669540958661,1.180806095113927,9.121476665573098,78.05456702253856,-0.07262141434837627,7.004716981132075,1000M2/R2
1000M2,R2,pasta_align.txt,PASTA(3),8.953722334004025,9.227683049147442,112.7,/opt/data/published/1000M2/R2/pasta_align.txt,12.624786245283637,12.176244230569843,0.10676156583629894,0.7483490566037736,286499,0.6794736842105263,0.9727295259242661,12.40051523792674,89.32384341637011,-0.28988575664280786,25.16509433962264,1000M2/R2
1000M2,R2,pasta_1_align.txt,PASTA(1),11.670020120724347,11.9358074222668,99.8,/opt/data/published/1000M2/R2/pasta_1_align.txt,12.451864117719191,12.006550667535832,0.10834321866350335,0.7650943396226415,287554,0.6864889025893958,0.976311491829383,12.229207392627512,89.16567813364966,-0.2677561329906999,23.49056603773585,1000M2/R2
1000M2,R2,pasta_3_gcm_align.txt,PASTA(3)+GCM,8.651911468812877,8.926780341023068,87.2,/opt/data/published/1000M2/R2/pasta_3_gcm_align.txt,11.134059703109722,10.214455792743205,0.12850929221035984,0.7726415094339623,294716,0.689551282051282,1.0006281172440252,10.674257747926465,87.14907077896402,-0.2579401032530434,22.735849056603776,1000M2/R2
1000M3,R2,true_align.txt,TRUE,9.356136820925553,9.628886659979939,84.2,/opt/data/published/1000M3/R2/true_align.txt,0.0,0.0,1.0,1.0,245770,0.6698369813786345,1.0,0.0,0.0,0.0,0.0,1000M3/R2
1000M3,R2,gcm.txt,MAGUS,9.25553319919517,9.528585757271815,81.7,/opt/data/published/1000M3/R2/gcm.txt,5.161054511989061,4.740814318022513,0.2583875813720581,0.9490362626592617,270360,0.652107056798623,1.1000528949831143,4.950934415005786,74.16124186279418,-0.05230826965940092,5.0963737340738335,1000M3/R2
1000M3,R2,gcm_slow.txt,MAGUS(Slow),9.859154929577464,10.130391173520561,91.4,/opt/data/published/1000M3/R2/gcm_slow.txt,4.837813888385433,4.257743576849727,0.2588883324987481,0.9578569095066971,271721,0.6553107094133697,1.1055905928306953,4.54777873261758,74.1111667501252,-0.04305687593887045,4.214309049330289,1000M3/R2
1000M3,R2,pasta_align.txt,PASTA(3),8.450704225352112,8.72617853560682,86.9,/opt/data/published/1000M3/R2/pasta_align.txt,7.580312340567974,7.59135575786093,0.17626439659489235,0.832734400522705,216220,0.6035194193801491,0.8797656345363551,7.585834049214451,82.37356034051076,-0.1830405345692971,16.726559947729502,1000M3/R2
1000M3,R2,pasta_1_align.txt,PASTA(1),9.859154929577464,10.130391173520561,98.7,/opt/data/published/1000M3/R2/pasta_1_align.txt,8.299269911904194,8.198181414244255,0.19078617926890334,0.8578895785690951,221024,0.6151450875856816,0.8993123652195142,8.248725663074225,80.92138207310965,-0.153279884082671,14.211042143090491,1000M3/R2
1000M3,R2,pasta_3_gcm_align.txt,PASTA(3)+GCM,9.054325955734406,9.327983951855568,104.2,/opt/data/published/1000M3/R2/pasta_3_gcm_align.txt,5.702222260992096,5.450794378128543,0.20180270405608414,0.853969291081346,216657,0.6133783473603672,0.8815437197379664,5.57650831956032,79.81972959439159,-0.1578600447612452,14.6030708918654,1000M3/R2
1000M4,R2,true_align.txt,TRUE,4.361370716510903,7.622868605817453,85.0,/opt/data/published/1000M4/R2/true_align.txt,0.0,0.0,1.0,1.0,172153,0.5404145006839945,1.0,0.0,0.0,0.0,0.0,1000M4/R2
1000M4,R2,gcm.txt,MAGUS,4.672897196261682,7.923771313941826,81.1,/opt/data/published/1000M4/R2/gcm.txt,0.7805995352721085,0.6670251480252243,0.6320191158900836,0.9626082991336069,182492,0.5225622927522501,1.060057042282156,0.7238123416486664,36.79808841099164,-0.03810870056956761,3.7391700866393096,1000M4/R2
1000M4,R2,gcm_slow.txt,MAGUS(Slow),4.672897196261682,7.923771313941826,82.9,/opt/data/published/1000M4/R2/gcm_slow.txt,0.8918252116620451,0.6413557840466266,0.6439665471923537,0.9671682626538988,175321,0.5248132956152758,1.0184022352209954,0.7665904978543359,35.60334528076463,-0.03338279385320575,3.283173734610123,1000M4/R2
1000M4,R2,pasta_align.txt,PASTA(3),4.672897196261682,7.923771313941826,80.5,/opt/data/published/1000M4/R2/pasta_align.txt,0.7519244273708425,0.7600885814132985,0.6606929510155317,0.9566803465572276,177553,0.5196039084842707,1.0313674463994238,0.7560065043920705,33.93070489844683,-0.044285959461645694,4.331965344277244,1000M4/R2
1000M4,R2,pasta_1_align.txt,PASTA(1),4.7767393561786085,8.02407221664995,82.4,/opt/data/published/1000M4/R2/pasta_1_align.txt,0.7519244273708425,0.7600885814132985,0.6606929510155317,0.9566803465572276,177553,0.5196039084842707,1.0313674463994238,0.7560065043920705,33.93070489844683,-0.044285959461645694,4.331965344277244,1000M4/R2
1000L1,R2,true_align.txt,TRUE,9.274193548387096,9.729187562688065,0.0,/opt/data/published/1000L1/R2/true_align.txt,0.0,0.0,1.0,1.0,226561,0.7354822824387702,1.0,0.0,0.0,0.0,0.0,1000L1/R2
1000M4,R2,pasta_3_gcm_align.txt,PASTA(3)+GCM,4.569055036344756,7.823470411233702,82.1,/opt/data/published/1000M4/R2/pasta_3_gcm_align.txt,1.1554226263984169,0.6946883093848055,0.6385902031063322,0.9525763793889649,169341,0.5175342269028244,0.9836656927268186,0.9250554678916112,36.14097968936678,-0.048584986861322406,4.7423620611035116,1000M4/R2
1000L1,R2,gcm.txt,MAGUS,10.786290322580646,11.23370110330993,141.4,/opt/data/published/1000L1/R2/gcm.txt,5.1302085023191335,4.621688692019632,0.22531120331950208,0.9632621156852528,235211,0.7253938328374357,1.0381795631198663,4.875948597169383,77.4688796680498,-0.03742971763101327,3.6737884314747227,1000L1/R2
1000L1,R2,gcm_slow.txt,MAGUS(Slow),11.088709677419354,11.534603811434303,129.3,/opt/data/published/1000L1/R2/gcm_slow.txt,4.090467650716589,3.5437945732119225,0.25477178423236513,0.9484106305367379,229375,0.7210936813186813,1.012420496025353,3.817131111964256,74.52282157676349,-0.05296771593685885,5.158936946326209,1000L1/R2
1000L1,R2,pasta_align.txt,PASTA(3),11.491935483870968,11.9358074222668,128.3,/opt/data/published/1000L1/R2/pasta_align.txt,6.3826223508803075,6.285977142292909,0.18630705394190872,0.8465346534653465,180460,0.6875287780855648,0.7965183769492543,6.334299746586608,81.36929460580913,-0.16660414089854494,15.34653465346535,1000L1/R2
1000L1,R2,pasta_1_align.txt,PASTA(1),12.80241935483871,13.239719157472418,126.4,/opt/data/published/1000L1/R2/pasta_1_align.txt,6.670561557995813,6.546451663580011,0.16514522821576763,0.8593017196456487,194671,0.69217131594906,0.8592432060239847,6.608506610787912,83.48547717842324,-0.15163517344810107,14.069828035435128,1000L1/R2
1000L2,R2,true_align.txt,TRUE,11.434302908726178,11.434302908726178,103.5,/opt/data/published/1000L2/R2/true_align.txt,0.0,0.0,1.0,1.0,139116,0.6278160621761658,1.0,0.0,0.0,0.0,0.0,1000L2/R2
1000L1,R2,pasta_3_gcm_align.txt,PASTA(3)+GCM,9.979838709677418,10.431293881644935,122.9,/opt/data/published/1000L1/R2/pasta_3_gcm_align.txt,5.841903051993502,5.580253334269569,0.1904564315352697,0.851224596143825,177909,0.6892503826140189,0.7852587161956383,5.711078193131536,80.95435684647303,-0.16107926496657501,14.877540385617504,1000L1/R2
1000L2,R2,gcm.txt,MAGUS,13.440320962888666,13.440320962888666,111.3,/opt/data/published/1000L2/R2/gcm.txt,5.789680425505939,5.472622203107691,0.18,1.0114729829755738,152225,0.6320376875228686,1.094230713936571,5.631151314306814,82.0,0.01140766740792395,-1.1472982975573753,1000L2/R2
1000L2,R2,gcm_slow.txt,MAGUS(Slow),15.546639919759278,15.546639919759278,119.2,/opt/data/published/1000L2/R2/gcm_slow.txt,7.66635237641392,6.718998311223901,0.1668421052631579,1.0991857883049594,172330,0.6614003367003367,1.238750395353518,7.192675343818911,83.3157894736842,0.09456971327660123,-9.918578830495939,1000L2/R2
1000L2,R2,pasta_align.txt,PASTA(3),14.24272818455366,14.24272818455366,108.6,/opt/data/published/1000L2/R2/pasta_align.txt,6.021355835526676,5.789582184393105,0.1431578947368421,0.9492968171724648,135646,0.6079372319688109,0.975056787141666,5.905469009959891,85.68421052631578,-0.052033760915274264,5.070318282753517,1000L2/R2
1000L2,R2,pasta_1_align.txt,PASTA(1),14.24272818455366,14.24272818455366,108.3,/opt/data/published/1000L2/R2/pasta_1_align.txt,8.34403522734779,7.94633735683985,0.08052631578947368,0.9622501850481125,151290,0.613215,1.0875097041318036,8.14518629209382,91.94736842105263,-0.03848079451057071,3.774981495188745,1000L2/R2
1000L2,R2,pasta_3_gcm_align.txt,PASTA(3)+GCM,13.841524573721165,13.841524573721165,108.6,/opt/data/published/1000L2/R2/pasta_3_gcm_align.txt,6.254950081515409,6.01707013491205,0.15368421052631578,0.966321243523316,132647,0.6148445040214477,0.9534992380459473,6.136010108213729,84.63157894736842,-0.03425894982101533,3.3678756476683946,1000L2/R2
1000L3,R2,true_align.txt,TRUE,10.685483870967742,11.133400200601805,241.6,/opt/data/published/1000L3/R2/true_align.txt,0.0,0.0,1.0,1.0,309188,0.8635952035841349,1.0,0.0,0.0,0.0,0.0,1000L3/R2
1000L3,R2,gcm.txt,MAGUS,11.491935483870968,11.9358074222668,216.6,/opt/data/published/1000L3/R2/gcm.txt,9.313470684427749,8.01728332820596,0.27991350312349833,0.8408222427197259,364574,0.8377721360288356,1.1791337309339303,8.665377006316854,72.00864968765018,-0.1733750055355659,15.917775728027406,1000L3/R2
1000L3,R2,gcm_slow.txt,MAGUS(Slow),14.31451612903226,14.744232698094283,219.7,/opt/data/published/1000L3/R2/gcm_slow.txt,9.92623480926882,9.060695855597201,0.2585295530994714,0.8783765977072078,360890,0.8447080708070807,1.1672186501416615,9.493465332433011,74.14704469005287,-0.12967985053622785,12.162340229279224,1000L3/R2
1000L3,R2,pasta_align.txt,PASTA(3),12.19758064516129,12.637913741223672,184.9,/opt/data/published/1000L3/R2/pasta_align.txt,14.415108343022531,13.621756170927025,0.1727534839019702,0.6878376597707208,310271,0.8016904214559387,1.0035027232622222,14.018432256974778,82.72465160980298,-0.37420242852722846,31.216234022927924,1000L3/R2
1000L3,R2,pasta_1_align.txt,PASTA(1),12.298387096774194,12.738214643931794,188.4,/opt/data/published/1000L3/R2/pasta_1_align.txt,14.328324583979246,13.784666240858023,0.15353195579048534,0.6916589801027804,294105,0.8027860544865689,0.9512173823046173,14.056495412418634,84.64680442095147,-0.36866224815161297,30.83410198972196,1000L3/R2
1000S1,R2,true_align.txt,TRUE,7.552870090634441,7.923771313941826,0.0,/opt/data/published/1000S1/R2/true_align.txt,0.0,0.0,1.0,1.0,269226,0.484510561566203,1.0,0.0,0.0,0.0,0.0,1000S1/R2
1000L3,R2,pasta_3_gcm_align.txt,PASTA(3)+GCM,10.887096774193548,11.334002006018054,196.3,/opt/data/published/1000L3/R2/pasta_3_gcm_align.txt,13.855129967424961,12.716398469007517,0.1710716001922153,0.719067070760311,311148,0.8103030969397105,1.0063391852206425,13.28576421821624,82.89283998077848,-0.3298006422176809,28.093292923968903,1000L3/R2
1000S1,R2,gcm.txt,MAGUS,9.566968781470292,9.929789368104313,101.1,/opt/data/published/1000S1/R2/gcm.txt,10.29491788931992,9.656970691061728,0.061170212765957445,0.9804224626481195,325489,0.47421702574881763,1.2089805590841896,9.975944290190824,93.88297872340425,-0.019771715872860796,1.9577537351880503,1000S1/R2
1000S1,R2,gcm_slow.txt,MAGUS(Slow),8.66062437059416,9.027081243731194,100.8,/opt/data/published/1000S1/R2/gcm_slow.txt,9.707288238462242,9.322381267584156,0.0598404255319149,0.9649665121071612,319893,0.46579551521623064,1.188195048026565,9.514834753023198,94.0159574468085,-0.035661880724921775,3.5033487892838777,1000S1/R2
1000S1,R2,pasta_align.txt,PASTA(3),8.962739174219536,9.327983951855568,85.5,/opt/data/published/1000S1/R2/pasta_align.txt,11.757884617176916,11.704131224678992,0.03125,0.8557444616177228,235520,0.3976128838049368,0.8748040679577752,11.731007920927954,96.875,-0.15578347355571545,14.425553838227723,1000S1/R2
1000S1,R2,pasta_1_align.txt,PASTA(1),8.862034239677746,9.227683049147442,85.0,/opt/data/published/1000S1/R2/pasta_1_align.txt,13.218108613383727,13.11619637273883,0.02526595744680851,0.8547140649149922,223328,0.39688667872212174,0.8295186943311568,13.167152493061279,97.47340425531915,-0.15698829297856579,14.528593508500776,1000S1/R2
1000S1,R2,pasta_3_gcm_align.txt,PASTA(3)+GCM,8.459214501510575,8.826479438314944,89.0,/opt/data/published/1000S1/R2/pasta_3_gcm_align.txt,10.09764334474632,9.60697850994513,0.034574468085106384,0.8675940236991242,247169,0.4058402612826603,0.9180725487137201,9.852310927345725,96.54255319148936,-0.14203138836673818,13.240597630087581,1000S1/R2
1000S2,R2,true_align.txt,TRUE,11.07754279959718,11.434302908726178,80.3,/opt/data/published/1000S2/R2/true_align.txt,0.0,0.0,1.0,1.0,186563,0.35592687620269403,1.0,0.0,0.0,0.0,0.0,1000S2/R2
1000S2,R2,gcm.txt,MAGUS,10.976837865055387,11.334002006018054,85.1,/opt/data/published/1000S2/R2/gcm.txt,6.403394532398298,5.829076883229078,0.1265625,1.0192431045542014,210686,0.3680868470736312,1.1293021660243456,6.116235707813688,87.34375,0.01906029747893947,-1.9243104554201418,1000S2/R2
1000S2,R2,gcm_slow.txt,MAGUS(Slow),11.278952668680766,11.634904714142428,84.5,/opt/data/published/1000S2/R2/gcm_slow.txt,6.991297973437116,6.546358473183355,0.13125,1.0314304041051956,206190,0.37555348258706467,1.1052030681324807,6.768828223310235,86.875,0.030946580681135122,-3.1430404105195597,1000S2/R2
1000S2,R2,pasta_align.txt,PASTA(3),11.782477341389729,12.13640922768305,74.5,/opt/data/published/1000S2/R2/pasta_align.txt,11.120716914990492,11.02426705700733,0.0609375,0.8896728672225785,153754,0.276056236481615,0.8241398348011127,11.072491985998912,93.90625,-0.11690144874294496,11.032713277742145,1000S2/R2
1000S2,R2,pasta_1_align.txt,PASTA(1),10.876132930513595,11.23370110330993,76.0,/opt/data/published/1000S2/R2/pasta_1_align.txt,12.118158692702242,12.05729430040332,0.015625,0.9217447081462476,155429,0.30124565066109954,0.8331180351945455,12.087726496552781,98.4375,-0.08148698297875154,7.825529185375235,1000S2/R2
1000S2,R2,pasta_3_gcm_align.txt,PASTA(3)+GCM,10.473313192346426,10.832497492477431,72.7,/opt/data/published/1000S2/R2/pasta_3_gcm_align.txt,8.98742895544985,8.58642049889432,0.0484375,0.9172546504169339,158470,0.29782517482517484,0.8494181590133092,8.786924727172085,95.15625,-0.08637014580382361,8.274534958306612,1000S2/R2
1000S3,R2,true_align.txt,TRUE,8.853118712273641,9.127382146439318,84.5,/opt/data/published/1000S3/R2/true_align.txt,0.0,0.0,1.0,1.0,221346,0.39688426763110307,1.0,0.0,0.0,0.0,0.0,1000S3/R2
1000S3,R2,gcm.txt,MAGUS,9.859154929577464,10.130391173520561,81.1,/opt/data/published/1000S3/R2/gcm.txt,4.584361375400503,4.512909492927697,0.10349962769918093,0.9662447257383966,238586,0.37581472239550845,1.0778871088702755,4.5486354341641,89.6500372300819,-0.03433813758089157,3.3755274261603407,1000S3/R2
1000S3,R2,gcm_slow.txt,MAGUS(Slow),9.758551307847082,10.030090270812437,84.3,/opt/data/published/1000S3/R2/gcm_slow.txt,4.271894670990095,4.244058334040901,0.11243484735666419,0.9825195901145268,233815,0.3861539877300614,1.0563326195187626,4.257976502515498,88.75651526433359,-0.017634996389636465,1.748040988547317,1000S3/R2
1000S3,R2,pasta_align.txt,PASTA(3),8.551307847082496,8.826479438314944,77.1,/opt/data/published/1000S3/R2/pasta_align.txt,5.184314169307191,5.171162375234905,0.08562918838421445,0.9144062688366486,188771,0.3404291364535267,0.8528322174333397,5.177738272271048,91.43708116157856,-0.08948031084191228,8.559373116335145,1000S3/R2
1000S3,R2,pasta_1_align.txt,PASTA(1),8.853118712273641,9.127382146439318,77.7,/opt/data/published/1000S3/R2/pasta_1_align.txt,5.0100106644815785,4.998553579965648,0.10424422933730454,0.9071729957805907,187752,0.3351700996677741,0.8482285652327126,5.004282122223613,89.57557706626955,-0.09742211300746836,9.282700421940927,1000S3/R2
1000S3,R2,pasta_3_gcm_align.txt,PASTA(3)+GCM,11.066398390342053,11.334002006018054,77.7,/opt/data/published/1000S3/R2/pasta_3_gcm_align.txt,4.830651317249224,4.807004359979683,0.0960536113179449,0.9264617239300783,187883,0.3490117111255693,0.848820398832597,4.818827838614453,90.39463886820552,-0.07638254665184868,7.353827606992169,1000S3/R2
RNASim,R2,true_align.txt,TRUE,16.850551654964896,16.850551654964896,228.0,/opt/data/published/RNASim/R2/true_align.txt,0.0,0.0,1.0,1.0,1053403,0.684925415484394,1.0,0.0,0.0,0.0,0.0,RNASim/R2
RNASim,R2,gcm.txt,MAGUS,17.753259779338016,17.753259779338016,295.5,/opt/data/published/RNASim/R2/gcm.txt,9.902806260962095,9.558384269372455,0.0339031339031339,1.4087961086339684,977115,0.7763518918141274,0.9275794733829313,9.730595265167274,96.6096866096866,0.3427355160111839,-40.87961086339684,RNASim/R2
RNASim,R2,gcm_slow.txt,MAGUS(Slow),18.455366098294885,18.455366098294885,290.5,/opt/data/published/RNASim/R2/gcm_slow.txt,9.68630530668757,9.458537391416789,0.03333333333333333,1.4308877178759627,988028,0.7798048158640226,0.9379392312343898,9.57242134905218,96.66666666666667,0.35829503339798574,-43.08877178759627,RNASim/R2
RNASim,R2,pasta_align.txt,PASTA(3),17.251755265797392,17.251755265797392,229.4,/opt/data/published/RNASim/R2/pasta_align.txt,9.911715625078866,10.003858046763604,0.03190883190883191,1.0034454803404946,896772,0.6860072712583316,0.8513095178198657,9.957786835921235,96.80911680911682,0.00343955827212115,-0.3445480340494633,RNASim/R2
RNASim,R2,pasta_1_align.txt,PASTA(1),17.151454363089268,17.151454363089268,234.1,/opt/data/published/RNASim/R2/pasta_1_align.txt,9.593700060481646,9.681805688524959,0.02962962962962963,0.999189298743413,906342,0.6846697768762677,0.860394359993279,9.637752874503303,97.03703703703704,-0.0008110300525662674,0.08107012565869987,RNASim/R2
RNASim,R2,pasta_3_gcm_align.txt,PASTA(3)+GCM,18.35506519558676,18.35506519558676,244.4,/opt/data/published/RNASim/R2/pasta_3_gcm_align.txt,9.41092270810724,9.020010773870846,0.030484330484330486,1.1337657073368463,887004,0.7220990346800144,0.8420367133945887,9.215466740989044,96.95156695156695,0.125544576672603,-13.376570733684634,RNASim/R2
1000M1,R3,true_align.txt,TRUE,9.365558912386707,9.729187562688065,137.2,/opt/data/published/1000M1/R3/true_align.txt,0.0,0.0,1.0,1.0,262989,0.7132212464589235,1.0,0.0,0.0,0.0,0.0,1000M1/R3
1000M1,R3,gcm.txt,MAGUS,10.27190332326284,10.631895687061183,136.5,/opt/data/published/1000M1/R3/gcm.txt,8.907640903852897,6.990776321093872,0.2139433551198257,0.978186968838527,318264,0.7068262380538662,1.2101798934556198,7.9492086124733845,78.60566448801742,-0.022054452537350066,2.181303116147304,1000M1/R3
1000M1,R3,gcm_slow.txt,MAGUS(Slow),10.67472306143001,11.033099297893681,140.6,/opt/data/published/1000M1/R3/gcm_slow.txt,7.273846069880319,7.015505999158189,0.23137254901960785,0.9626062322946176,309985,0.7020809299587993,1.1786994893322535,7.144676034519254,76.86274509803921,-0.038110847695465064,3.7393767705382386,1000M1/R3
1000M1,R3,pasta_align.txt,PASTA(3),11.48036253776435,11.835506519558676,122.0,/opt/data/published/1000M1/R3/pasta_align.txt,10.2684195945017,10.121096491015624,0.14248366013071895,0.8226628895184136,246866,0.6514018595041322,0.9386932533299872,10.19475804275866,85.75163398692811,-0.19520877398265574,17.73371104815864,1000M1/R3
1000M1,R3,pasta_1_align.txt,PASTA(1),11.178247734138973,11.534603811434303,118.1,/opt/data/published/1000M1/R3/pasta_1_align.txt,10.356645439253265,10.03814992412716,0.13594771241830064,0.8311614730878187,239845,0.6549662576687116,0.9119963192376868,10.197397681690212,86.40522875816994,-0.18493119122441537,16.883852691218127,1000M1/R3
1000M1,R3,pasta_3_gcm_align.txt,PASTA(3)+GCM,12.386706948640484,12.738214643931794,126.1,/opt/data/published/1000M1/R3/pasta_3_gcm_align.txt,8.193197089631232,7.884599586936636,0.13986928104575164,0.8478753541076487,251694,0.6617677915135316,0.9570514356113754,8.038898338283934,86.01307189542484,-0.16502164207464357,15.21246458923513,1000M1/R3
1000M2,R3,true_align.txt,TRUE,7.258064516129033,7.723169508525577,144.0,/opt/data/published/1000M2/R3/true_align.txt,0.0,0.0,1.0,1.0,277177,0.7391230373230373,1.0,0.0,0.0,0.0,0.0,1000M2/R3
1000M2,R3,gcm.txt,MAGUS,8.266129032258064,8.72617853560682,142.1,/opt/data/published/1000M2/R3/gcm.txt,8.60749714951049,8.33541813678349,0.22988505747126436,0.9351351351351351,340135,0.7210275254610514,1.227140058518564,8.47145764314699,77.01149425287358,-0.06706423058054588,6.486486486486487,1000M2/R3
1000M2,R3,gcm_slow.txt,MAGUS(Slow),7.963709677419355,8.425275827482448,146.4,/opt/data/published/1000M2/R3/gcm_slow.txt,8.19055360247506,7.937211602432981,0.21223316912972084,0.9528957528957529,343153,0.7262271745002701,1.2380284078404773,8.06388260245402,78.77668308702792,-0.04824976966830499,4.71042471042471,1000M2/R3
1000M2,R3,pasta_align.txt,PASTA(3),9.475806451612904,9.929789368104313,123.2,/opt/data/published/1000M2/R3/pasta_align.txt,13.91020647172474,13.589421801996815,0.1206896551724138,0.7675675675675676,252682,0.6601250838363515,0.9116268665870545,13.749814136860778,87.93103448275862,-0.26452876747706405,23.24324324324324,1000M2/R3
1000M2,R3,pasta_1_align.txt,PASTA(1),8.770161290322582,9.227683049147442,125.4,/opt/data/published/1000M2/R3/pasta_1_align.txt,12.138053660084026,11.821155682088214,0.12807881773399016,0.7848133848133848,260427,0.6675936372581174,0.9395693004830848,11.97960467108612,87.19211822660098,-0.24230931581349305,21.51866151866152,1000M2/R3
1000M3,R3,true_align.txt,TRUE,7.056451612903227,7.5225677031093285,0.0,/opt/data/published/1000M3/R3/true_align.txt,0.0,0.0,1.0,1.0,222938,0.6293949889462048,1.0,0.0,0.0,0.0,0.0,1000M3/R3
1000M2,R3,pasta_3_gcm_align.txt,PASTA(3)+GCM,8.568548387096774,9.027081243731194,123.6,/opt/data/published/1000M2/R3/pasta_3_gcm_align.txt,9.965871731156728,9.494805027738252,0.1383415435139573,0.8005148005148005,253711,0.6741135048231511,0.915339295829019,9.73033837944749,86.16584564860426,-0.222500257628468,19.948519948519948,1000M2/R3
1000M3,R3,gcm.txt,MAGUS,6.955645161290322,7.422266800401204,115.6,/opt/data/published/1000M3/R3/gcm.txt,4.26570283273815,4.203713619889681,0.3558510638297872,0.9874723655121592,253074,0.6246932835820895,1.1351765961836924,4.2347082263139155,64.41489361702128,-0.01260676688991204,1.2527634487840777,1000M3/R3
1000M3,R3,gcm_slow.txt,MAGUS(Slow),7.15725806451613,7.622868605817453,108.6,/opt/data/published/1000M3/R3/gcm_slow.txt,3.793922892955781,3.7603119334459145,0.33617021276595743,0.9900515843773029,251420,0.625671008559732,1.1277574931146777,3.777117413200848,66.38297872340426,-0.009998231779323203,0.9948415622697104,1000M3/R3
1000M3,R3,pasta_align.txt,PASTA(3),7.862903225806452,8.324974924774322,102.4,/opt/data/published/1000M3/R3/pasta_align.txt,4.305059321781945,4.269326557417408,0.30425531914893617,0.9045689019896831,200862,0.5902965376782078,0.9009769532336345,4.287192939599676,69.57446808510639,-0.10029680016619354,9.54310980103169,1000M3/R3
1000M3,R3,pasta_1_align.txt,PASTA(1),7.459677419354839,7.923771313941826,102.9,/opt/data/published/1000M3/R3/pasta_1_align.txt,4.077835625630288,4.026462288856103,0.30531914893617024,0.8994104642593957,198587,0.5879467431380582,0.8907723223497116,4.052148957243196,69.46808510638299,-0.10601577000185436,10.058953574060425,1000M3/R3
1000M4,R3,true_align.txt,TRUE,5.088265835929388,8.324974924774322,93.1,/opt/data/published/1000M4/R3/true_align.txt,0.0,0.0,1.0,1.0,186049,0.585587921117502,1.0,0.0,0.0,0.0,0.0,1000M4/R3
1000M3,R3,pasta_3_gcm_align.txt,PASTA(3)+GCM,7.358870967741936,7.823470411233702,104.6,/opt/data/published/1000M3/R3/pasta_3_gcm_align.txt,4.484311657491236,4.459485993191848,0.31329787234042555,0.9130434782608695,200527,0.5940992736077482,0.8994742933012766,4.471898825341542,68.67021276595744,-0.09097177820572676,8.695652173913048,1000M3/R3
1000M4,R3,gcm.txt,MAGUS,5.192107995846314,8.425275827482448,90.4,/opt/data/published/1000M4/R3/gcm.txt,1.646613382316231,1.2821392295515377,0.5952824332712601,0.9724732949876747,203266,0.573857625686523,1.092540137275664,1.4643763059338843,40.471756672873994,-0.027912664033488504,2.7526705012325348,1000M4/R3
1000M4,R3,gcm_slow.txt,MAGUS(Slow),5.088265835929388,8.324974924774322,93.0,/opt/data/published/1000M4/R3/gcm_slow.txt,1.470689796203839,1.2655587384575617,0.6083178150217257,0.9852095316351684,203712,0.5793665554628857,1.094937355212874,1.3681242673307004,39.16821849782743,-0.01490093796001293,1.4790468364831555,1000M4/R3
1000M4,R3,pasta_align.txt,PASTA(3),4.7767393561786085,8.02407221664995,82.9,/opt/data/published/1000M4/R3/pasta_align.txt,0.8316558759347559,0.8674071652606474,0.6232153941651148,0.9371405094494659,200408,0.5577908811924595,1.0771785927363222,0.8495315205977017,37.678460583488516,-0.06492205126308442,6.285949055053408,1000M4/R3
1000M4,R3,pasta_1_align.txt,PASTA(1),4.672897196261682,7.923771313941826,82.3,/opt/data/published/1000M4/R3/pasta_1_align.txt,0.8318667489608855,0.8676239384728723,0.6163873370577281,0.9354971240755957,200441,0.5570140535792709,1.0773559653639633,0.8497453437168789,38.36126629422719,-0.06667720748373289,6.450287592440429,1000M4/R3
1000M4,R3,pasta_3_gcm_align.txt,PASTA(3)+GCM,4.880581516095535,8.124373119358076,63.6,/opt/data/published/1000M4/R3/pasta_3_gcm_align.txt,1.6511221250264607,1.0701560015311418,0.6182495344506518,0.9391947411668036,196135,0.5587580927384077,1.0542115249208541,1.3606390632788012,38.17504655493482,-0.06273242919271657,6.080525883319643,1000M4/R3
1000L1,R3,true_align.txt,TRUE,11.546184738955825,11.634904714142428,104.4,/opt/data/published/1000L1/R3/true_align.txt,0.0,0.0,1.0,1.0,212763,0.7642458791208792,1.0,0.0,0.0,0.0,0.0,1000L1/R3
1000L1,R3,gcm.txt,MAGUS,15.562248995983936,15.646940822467403,104.9,/opt/data/published/1000L1/R3/gcm.txt,9.638979803832337,8.906020354077725,0.1539301310043668,1.019459706959707,246240,0.7687460139231979,1.1573440870828104,9.27250007895503,84.60698689956332,0.019272787896961338,-1.945970695970689,1000L1/R3
1000L1,R3,gcm_slow.txt,MAGUS(Slow),14.759036144578314,14.844533600802407,110.5,/opt/data/published/1000L1/R3/gcm_slow.txt,9.272827080099278,8.509162539012948,0.22125181950509462,1.054945054945055,249202,0.7765247395833333,1.1712656805929602,8.890994809556112,77.87481804949053,0.05348868495098622,-5.494505494505497,1000L1/R3
1000L1,R3,pasta_align.txt,PASTA(3),12.751004016064257,12.83851554663992,89.4,/opt/data/published/1000L1/R3/pasta_align.txt,9.616871557939177,9.305799310973661,0.1091703056768559,0.8216575091575091,191813,0.7130749512398997,0.9015336313174753,9.46133543445642,89.08296943231441,-0.19643162627713373,17.834249084249088,1000L1/R3
1000L1,R3,pasta_1_align.txt,PASTA(1),19.57831325301205,19.658976930792377,97.2,/opt/data/published/1000L1/R3/pasta_1_align.txt,17.44561681430561,17.0091100629833,0.05276564774381368,0.8688186813186813,201788,0.7286498023715415,0.9484167829932836,17.227363438644453,94.72343522561863,-0.14062082759501066,13.118131868131865,1000L1/R3
1000L1,R3,pasta_3_gcm_align.txt,PASTA(3)+GCM,12.650602409638553,12.738214643931794,96.9,/opt/data/published/1000L1/R3/pasta_3_gcm_align.txt,9.765429674731053,8.959096768242947,0.1091703056768559,0.850503663003663,196574,0.7228064602960969,0.9239106423579287,9.362263221487,89.08296943231441,-0.16192656027288146,14.949633699633702,1000L1/R3
1000L2,R3,true_align.txt,TRUE,10.080645161290322,10.531594784353059,61.4,/opt/data/published/1000L2/R3/true_align.txt,0.0,0.0,1.0,1.0,106040,0.5543538257408226,1.0,0.0,0.0,0.0,0.0,1000L2/R3
1000L2,R3,gcm.txt,MAGUS,10.28225806451613,10.732196589769307,61.9,/opt/data/published/1000L2/R3/gcm.txt,3.581472452699841,3.401209304318431,0.2741451709658068,0.9849624060150376,116833,0.5475500673551863,1.101782346284421,3.4913408785091358,72.58548290341932,-0.01515180502060222,1.5037593984962405,1000L2/R3
1000L2,R3,gcm_slow.txt,MAGUS(Slow),9.979838709677418,10.431293881644935,62.4,/opt/data/published/1000L2/R3/gcm_slow.txt,3.2498370642210173,2.888330366927161,0.3119376124775045,1.0039805395842547,113804,0.556120704845815,1.073217653715579,3.069083715574089,68.80623875224956,0.003972638197478465,-0.39805395842547053,1000L2/R3
1000L2,R3,pasta_align.txt,PASTA(3),12.5,12.938816449348046,55.1,/opt/data/published/1000L2/R3/pasta_align.txt,3.0314507947975744,3.02311374299431,0.14097180563887224,0.8951791242812914,88842,0.5021709486166008,0.8378159185213128,3.0272822688959424,85.90281943611278,-0.11073144187061372,10.482087571870856,1000L2/R3
1000L2,R3,pasta_1_align.txt,PASTA(1),10.383064516129032,10.832497492477431,56.6,/opt/data/published/1000L2/R3/pasta_1_align.txt,2.054982634378888,2.046736942228977,0.30353929214157166,0.8934099955771783,89809,0.5011851485148515,0.8469351188230856,2.0508597883039323,69.64607078584284,-0.11270968188271938,10.659000442282174,1000L2/R3
1000L3,R3,true_align.txt,TRUE,9.538152610441768,9.628886659979939,0.0,/opt/data/published/1000L3/R3/true_align.txt,0.0,0.0,1.0,1.0,269645,0.8387487692552009,1.0,0.0,0.0,0.0,0.0,1000L3/R3
1000L2,R3,pasta_3_gcm_align.txt,PASTA(3)+GCM,11.29032258064516,11.735205616850552,56.2,/opt/data/published/1000L2/R3/pasta_3_gcm_align.txt,3.781259391575731,3.629862675179063,0.15296940611877624,0.9150818222025653,89627,0.5129985500241663,0.8452187853640136,3.705561033377397,84.70305938812237,-0.08874179453242675,8.49181777974347,1000L2/R3
1000L3,R3,gcm.txt,MAGUS,10.742971887550201,10.832497492477431,123.2,/opt/data/published/1000L3/R3/gcm.txt,8.107411338617176,7.8249094227954235,0.28380782918149466,0.8801016356995395,342784,0.8167811259473114,1.2712418179458176,7.9661603807063,71.61921708185052,-0.12771788306581894,11.989836430046052,1000L3/R3
1000L3,R3,gcm_slow.txt,MAGUS(Slow),10.843373493975903,10.932798395185557,127.6,/opt/data/published/1000L3/R3/gcm_slow.txt,7.4609918798755785,7.2573179271866906,0.2823250296559905,0.877243131649992,341101,0.8161841057204924,1.265000278143485,7.3591549035311346,71.76749703440095,-0.13097109395956,12.275686835000798,1000L3/R3
1000L3,R3,pasta_align.txt,PASTA(3),10.441767068273093,10.531594784353059,105.9,/opt/data/published/1000L3/R3/pasta_align.txt,12.442526044574475,12.023566653210127,0.1737841043890866,0.7235191360965539,276841,0.7771292800702371,1.0266869402362366,12.233046348892302,82.62158956109134,-0.32362828392166987,27.648086390344606,1000L3/R3
1000L3,R3,pasta_1_align.txt,PASTA(1),9.538152610441768,9.628886659979939,108.0,/opt/data/published/1000L3/R3/pasta_1_align.txt,10.369371734075672,10.146562492866806,0.16785290628706998,0.735111958075274,278553,0.7806439835817671,1.033036028852751,10.257967113471238,83.21470937129301,-0.3077324674574721,26.488804192472603,1000L3/R3
1000S1,R3,true_align.txt,TRUE,9.403437815975733,10.130391173520561,70.5,/opt/data/published/1000S1/R3/true_align.txt,0.0,0.0,1.0,1.0,290561,0.5395536697247706,1.0,0.0,0.0,0.0,0.0,1000S1/R3
1000L3,R3,pasta_3_gcm_align.txt,PASTA(3)+GCM,10.040160642570282,10.130391173520561,111.6,/opt/data/published/1000L3/R3/pasta_3_gcm_align.txt,10.422291693381446,9.908208744720381,0.185349940688019,0.7721137049388598,279803,0.791156108597285,1.0376717536019582,10.165250219050915,81.46500593119809,-0.258623453612674,22.78862950611402,1000L3/R3
1000S1,R3,gcm.txt,MAGUS,11.223458038422649,11.9358074222668,73.8,/opt/data/published/1000S1/R3/gcm.txt,12.799015645630352,10.123912180405114,0.08232291001914487,0.9967889908256881,354429,0.5380704095720202,1.219809265524279,11.461463913017733,91.76770899808552,-0.0032161755267050697,0.32110091743119407,1000S1/R3
1000S1,R3,gcm_slow.txt,MAGUS(Slow),12.942366026289182,13.640922768304915,71.7,/opt/data/published/1000S1/R3/gcm_slow.txt,10.160916546869657,9.884720822997961,0.0650925335035099,0.9536697247706422,335823,0.5171847041847042,1.1557745189478286,10.02281868493381,93.49074664964901,-0.047437867925121814,4.633027522935784,1000S1/R3
1000S1,R3,pasta_align.txt,PASTA(3),11.223458038422649,11.9358074222668,62.9,/opt/data/published/1000S1/R3/pasta_align.txt,15.57890563651647,15.325841617481073,0.02616464582003829,0.8573394495412844,259265,0.46293579454253614,0.8922911195927877,15.45237362699877,97.38353541799617,-0.15392134832757187,14.266055045871562,1000S1/R3
1000S1,R3,pasta_1_align.txt,PASTA(1),11.324570273003033,12.036108324974924,61.2,/opt/data/published/1000S1/R3/pasta_1_align.txt,12.80171929363416,12.480125322651592,0.028079132099553285,0.831651376146789,244051,0.4463469387755102,0.8399303416494299,12.640922308142876,97.19208679004467,-0.18434194502828366,16.834862385321102,1000S1/R3
1000S1,R3,pasta_3_gcm_align.txt,PASTA(3)+GCM,11.526794742163801,12.236710130391174,65.2,/opt/data/published/1000S1/R3/pasta_3_gcm_align.txt,11.458397364958605,10.282558342297898,0.03190810465858328,0.8908256880733945,271845,0.48312409886714724,0.9355866754313208,10.870477853628252,96.80918953414167,-0.11560650693186451,10.917431192660555,1000S1/R3
