apples_frag	L1002585	4	1.0000
apples_frag	L1004185	15	1.0000
apples_frag	L1005032	0	1.0000
apples_frag	L1011227	13	1.0000
apples_frag	L1012049	7	1.0000
apples_frag	L1012199	1	1.0000
apples_frag	L1016849	23	1.0000
apples_frag	L1017537	8	1.0000
apples_frag	L1021907	5	1.0000
apples_frag	L1024044	17	1.0000
apples_frag	L1024542	7	1.0000
apples_frag	L1025399	15	1.0000
apples_frag	L1026799	9	1.0000
apples_frag	L102922	4	1.0000
apples_frag	L1029951	10	1.0000
apples_frag	L1030819	3	1.0000
apples_frag	L103249	19	1.0000
apples_frag	L1036266	2	1.0000
apples_frag	L1036426	12	1.0000
apples_frag	L1038977	13	1.0000
apples_frag	L1044163	2	1.0000
apples_frag	L1044444	7	1.0000
apples_frag	L1046348	9	1.0000
apples_frag	L1046966	15	1.0000
apples_frag	L1050743	9	1.0000
apples_frag	L1052309	5	1.0000
apples_frag	L1053445	5	1.0000
apples_frag	L1054346	8	1.0000
apples_frag	L1055550	0	1.0000
apples_frag	L1058576	5	1.0000
apples_frag	L1060120	8	1.0000
apples_frag	L1061482	11	1.0000
apples_frag	L1061587	10	1.0000
apples_frag	L1062126	10	1.0000
apples_frag	L1063587	4	1.0000
apples_frag	L1064227	13	1.0000
apples_frag	L1065804	9	1.0000
apples_frag	L1068964	5	1.0000
apples_frag	L1069832	7	1.0000
apples_frag	L1071754	4	1.0000
apples_frag	L1072449	11	1.0000
apples_frag	L1073165	11	1.0000
apples_frag	L1075189	11	1.0000
apples_frag	L1081827	17	1.0000
apples_frag	L1082663	9	1.0000
apples_frag	L1083972	5	1.0000
apples_frag	L1085175	25	1.0000
apples_frag	L1087086	11	1.0000
apples_frag	L1087105	16	1.0000
apples_frag	L1089119	9	1.0000
apples_frag	L1090631	14	1.0000
apples_frag	L1091178	19	1.0000
apples_frag	L1091281	2	1.0000
apples_frag	L1091323	13	1.0000
apples_frag	L1091479	15	1.0000
apples_frag	L1092388	18	1.0000
apples_frag	L1096376	15	1.0000
apples_frag	L1099155	4	1.0000
apples_frag	L1101520	8	1.0000
apples_frag	L1106265	7	1.0000
apples_frag	L1106965	5	1.0000
apples_frag	L1107538	6	1.0000
apples_frag	L1109734	0	1.0000
apples_frag	L1110523	10	1.0000
apples_frag	L1116847	0	1.0000
apples_frag	L1117806	0	1.0000
apples_frag	L1123172	3	1.0000
apples_frag	L112480	7	1.0000
apples_frag	L1125468	2	1.0000
apples_frag	L1125564	11	1.0000
apples_frag	L1126749	14	1.0000
apples_frag	L1127804	9	1.0000
apples_frag	L1128821	11	1.0000
apples_frag	L1132817	8	1.0000
apples_frag	L1134826	10	1.0000
apples_frag	L1135019	6	1.0000
apples_frag	L113844	10	1.0000
apples_frag	L1138559	1	1.0000
apples_frag	L1139573	11	1.0000
apples_frag	L1142178	3	1.0000
apples_frag	L1143584	18	1.0000
apples_frag	L1146782	14	1.0000
apples_frag	L1148275	18	1.0000
apples_frag	L1148681	5	1.0000
apples_frag	L1148861	3	1.0000
apples_frag	L115160	10	1.0000
apples_frag	L1152742	8	1.0000
apples_frag	L1159462	8	1.0000
apples_frag	L1160593	8	1.0000
apples_frag	L1166860	2	1.0000
apples_frag	L1169308	12	1.0000
apples_frag	L1171933	0	1.0000
apples_frag	L1175689	16	1.0000
apples_frag	L1176510	3	1.0000
apples_frag	L1176819	12	1.0000
apples_frag	L1181526	5	1.0000
apples_frag	L1184831	1	1.0000
apples_frag	L1188236	0	1.0000
apples_frag	L1189606	6	1.0000
apples_frag	L1190029	10	1.0000
apples_frag	L1192003	14	1.0000
apples_frag	L1193093	2	1.0000
apples_frag	L1193626	14	1.0000
apples_frag	L1194943	3	1.0000
apples_frag	L1200114	5	1.0000
apples_frag	L1200373	1	1.0000
apples_frag	L1202626	1	1.0000
apples_frag	L1203652	1	1.0000
apples_frag	L1205967	4	1.0000
apples_frag	L1206149	4	1.0000
apples_frag	L1208940	7	1.0000
apples_frag	L120959	3	1.0000
apples_frag	L1211345	7	1.0000
apples_frag	L1212637	10	1.0000
apples_frag	L1212861	7	1.0000
apples_frag	L121334	14	1.0000
apples_frag	L1215236	13	1.0000
apples_frag	L1217544	12	1.0000
apples_frag	L1217630	9	1.0000
apples_frag	L1218521	11	1.0000
apples_frag	L121873	6	1.0000
apples_frag	L1218743	13	1.0000
apples_frag	L1219260	5	1.0000
apples_frag	L1219324	5	1.0000
apples_frag	L1223018	10	1.0000
apples_frag	L12241	4	1.0000
apples_frag	L122411	5	1.0000
apples_frag	L1228313	6	1.0000
apples_frag	L1228316	8	1.0000
apples_frag	L1228698	9	1.0000
apples_frag	L1229975	2	1.0000
apples_frag	L1233030	11	1.0000
apples_frag	L1234322	3	1.0000
apples_frag	L1235564	10	1.0000
apples_frag	L1237368	15	1.0000
apples_frag	L1242536	16	1.0000
apples_frag	L1243882	5	1.0000
apples_frag	L1244427	8	1.0000
apples_frag	L1247700	2	1.0000
apples_frag	L1249050	12	1.0000
apples_frag	L1252273	10	1.0000
apples_frag	L1252715	2	1.0000
apples_frag	L125500	5	1.0000
apples_frag	L125644	6	1.0000
apples_frag	L1263639	7	1.0000
apples_frag	L1263909	17	1.0000
apples_frag	L1267300	16	1.0000
apples_frag	L1267973	5	1.0000
apples_frag	L1268056	5	1.0000
apples_frag	L1269000	15	1.0000
apples_frag	L1269225	4	1.0000
apples_frag	L1269960	18	1.0000
apples_frag	L1270519	3	1.0000
apples_frag	L1271695	4	1.0000
apples_frag	L1274988	9	1.0000
apples_frag	L1277578	6	1.0000
apples_frag	L1277861	8	1.0000
apples_frag	L1281298	9	1.0000
apples_frag	L1283746	1	1.0000
apples_frag	L1284558	8	1.0000
apples_frag	L1286758	4	1.0000
apples_frag	L1291250	10	1.0000
apples_frag	L129208	3	1.0000
apples_frag	L1292363	7	1.0000
apples_frag	L1292503	6	1.0000
apples_frag	L1294408	11	1.0000
apples_frag	L1294453	4	1.0000
apples_frag	L1294952	8	1.0000
apples_frag	L1297512	7	1.0000
apples_frag	L1298142	1	1.0000
apples_frag	L1299862	9	1.0000
apples_frag	L1302458	14	1.0000
apples_frag	L1307852	3	1.0000
apples_frag	L130839	3	1.0000
apples_frag	L1309046	8	1.0000
apples_frag	L1314993	6	1.0000
apples_frag	L1316645	5	1.0000
apples_frag	L1316673	4	1.0000
apples_frag	L1319261	11	1.0000
apples_frag	L1320029	9	1.0000
apples_frag	L1321139	8	1.0000
apples_frag	L1322298	5	1.0000
apples_frag	L1325043	4	1.0000
apples_frag	L1328601	9	1.0000
apples_frag	L1330004	10	1.0000
apples_frag	L1334204	4	1.0000
apples_frag	L1334727	5	1.0000
apples_frag	L1337969	5	1.0000
apples_frag	L1338440	6	1.0000
apples_frag	L1338867	4	1.0000
apples_frag	L13406	1	1.0000
apples_frag	L1341334	1	1.0000
apples_frag	L1342936	4	1.0000
apples_frag	L1343571	3	1.0000
apples_frag	L134770	8	1.0000
apples_frag	L1348767	10	1.0000
apples_frag	L1349954	5	1.0000
apples_frag	L1350260	6	1.0000
apples_frag	L1354350	10	1.0000
apples_frag	L1358832	12	1.0000
apples_frag	L1362201	7	1.0000
apples_frag	L1362636	4	1.0000
apples_frag	L1365362	1	1.0000
apples_frag	L1366477	1	1.0000
apples_frag	L1369644	7	1.0000
apples_frag	L13698	9	1.0000
apples_frag	L1371092	6	1.0000
apples_frag	L1372683	4	1.0000
apples_frag	L1372686	15	1.0000
apples_frag	L1373403	1	1.0000
apples_frag	L1378339	5	1.0000
apples_frag	L1379425	5	1.0000
apples_frag	L1380845	1	1.0000
apples_frag	L1382177	6	1.0000
apples_frag	L1382936	5	1.0000
apples_frag	L1382969	4	1.0000
apples_frag	L1383932	16	1.0000
apples_frag	L1384051	4	1.0000
apples_frag	L1393346	11	1.0000
apples_frag	L1394372	11	1.0000
apples_frag	L1398058	8	1.0000
apples_frag	L1398565	9	1.0000
apples_frag	L1400233	0	1.0000
apples_frag	L1400557	5	1.0000
apples_frag	L1403214	8	1.0000
apples_frag	L1409097	0	1.0000
apples_frag	L1409378	0	1.0000
apples_frag	L1410763	8	1.0000
apples_frag	L1410905	7	1.0000
apples_frag	L1411655	1	1.0000
apples_frag	L1421095	5	1.0000
apples_frag	L1421423	10	1.0000
apples_frag	L1431164	3	1.0000
apples_frag	L1435268	4	1.0000
apples_frag	L1438447	4	1.0000
apples_frag	L1440099	2	1.0000
apples_frag	L1440354	13	1.0000
apples_frag	L1440579	5	1.0000
apples_frag	L1441065	3	1.0000
apples_frag	L1442950	1	1.0000
apples_frag	L144630	3	1.0000
apples_frag	L144966	2	1.0000
apples_frag	L1450044	13	1.0000
apples_frag	L145721	5	1.0000
apples_frag	L1463127	7	1.0000
apples_frag	L1463808	11	1.0000
apples_frag	L1468044	2	1.0000
apples_frag	L1468317	5	1.0000
apples_frag	L1470882	0	1.0000
apples_frag	L1472026	3	1.0000
apples_frag	L1475336	8	1.0000
apples_frag	L1477	4	1.0000
apples_frag	L1477137	8	1.0000
apples_frag	L1478713	10	1.0000
apples_frag	L1479097	3	1.0000
apples_frag	L1482186	7	1.0000
apples_frag	L1483022	8	1.0000
apples_frag	L1485252	1	1.0000
apples_frag	L1487868	6	1.0000
apples_frag	L1489958	6	1.0000
apples_frag	L1491338	6	1.0000
apples_frag	L1491406	6	1.0000
apples_frag	L1492427	1	1.0000
apples_frag	L1494927	6	1.0000
apples_frag	L1496723	0	1.0000
apples_frag	L14998	3	1.0000
apples_frag	L1500041	9	1.0000
apples_frag	L1500792	11	1.0000
apples_frag	L1501054	8	1.0000
apples_frag	L1501117	9	1.0000
apples_frag	L150284	9	1.0000
apples_frag	L1503080	9	1.0000
apples_frag	L1506056	10	1.0000
apples_frag	L1506305	0	1.0000
apples_frag	L1507593	3	1.0000
apples_frag	L1507721	3	1.0000
apples_frag	L1509635	0	1.0000
apples_frag	L1511077	11	1.0000
apples_frag	L1511516	12	1.0000
apples_frag	L151270	3	1.0000
apples_frag	L1513453	1	1.0000
apples_frag	L1513508	16	1.0000
apples_frag	L1514059	9	1.0000
apples_frag	L151434	0	1.0000
apples_frag	L1520281	15	1.0000
apples_frag	L1522665	11	1.0000
apples_frag	L1525581	11	1.0000
apples_frag	L152670	4	1.0000
apples_frag	L1527449	11	1.0000
apples_frag	L1532593	13	1.0000
apples_frag	L1537084	9	1.0000
apples_frag	L1545445	4	1.0000
apples_frag	L1549764	7	1.0000
apples_frag	L1553511	6	1.0000
apples_frag	L1555961	6	1.0000
apples_frag	L1556158	3	1.0000
apples_frag	L1559085	1	1.0000
apples_frag	L1559370	5	1.0000
apples_frag	L1561684	13	1.0000
apples_frag	L1563921	10	1.0000
apples_frag	L1564440	12	1.0000
apples_frag	L1564788	5	1.0000
apples_frag	L1570442	9	1.0000
apples_frag	L1577548	8	1.0000
apples_frag	L1582773	11	1.0000
apples_frag	L1586476	0	1.0000
apples_frag	L1591774	7	1.0000
apples_frag	L1592464	10	1.0000
apples_frag	L1592890	11	1.0000
apples_frag	L1593009	10	1.0000
apples_frag	L1594265	8	1.0000
apples_frag	L15949	4	1.0000
apples_frag	L1595729	2	1.0000
apples_frag	L1596023	12	1.0000
apples_frag	L1596979	7	1.0000
apples_frag	L1599150	6	1.0000
apples_frag	L1605496	5	1.0000
apples_frag	L1608356	9	1.0000
apples_frag	L1608408	3	1.0000
apples_frag	L1609523	7	1.0000
apples_frag	L1611831	11	1.0000
apples_frag	L1613719	14	1.0000
apples_frag	L1613862	5	1.0000
apples_frag	L1614892	7	1.0000
apples_frag	L1615590	0	1.0000
apples_frag	L1616879	2	1.0000
apples_frag	L1617022	11	1.0000
apples_frag	L1619438	9	1.0000
apples_frag	L1619907	10	1.0000
apples_frag	L1620099	8	1.0000
apples_frag	L1622776	11	1.0000
apples_frag	L1622804	18	1.0000
apples_frag	L1623315	18	1.0000
apples_frag	L1625869	16	1.0000
apples_frag	L1632251	17	1.0000
apples_frag	L1632593	12	1.0000
apples_frag	L1633409	7	1.0000
apples_frag	L163519	4	1.0000
apples_frag	L1635479	0	1.0000
apples_frag	L1638116	4	1.0000
apples_frag	L1642892	14	1.0000
apples_frag	L1647022	3	1.0000
apples_frag	L1649256	10	1.0000
apples_frag	L1650196	8	1.0000
apples_frag	L1654301	3	1.0000
apples_frag	L1656331	10	1.0000
apples_frag	L1657868	4	1.0000
apples_frag	L1658774	9	1.0000
apples_frag	L1660134	18	1.0000
apples_frag	L166249	0	1.0000
apples_frag	L1663458	12	1.0000
apples_frag	L16644	3	1.0000
apples_frag	L1664922	11	1.0000
apples_frag	L1666954	16	1.0000
apples_frag	L1668737	1	1.0000
apples_frag	L167239	11	1.0000
apples_frag	L167308	7	1.0000
apples_frag	L1673443	8	1.0000
apples_frag	L1677915	9	1.0000
apples_frag	L1679070	2	1.0000
apples_frag	L1679327	8	1.0000
apples_frag	L1681571	9	1.0000
apples_frag	L1683975	17	1.0000
apples_frag	L1687257	5	1.0000
apples_frag	L1689425	11	1.0000
apples_frag	L1690704	18	1.0000
apples_frag	L1690718	10	1.0000
apples_frag	L1692614	11	1.0000
apples_frag	L1693021	11	1.0000
apples_frag	L1693729	1	1.0000
apples_frag	L1698795	14	1.0000
apples_frag	L1700325	12	1.0000
apples_frag	L1701759	11	1.0000
apples_frag	L1706009	2	1.0000
apples_frag	L1710196	10	1.0000
apples_frag	L1713230	13	1.0000
apples_frag	L1714485	19	1.0000
apples_frag	L1715650	12	1.0000
apples_frag	L1717886	15	1.0000
apples_frag	L1720587	16	1.0000
apples_frag	L1721987	14	1.0000
apples_frag	L1722777	0	1.0000
apples_frag	L1724773	15	1.0000
apples_frag	L1725448	17	1.0000
apples_frag	L1727481	11	1.0000
apples_frag	L1728562	8	1.0000
apples_frag	L1729015	2	1.0000
apples_frag	L1729974	6	1.0000
apples_frag	L1731527	13	1.0000
apples_frag	L173383	2	1.0000
apples_frag	L1735097	9	1.0000
apples_frag	L1736351	5	1.0000
apples_frag	L1736591	0	1.0000
apples_frag	L1739879	14	1.0000
apples_frag	L1741008	10	1.0000
apples_frag	L1741461	15	1.0000
apples_frag	L174176	1	1.0000
apples_frag	L1741919	12	1.0000
apples_frag	L1743480	3	1.0000
apples_frag	L1744154	10	1.0000
apples_frag	L1746595	0	1.0000
apples_frag	L1748112	0	1.0000
apples_frag	L1748957	15	1.0000
apples_frag	L1749257	4	1.0000
apples_frag	L175348	13	1.0000
apples_frag	L1753832	10	1.0000
apples_frag	L1755416	15	1.0000
apples_frag	L1758324	9	1.0000
apples_frag	L1758608	5	1.0000
apples_frag	L1758614	12	1.0000
apples_frag	L1758704	9	1.0000
apples_frag	L1762064	5	1.0000
apples_frag	L1765663	6	1.0000
apples_frag	L1766093	5	1.0000
apples_frag	L176738	8	1.0000
apples_frag	L1768336	4	1.0000
apples_frag	L176876	9	1.0000
apples_frag	L1768935	8	1.0000
apples_frag	L1770348	9	1.0000
apples_frag	L1770471	8	1.0000
apples_frag	L1772400	8	1.0000
apples_frag	L1774077	8	1.0000
apples_frag	L1774332	5	1.0000
apples_frag	L177650	1	1.0000
apples_frag	L1778239	9	1.0000
apples_frag	L1778753	6	1.0000
apples_frag	L1785009	7	1.0000
apples_frag	L1788156	6	1.0000
apples_frag	L179015	11	1.0000
apples_frag	L1790481	12	1.0000
apples_frag	L1791527	9	1.0000
apples_frag	L1792265	4	1.0000
apples_frag	L1793065	5	1.0000
apples_frag	L1794712	4	1.0000
apples_frag	L1794839	5	1.0000
apples_frag	L1796826	14	1.0000
apples_frag	L1797546	8	1.0000
apples_frag	L1798302	9	1.0000
apples_frag	L1799840	6	1.0000
apples_frag	L1801258	2	1.0000
apples_frag	L1802345	12	1.0000
apples_frag	L180509	10	1.0000
apples_frag	L1808966	5	1.0000
apples_frag	L1809234	8	1.0000
apples_frag	L1811231	3	1.0000
apples_frag	L1812445	6	1.0000
apples_frag	L1814309	4	1.0000
apples_frag	L1816451	7	1.0000
apples_frag	L1817551	8	1.0000
apples_frag	L1820447	5	1.0000
apples_frag	L1821765	11	1.0000
apples_frag	L1822989	8	1.0000
apples_frag	L1823086	6	1.0000
apples_frag	L1825981	1	1.0000
apples_frag	L1826918	10	1.0000
apples_frag	L1830338	9	1.0000
apples_frag	L18313	7	1.0000
apples_frag	L1831368	6	1.0000
apples_frag	L183802	4	1.0000
apples_frag	L1838244	0	1.0000
apples_frag	L1838501	16	1.0000
apples_frag	L1838652	10	1.0000
apples_frag	L1840388	7	1.0000
apples_frag	L1848896	8	1.0000
apples_frag	L1856065	5	1.0000
apples_frag	L1857129	11	1.0000
apples_frag	L1858192	12	1.0000
apples_frag	L1858235	3	1.0000
apples_frag	L1859863	8	1.0000
apples_frag	L1860283	8	1.0000
apples_frag	L1867226	5	1.0000
apples_frag	L186847	7	1.0000
apples_frag	L1869818	15	1.0000
apples_frag	L1872590	0	1.0000
apples_frag	L1872595	2	1.0000
apples_frag	L1873245	5	1.0000
apples_frag	L1873642	10	1.0000
apples_frag	L1874928	6	1.0000
apples_frag	L1876149	6	1.0000
apples_frag	L18800	6	1.0000
apples_frag	L1882201	6	1.0000
apples_frag	L1882838	0	1.0000
apples_frag	L1883125	11	1.0000
apples_frag	L1883999	8	1.0000
apples_frag	L1886440	1	1.0000
apples_frag	L1889760	0	1.0000
apples_frag	L189322	3	1.0000
apples_frag	L1895575	6	1.0000
apples_frag	L1897444	6	1.0000
apples_frag	L1898605	0	1.0000
apples_frag	L1898611	7	1.0000
apples_frag	L190102	4	1.0000
apples_frag	L1902625	10	1.0000
apples_frag	L1905283	1	1.0000
apples_frag	L190650	1	1.0000
apples_frag	L190687	10	1.0000
apples_frag	L1908570	4	1.0000
apples_frag	L1909629	5	1.0000
apples_frag	L1911881	5	1.0000
apples_frag	L1912	0	1.0000
apples_frag	L191488	3	1.0000
apples_frag	L1920826	6	1.0000
apples_frag	L192237	8	1.0000
apples_frag	L1924744	12	1.0000
apples_frag	L1925847	3	1.0000
apples_frag	L1928273	6	1.0000
apples_frag	L1928790	3	1.0000
apples_frag	L1932241	2	1.0000
apples_frag	L1932659	0	1.0000
apples_frag	L1933206	6	1.0000
apples_frag	L1933253	5	1.0000
apples_frag	L1933970	2	1.0000
apples_frag	L1936643	5	1.0000
apples_frag	L1940497	10	1.0000
apples_frag	L1942177	5	1.0000
apples_frag	L1942305	3	1.0000
apples_frag	L1943673	8	1.0000
apples_frag	L1944226	4	1.0000
apples_frag	L1944640	6	1.0000
apples_frag	L1944904	3	1.0000
apples_frag	L194952	7	1.0000
apples_frag	L1951280	4	1.0000
apples_frag	L1952353	6	1.0000
apples_frag	L1953692	5	1.0000
apples_frag	L1954656	3	1.0000
apples_frag	L1955598	5	1.0000
apples_frag	L1955973	4	1.0000
apples_frag	L195908	3	1.0000
apples_frag	L1964032	4	1.0000
apples_frag	L1965961	1	1.0000
apples_frag	L1970360	5	1.0000
apples_frag	L1970493	6	1.0000
apples_frag	L1970551	5	1.0000
apples_frag	L1970668	7	1.0000
apples_frag	L1971017	5	1.0000
apples_frag	L1975091	3	1.0000
apples_frag	L1975857	4	1.0000
apples_frag	L197613	7	1.0000
apples_frag	L1976785	1	1.0000
apples_frag	L1981866	2	1.0000
apples_frag	L1982300	0	1.0000
apples_frag	L1983183	3	1.0000
apples_frag	L1986059	5	1.0000
apples_frag	L1990411	1	1.0000
apples_frag	L1991628	2	1.0000
apples_frag	L1994839	4	1.0000
apples_frag	L1996032	0	1.0000
apples_frag	L202116	1	1.0000
apples_frag	L204802	5	1.0000
apples_frag	L208863	12	1.0000
apples_frag	L209724	11	1.0000
apples_frag	L2105	3	1.0000
apples_frag	L210838	5	1.0000
apples_frag	L21151	2	1.0000
apples_frag	L216034	11	1.0000
apples_frag	L216528	8	1.0000
apples_frag	L217349	13	1.0000
apples_frag	L222365	4	1.0000
apples_frag	L225416	6	1.0000
apples_frag	L227476	1	1.0000
apples_frag	L228723	12	1.0000
apples_frag	L231682	6	1.0000
apples_frag	L232060	10	1.0000
apples_frag	L233375	6	1.0000
apples_frag	L235764	13	1.0000
apples_frag	L238858	5	1.0000
apples_frag	L243818	3	1.0000
apples_frag	L244003	6	1.0000
apples_frag	L244965	3	1.0000
apples_frag	L24866	2	1.0000
apples_frag	L250969	14	1.0000
apples_frag	L252902	16	1.0000
apples_frag	L253345	9	1.0000
apples_frag	L257043	5	1.0000
apples_frag	L257465	6	1.0000
apples_frag	L258378	15	1.0000
apples_frag	L258696	12	1.0000
apples_frag	L260842	10	1.0000
apples_frag	L260939	6	1.0000
apples_frag	L261190	10	1.0000
apples_frag	L267309	5	1.0000
apples_frag	L267846	0	1.0000
apples_frag	L270977	0	1.0000
apples_frag	L272730	0	1.0000
apples_frag	L273461	6	1.0000
apples_frag	L282320	14	1.0000
apples_frag	L283173	3	1.0000
apples_frag	L283368	9	1.0000
apples_frag	L288752	9	1.0000
apples_frag	L2888	8	1.0000
apples_frag	L293305	13	1.0000
apples_frag	L293537	8	1.0000
apples_frag	L294764	8	1.0000
apples_frag	L299364	14	1.0000
apples_frag	L299595	17	1.0000
apples_frag	L299782	7	1.0000
apples_frag	L300401	0	1.0000
apples_frag	L30336	1	1.0000
apples_frag	L310087	3	1.0000
apples_frag	L312118	12	1.0000
apples_frag	L318026	5	1.0000
apples_frag	L318722	7	1.0000
apples_frag	L31952	8	1.0000
apples_frag	L319839	2	1.0000
apples_frag	L319888	11	1.0000
apples_frag	L320440	7	1.0000
apples_frag	L321627	3	1.0000
apples_frag	L322333	12	1.0000
apples_frag	L322794	6	1.0000
apples_frag	L322866	11	1.0000
apples_frag	L324151	7	1.0000
apples_frag	L324946	8	1.0000
apples_frag	L32606	0	1.0000
apples_frag	L326205	3	1.0000
apples_frag	L327486	3	1.0000
apples_frag	L331805	6	1.0000
apples_frag	L331807	15	1.0000
apples_frag	L333401	5	1.0000
apples_frag	L333865	0	1.0000
apples_frag	L335478	6	1.0000
apples_frag	L336916	10	1.0000
apples_frag	L337726	9	1.0000
apples_frag	L343911	13	1.0000
apples_frag	L346110	0	1.0000
apples_frag	L35206	7	1.0000
apples_frag	L352100	1	1.0000
apples_frag	L353330	9	1.0000
apples_frag	L353755	13	1.0000
apples_frag	L354281	6	1.0000
apples_frag	L355469	6	1.0000
apples_frag	L355973	5	1.0000
apples_frag	L358098	4	1.0000
apples_frag	L358427	8	1.0000
apples_frag	L36185	5	1.0000
apples_frag	L36374	5	1.0000
apples_frag	L36393	12	1.0000
apples_frag	L364477	12	1.0000
apples_frag	L368265	15	1.0000
apples_frag	L369221	11	1.0000
apples_frag	L370516	8	1.0000
apples_frag	L375608	5	1.0000
apples_frag	L375999	7	1.0000
apples_frag	L376343	8	1.0000
apples_frag	L377914	9	1.0000
apples_frag	L380751	6	1.0000
apples_frag	L382166	8	1.0000
apples_frag	L382724	7	1.0000
apples_frag	L383909	11	1.0000
apples_frag	L385595	6	1.0000
apples_frag	L386761	12	1.0000
apples_frag	L38847	2	1.0000
apples_frag	L388838	15	1.0000
apples_frag	L390056	12	1.0000
apples_frag	L390847	15	1.0000
apples_frag	L391263	15	1.0000
apples_frag	L394934	7	1.0000
apples_frag	L396359	2	1.0000
apples_frag	L397005	0	1.0000
apples_frag	L398087	4	1.0000
apples_frag	L401127	9	1.0000
apples_frag	L402454	10	1.0000
apples_frag	L403424	13	1.0000
apples_frag	L405687	11	1.0000
apples_frag	L409413	8	1.0000
apples_frag	L411451	2	1.0000
apples_frag	L414909	12	1.0000
apples_frag	L414959	13	1.0000
apples_frag	L418437	0	1.0000
apples_frag	L419149	13	1.0000
apples_frag	L422199	13	1.0000
apples_frag	L42258	9	1.0000
apples_frag	L425262	17	1.0000
apples_frag	L425629	11	1.0000
apples_frag	L431467	11	1.0000
apples_frag	L433013	1	1.0000
apples_frag	L435219	8	1.0000
apples_frag	L442957	7	1.0000
apples_frag	L4469	3	1.0000
apples_frag	L446901	9	1.0000
apples_frag	L449888	4	1.0000
apples_frag	L450863	12	1.0000
apples_frag	L454426	4	1.0000
apples_frag	L456423	6	1.0000
apples_frag	L458224	4	1.0000
apples_frag	L45866	5	1.0000
apples_frag	L459126	6	1.0000
apples_frag	L459710	10	1.0000
apples_frag	L460845	10	1.0000
apples_frag	L462461	13	1.0000
apples_frag	L462611	5	1.0000
apples_frag	L465953	6	1.0000
apples_frag	L466572	3	1.0000
apples_frag	L469914	13	1.0000
apples_frag	L472973	14	1.0000
apples_frag	L47627	7	1.0000
apples_frag	L477052	11	1.0000
apples_frag	L477480	8	1.0000
apples_frag	L478354	23	1.0000
apples_frag	L480723	19	1.0000
apples_frag	L481009	7	1.0000
apples_frag	L481562	8	1.0000
apples_frag	L481889	7	1.0000
apples_frag	L482581	6	1.0000
apples_frag	L488483	10	1.0000
apples_frag	L494762	7	1.0000
apples_frag	L496946	0	1.0000
apples_frag	L497994	4	1.0000
apples_frag	L498642	3	1.0000
apples_frag	L499837	9	1.0000
apples_frag	L500481	6	1.0000
apples_frag	L501837	3	1.0000
apples_frag	L506324	1	1.0000
apples_frag	L5117	4	1.0000
apples_frag	L511916	14	1.0000
apples_frag	L515141	7	1.0000
apples_frag	L516046	5	1.0000
apples_frag	L520263	9	1.0000
apples_frag	L521167	3	1.0000
apples_frag	L521904	3	1.0000
apples_frag	L523867	4	1.0000
apples_frag	L524464	5	1.0000
apples_frag	L525527	4	1.0000
apples_frag	L529623	11	1.0000
apples_frag	L531061	9	1.0000
apples_frag	L533105	0	1.0000
apples_frag	L534964	9	1.0000
apples_frag	L535240	1	1.0000
apples_frag	L535400	2	1.0000
apples_frag	L536467	16	1.0000
apples_frag	L536524	10	1.0000
apples_frag	L539572	0	1.0000
apples_frag	L539623	3	1.0000
apples_frag	L541274	2	1.0000
apples_frag	L541585	0	1.0000
apples_frag	L543256	10	1.0000
apples_frag	L544561	9	1.0000
apples_frag	L545165	13	1.0000
apples_frag	L546910	4	1.0000
apples_frag	L548504	1	1.0000
apples_frag	L551442	12	1.0000
apples_frag	L555925	8	1.0000
apples_frag	L556696	4	1.0000
apples_frag	L559531	5	1.0000
apples_frag	L560176	5	1.0000
apples_frag	L561367	8	1.0000
apples_frag	L564679	5	1.0000
apples_frag	L566745	5	1.0000
apples_frag	L568989	2	1.0000
apples_frag	L570772	4	1.0000
apples_frag	L572521	13	1.0000
apples_frag	L577507	15	1.0000
apples_frag	L578197	14	1.0000
apples_frag	L584866	3	1.0000
apples_frag	L586948	9	1.0000
apples_frag	L589777	6	1.0000
apples_frag	L589868	3	1.0000
apples_frag	L590205	4	1.0000
apples_frag	L59044	3	1.0000
apples_frag	L599511	12	1.0000
apples_frag	L60389	1	1.0000
apples_frag	L614050	14	1.0000
apples_frag	L617862	7	1.0000
apples_frag	L620966	10	1.0000
apples_frag	L623278	8	1.0000
apples_frag	L62337	2	1.0000
apples_frag	L626238	9	1.0000
apples_frag	L626353	2	1.0000
apples_frag	L62839	4	1.0000
apples_frag	L632457	7	1.0000
apples_frag	L635118	1	1.0000
apples_frag	L636888	5	1.0000
apples_frag	L639959	15	1.0000
apples_frag	L640160	7	1.0000
apples_frag	L641936	20	1.0000
apples_frag	L642984	0	1.0000
apples_frag	L644406	12	1.0000
apples_frag	L644497	0	1.0000
apples_frag	L646751	8	1.0000
apples_frag	L649091	8	1.0000
apples_frag	L652753	5	1.0000
apples_frag	L657061	10	1.0000
apples_frag	L657332	7	1.0000
apples_frag	L657537	5	1.0000
apples_frag	L658591	8	1.0000
apples_frag	L659549	6	1.0000
apples_frag	L660443	2	1.0000
apples_frag	L663427	5	1.0000
apples_frag	L665914	4	1.0000
apples_frag	L666180	11	1.0000
apples_frag	L667013	6	1.0000
apples_frag	L667839	0	1.0000
apples_frag	L669436	2	1.0000
apples_frag	L66992	14	1.0000
apples_frag	L677371	0	1.0000
apples_frag	L678289	5	1.0000
apples_frag	L678676	11	1.0000
apples_frag	L679717	5	1.0000
apples_frag	L680683	5	1.0000
apples_frag	L681033	7	1.0000
apples_frag	L681532	1	1.0000
apples_frag	L681559	6	1.0000
apples_frag	L681852	7	1.0000
apples_frag	L684567	5	1.0000
apples_frag	L685962	3	1.0000
apples_frag	L686506	4	1.0000
apples_frag	L689721	5	1.0000
apples_frag	L691596	4	1.0000
apples_frag	L692386	2	1.0000
apples_frag	L693733	10	1.0000
apples_frag	L694998	5	1.0000
apples_frag	L699028	1	1.0000
apples_frag	L700056	6	1.0000
apples_frag	L700404	10	1.0000
apples_frag	L702168	2	1.0000
apples_frag	L70331	12	1.0000
apples_frag	L704136	9	1.0000
apples_frag	L704338	9	1.0000
apples_frag	L705787	10	1.0000
apples_frag	L706127	9	1.0000
apples_frag	L706802	7	1.0000
apples_frag	L707187	6	1.0000
apples_frag	L710321	0	1.0000
apples_frag	L711529	14	1.0000
apples_frag	L71277	8	1.0000
apples_frag	L713051	0	1.0000
apples_frag	L715677	2	1.0000
apples_frag	L716679	4	1.0000
apples_frag	L720310	11	1.0000
apples_frag	L720918	0	1.0000
apples_frag	L722647	12	1.0000
apples_frag	L722885	6	1.0000
apples_frag	L725643	4	1.0000
apples_frag	L730413	17	1.0000
apples_frag	L731956	0	1.0000
apples_frag	L736973	7	1.0000
apples_frag	L740874	5	1.0000
apples_frag	L741246	0	1.0000
apples_frag	L742863	8	1.0000
apples_frag	L743451	13	1.0000
apples_frag	L748093	5	1.0000
apples_frag	L751266	2	1.0000
apples_frag	L752342	8	1.0000
apples_frag	L752475	9	1.0000
apples_frag	L752653	14	1.0000
apples_frag	L75387	0	1.0000
apples_frag	L754764	4	1.0000
apples_frag	L755702	11	1.0000
apples_frag	L759676	4	1.0000
apples_frag	L759690	1	1.0000
apples_frag	L759925	2	1.0000
apples_frag	L760304	4	1.0000
apples_frag	L762113	8	1.0000
apples_frag	L762771	5	1.0000
apples_frag	L763808	15	1.0000
apples_frag	L764107	6	1.0000
apples_frag	L764127	8	1.0000
apples_frag	L764282	0	1.0000
apples_frag	L764916	11	1.0000
apples_frag	L77164	9	1.0000
apples_frag	L773134	14	1.0000
apples_frag	L774588	6	1.0000
apples_frag	L774738	6	1.0000
apples_frag	L775906	11	1.0000
apples_frag	L778698	5	1.0000
apples_frag	L779464	10	1.0000
apples_frag	L779937	8	1.0000
apples_frag	L780609	7	1.0000
apples_frag	L784473	14	1.0000
apples_frag	L787550	14	1.0000
apples_frag	L789409	9	1.0000
apples_frag	L790771	12	1.0000
apples_frag	L792951	19	1.0000
apples_frag	L79315	5	1.0000
apples_frag	L793490	11	1.0000
apples_frag	L79406	22	1.0000
apples_frag	L79610	18	1.0000
apples_frag	L796809	14	1.0000
apples_frag	L798449	17	1.0000
apples_frag	L801473	9	1.0000
apples_frag	L801620	8	1.0000
apples_frag	L801738	10	1.0000
apples_frag	L803364	11	1.0000
apples_frag	L803613	3	1.0000
apples_frag	L804778	13	1.0000
apples_frag	L808364	15	1.0000
apples_frag	L809372	17	1.0000
apples_frag	L809693	11	1.0000
apples_frag	L811734	15	1.0000
apples_frag	L81215	0	1.0000
apples_frag	L812450	0	1.0000
apples_frag	L812672	13	1.0000
apples_frag	L815977	2	1.0000
apples_frag	L816644	10	1.0000
apples_frag	L81909	6	1.0000
apples_frag	L819563	6	1.0000
apples_frag	L821100	3	1.0000
apples_frag	L822334	16	1.0000
apples_frag	L824223	4	1.0000
apples_frag	L827048	8	1.0000
apples_frag	L827129	11	1.0000
apples_frag	L829233	1	1.0000
apples_frag	L83001	25	1.0000
apples_frag	L830371	7	1.0000
apples_frag	L832923	3	1.0000
apples_frag	L834579	9	1.0000
apples_frag	L834622	1	1.0000
apples_frag	L837955	3	1.0000
apples_frag	L843972	9	1.0000
apples_frag	L845031	10	1.0000
apples_frag	L846960	0	1.0000
apples_frag	L847988	4	1.0000
apples_frag	L849505	14	1.0000
apples_frag	L851847	2	1.0000
apples_frag	L853299	7	1.0000
apples_frag	L855747	7	1.0000
apples_frag	L855935	9	1.0000
apples_frag	L856753	7	1.0000
apples_frag	L85748	1	1.0000
apples_frag	L858843	9	1.0000
apples_frag	L862725	6	1.0000
apples_frag	L864050	13	1.0000
apples_frag	L86679	9	1.0000
apples_frag	L868640	0	1.0000
apples_frag	L869371	18	1.0000
apples_frag	L869433	2	1.0000
apples_frag	L873249	1	1.0000
apples_frag	L883133	11	1.0000
apples_frag	L883660	6	1.0000
apples_frag	L884453	12	1.0000
apples_frag	L885068	18	1.0000
apples_frag	L885624	12	1.0000
apples_frag	L886084	14	1.0000
apples_frag	L886474	14	1.0000
apples_frag	L886813	1	1.0000
apples_frag	L888328	15	1.0000
apples_frag	L888339	6	1.0000
apples_frag	L888692	10	1.0000
apples_frag	L892540	15	1.0000
apples_frag	L894181	1	1.0000
apples_frag	L895192	1	1.0000
apples_frag	L895682	8	1.0000
apples_frag	L898645	5	1.0000
apples_frag	L900297	9	1.0000
apples_frag	L902295	12	1.0000
apples_frag	L902514	11	1.0000
apples_frag	L906439	16	1.0000
apples_frag	L907227	12	1.0000
apples_frag	L90734	2	1.0000
apples_frag	L909856	5	1.0000
apples_frag	L910412	8	1.0000
apples_frag	L910841	3	1.0000
apples_frag	L911364	8	1.0000
apples_frag	L912237	8	1.0000
apples_frag	L913833	3	1.0000
apples_frag	L914150	10	1.0000
apples_frag	L914195	4	1.0000
apples_frag	L91480	12	1.0000
apples_frag	L918005	15	1.0000
apples_frag	L918018	7	1.0000
apples_frag	L923738	7	1.0000
apples_frag	L924400	6	1.0000
apples_frag	L925260	5	1.0000
apples_frag	L928875	13	1.0000
apples_frag	L93124	15	1.0000
apples_frag	L93295	3	1.0000
apples_frag	L933087	13	1.0000
apples_frag	L933852	10	1.0000
apples_frag	L936253	0	1.0000
apples_frag	L940767	7	1.0000
apples_frag	L941368	3	1.0000
apples_frag	L941926	0	1.0000
apples_frag	L942873	2	1.0000
apples_frag	L943752	2	1.0000
apples_frag	L948601	9	1.0000
apples_frag	L94945	6	1.0000
apples_frag	L949761	15	1.0000
apples_frag	L953203	7	1.0000
apples_frag	L95620	20	1.0000
apples_frag	L957565	12	1.0000
apples_frag	L960419	15	1.0000
apples_frag	L962289	9	1.0000
apples_frag	L96262	4	1.0000
apples_frag	L962680	11	1.0000
apples_frag	L967795	12	1.0000
apples_frag	L968437	8	1.0000
apples_frag	L969615	1	1.0000
apples_frag	L970400	9	1.0000
apples_frag	L972698	9	1.0000
apples_frag	L974207	9	1.0000
apples_frag	L979330	16	1.0000
apples_frag	L983346	11	1.0000
apples_frag	L984768	11	1.0000
apples_frag	L984796	2	1.0000
apples_frag	L985204	18	1.0000
apples_frag	L985959	1	1.0000
apples_frag	L986820	8	1.0000
apples_frag	L989999	13	1.0000
apples_frag	L994491	13	1.0000
apples_frag	L997717	5	1.0000
apples_frag	L998540	11	1.0000
apples_full	L1002585	0	1.0000
apples_full	L1004185	2	1.0000
apples_full	L1005032	2	1.0000
apples_full	L1011227	6	1.0000
apples_full	L1012049	2	1.0000
apples_full	L1012199	3	1.0000
apples_full	L1016849	7	1.0000
apples_full	L1017537	1	1.0000
apples_full	L1021907	2	1.0000
apples_full	L1024044	2	1.0000
apples_full	L1024542	5	1.0000
apples_full	L1025399	0	1.0000
apples_full	L1026799	1	1.0000
apples_full	L102922	1	1.0000
apples_full	L1029951	1	1.0000
apples_full	L1030819	1	1.0000
apples_full	L103249	2	1.0000
apples_full	L1036266	1	1.0000
apples_full	L1036426	0	1.0000
apples_full	L1038977	4	1.0000
apples_full	L1044163	2	1.0000
apples_full	L1044444	3	1.0000
apples_full	L1046348	3	1.0000
apples_full	L1046966	3	1.0000
apples_full	L1050743	1	1.0000
apples_full	L1052309	3	1.0000
apples_full	L1053445	0	1.0000
apples_full	L1054346	2	1.0000
apples_full	L1055550	0	1.0000
apples_full	L1058576	2	1.0000
apples_full	L1060120	2	1.0000
apples_full	L1061482	3	1.0000
apples_full	L1061587	3	1.0000
apples_full	L1062126	1	1.0000
apples_full	L1063587	1	1.0000
apples_full	L1064227	1	1.0000
apples_full	L1065804	2	1.0000
apples_full	L1068964	1	1.0000
apples_full	L1069832	1	1.0000
apples_full	L1071754	1	1.0000
apples_full	L1072449	0	1.0000
apples_full	L1073165	1	1.0000
apples_full	L1075189	1	1.0000
apples_full	L1081827	3	1.0000
apples_full	L1082663	1	1.0000
apples_full	L1083972	5	1.0000
apples_full	L1085175	3	1.0000
apples_full	L1087086	4	1.0000
apples_full	L1087105	4	1.0000
apples_full	L1089119	1	1.0000
apples_full	L1090631	2	1.0000
apples_full	L1091178	2	1.0000
apples_full	L1091281	2	1.0000
apples_full	L1091323	2	1.0000
apples_full	L1091479	2	1.0000
apples_full	L1092388	1	1.0000
apples_full	L1096376	0	1.0000
apples_full	L1099155	1	1.0000
apples_full	L1101520	0	1.0000
apples_full	L1106265	0	1.0000
apples_full	L1106965	2	1.0000
apples_full	L1107538	0	1.0000
apples_full	L1109734	0	1.0000
apples_full	L1110523	3	1.0000
apples_full	L1116847	0	1.0000
apples_full	L1117806	0	1.0000
apples_full	L1123172	2	1.0000
apples_full	L112480	0	1.0000
apples_full	L1125468	2	1.0000
apples_full	L1125564	1	1.0000
apples_full	L1126749	0	1.0000
apples_full	L1127804	4	1.0000
apples_full	L1128821	1	1.0000
apples_full	L1132817	0	1.0000
apples_full	L1134826	1	1.0000
apples_full	L1135019	1	1.0000
apples_full	L113844	5	1.0000
apples_full	L1138559	1	1.0000
apples_full	L1139573	2	1.0000
apples_full	L1142178	3	1.0000
apples_full	L1143584	3	1.0000
apples_full	L1146782	3	1.0000
apples_full	L1148275	3	1.0000
apples_full	L1148681	5	1.0000
apples_full	L1148861	3	1.0000
apples_full	L115160	1	1.0000
apples_full	L1152742	3	1.0000
apples_full	L1159462	2	1.0000
apples_full	L1160593	2	1.0000
apples_full	L1166860	2	1.0000
apples_full	L1169308	3	1.0000
apples_full	L1171933	0	1.0000
apples_full	L1175689	2	1.0000
apples_full	L1176510	0	1.0000
apples_full	L1176819	2	1.0000
apples_full	L1181526	2	1.0000
apples_full	L1184831	1	1.0000
apples_full	L1188236	3	1.0000
apples_full	L1189606	0	1.0000
apples_full	L1190029	0	1.0000
apples_full	L1192003	2	1.0000
apples_full	L1193093	2	1.0000
apples_full	L1193626	1	1.0000
apples_full	L1194943	3	1.0000
apples_full	L1200114	2	1.0000
apples_full	L1200373	1	1.0000
apples_full	L1202626	3	1.0000
apples_full	L1203652	1	1.0000
apples_full	L1205967	2	1.0000
apples_full	L1206149	1	1.0000
apples_full	L1208940	0	1.0000
apples_full	L120959	1	1.0000
apples_full	L1211345	0	1.0000
apples_full	L1212637	1	1.0000
apples_full	L1212861	2	1.0000
apples_full	L121334	2	1.0000
apples_full	L1215236	4	1.0000
apples_full	L1217544	0	1.0000
apples_full	L1217630	0	1.0000
apples_full	L1218521	0	1.0000
apples_full	L121873	0	1.0000
apples_full	L1218743	0	1.0000
apples_full	L1219260	1	1.0000
apples_full	L1219324	2	1.0000
apples_full	L1223018	3	1.0000
apples_full	L12241	2	1.0000
apples_full	L122411	2	1.0000
apples_full	L1228313	0	1.0000
apples_full	L1228316	0	1.0000
apples_full	L1228698	0	1.0000
apples_full	L1229975	0	1.0000
apples_full	L1233030	1	1.0000
apples_full	L1234322	1	1.0000
apples_full	L1235564	0	1.0000
apples_full	L1237368	1	1.0000
apples_full	L1242536	6	1.0000
apples_full	L1243882	0	1.0000
apples_full	L1244427	1	1.0000
apples_full	L1247700	0	1.0000
apples_full	L1249050	2	1.0000
apples_full	L1252273	0	1.0000
apples_full	L1252715	2	1.0000
apples_full	L125500	1	1.0000
apples_full	L125644	0	1.0000
apples_full	L1263639	0	1.0000
apples_full	L1263909	2	1.0000
apples_full	L1267300	1	1.0000
apples_full	L1267973	1	1.0000
apples_full	L1268056	0	1.0000
apples_full	L1269000	3	1.0000
apples_full	L1269225	3	1.0000
apples_full	L1269960	4	1.0000
apples_full	L1270519	4	1.0000
apples_full	L1271695	2	1.0000
apples_full	L1274988	1	1.0000
apples_full	L1277578	0	1.0000
apples_full	L1277861	0	1.0000
apples_full	L1281298	0	1.0000
apples_full	L1283746	0	1.0000
apples_full	L1284558	3	1.0000
apples_full	L1286758	1	1.0000
apples_full	L1291250	2	1.0000
apples_full	L129208	1	1.0000
apples_full	L1292363	0	1.0000
apples_full	L1292503	0	1.0000
apples_full	L1294408	1	1.0000
apples_full	L1294453	1	1.0000
apples_full	L1294952	1	1.0000
apples_full	L1297512	1	1.0000
apples_full	L1298142	1	1.0000
apples_full	L1299862	0	1.0000
apples_full	L1302458	3	1.0000
apples_full	L1307852	1	1.0000
apples_full	L130839	1	1.0000
apples_full	L1309046	1	1.0000
apples_full	L1314993	1	1.0000
apples_full	L1316645	2	1.0000
apples_full	L1316673	2	1.0000
apples_full	L1319261	2	1.0000
apples_full	L1320029	2	1.0000
apples_full	L1321139	2	1.0000
apples_full	L1322298	1	1.0000
apples_full	L1325043	0	1.0000
apples_full	L1328601	6	1.0000
apples_full	L1330004	2	1.0000
apples_full	L1334204	2	1.0000
apples_full	L1334727	1	1.0000
apples_full	L1337969	2	1.0000
apples_full	L1338440	1	1.0000
apples_full	L1338867	2	1.0000
apples_full	L13406	0	1.0000
apples_full	L1341334	0	1.0000
apples_full	L1342936	3	1.0000
apples_full	L1343571	1	1.0000
apples_full	L134770	1	1.0000
apples_full	L1348767	2	1.0000
apples_full	L1349954	0	1.0000
apples_full	L1350260	3	1.0000
apples_full	L1354350	2	1.0000
apples_full	L1358832	0	1.0000
apples_full	L1362201	1	1.0000
apples_full	L1362636	1	1.0000
apples_full	L1365362	1	1.0000
apples_full	L1366477	2	1.0000
apples_full	L1369644	1	1.0000
apples_full	L13698	1	1.0000
apples_full	L1371092	1	1.0000
apples_full	L1372683	0	1.0000
apples_full	L1372686	0	1.0000
apples_full	L1373403	0	1.0000
apples_full	L1378339	3	1.0000
apples_full	L1379425	1	1.0000
apples_full	L1380845	0	1.0000
apples_full	L1382177	0	1.0000
apples_full	L1382936	1	1.0000
apples_full	L1382969	0	1.0000
apples_full	L1383932	3	1.0000
apples_full	L1384051	1	1.0000
apples_full	L1393346	1	1.0000
apples_full	L1394372	3	1.0000
apples_full	L1398058	0	1.0000
apples_full	L1398565	2	1.0000
apples_full	L1400233	0	1.0000
apples_full	L1400557	4	1.0000
apples_full	L1403214	0	1.0000
apples_full	L1409097	0	1.0000
apples_full	L1409378	0	1.0000
apples_full	L1410763	0	1.0000
apples_full	L1410905	0	1.0000
apples_full	L1411655	1	1.0000
apples_full	L1421095	0	1.0000
apples_full	L1421423	3	1.0000
apples_full	L1431164	0	1.0000
apples_full	L1435268	2	1.0000
apples_full	L1438447	0	1.0000
apples_full	L1440099	0	1.0000
apples_full	L1440354	3	1.0000
apples_full	L1440579	3	1.0000
apples_full	L1441065	3	1.0000
apples_full	L1442950	1	1.0000
apples_full	L144630	3	1.0000
apples_full	L144966	1	1.0000
apples_full	L1450044	1	1.0000
apples_full	L145721	1	1.0000
apples_full	L1463127	1	1.0000
apples_full	L1463808	1	1.0000
apples_full	L1468044	1	1.0000
apples_full	L1468317	1	1.0000
apples_full	L1470882	0	1.0000
apples_full	L1472026	0	1.0000
apples_full	L1475336	0	1.0000
apples_full	L1477	3	1.0000
apples_full	L1477137	2	1.0000
apples_full	L1478713	3	1.0000
apples_full	L1479097	3	1.0000
apples_full	L1482186	2	1.0000
apples_full	L1483022	1	1.0000
apples_full	L1485252	1	1.0000
apples_full	L1487868	3	1.0000
apples_full	L1489958	1	1.0000
apples_full	L1491338	0	1.0000
apples_full	L1491406	2	1.0000
apples_full	L1492427	1	1.0000
apples_full	L1494927	0	1.0000
apples_full	L1496723	2	1.0000
apples_full	L14998	1	1.0000
apples_full	L1500041	0	1.0000
apples_full	L1500792	2	1.0000
apples_full	L1501054	3	1.0000
apples_full	L1501117	3	1.0000
apples_full	L150284	2	1.0000
apples_full	L1503080	1	1.0000
apples_full	L1506056	0	1.0000
apples_full	L1506305	2	1.0000
apples_full	L1507593	3	1.0000
apples_full	L1507721	3	1.0000
apples_full	L1509635	3	1.0000
apples_full	L1511077	3	1.0000
apples_full	L1511516	8	1.0000
apples_full	L151270	1	1.0000
apples_full	L1513453	1	1.0000
apples_full	L1513508	1	1.0000
apples_full	L1514059	3	1.0000
apples_full	L151434	0	1.0000
apples_full	L1520281	7	1.0000
apples_full	L1522665	3	1.0000
apples_full	L1525581	4	1.0000
apples_full	L152670	2	1.0000
apples_full	L1527449	3	1.0000
apples_full	L1532593	3	1.0000
apples_full	L1537084	8	1.0000
apples_full	L1545445	1	1.0000
apples_full	L1549764	2	1.0000
apples_full	L1553511	4	1.0000
apples_full	L1555961	1	1.0000
apples_full	L1556158	2	1.0000
apples_full	L1559085	0	1.0000
apples_full	L1559370	0	1.0000
apples_full	L1561684	2	1.0000
apples_full	L1563921	1	1.0000
apples_full	L1564440	2	1.0000
apples_full	L1564788	3	1.0000
apples_full	L1570442	1	1.0000
apples_full	L1577548	0	1.0000
apples_full	L1582773	2	1.0000
apples_full	L1586476	6	1.0000
apples_full	L1591774	7	1.0000
apples_full	L1592464	2	1.0000
apples_full	L1592890	2	1.0000
apples_full	L1593009	5	1.0000
apples_full	L1594265	5	1.0000
apples_full	L15949	0	1.0000
apples_full	L1595729	3	1.0000
apples_full	L1596023	0	1.0000
apples_full	L1596979	2	1.0000
apples_full	L1599150	0	1.0000
apples_full	L1605496	2	1.0000
apples_full	L1608356	2	1.0000
apples_full	L1608408	2	1.0000
apples_full	L1609523	7	1.0000
apples_full	L1611831	4	1.0000
apples_full	L1613719	2	1.0000
apples_full	L1613862	4	1.0000
apples_full	L1614892	0	1.0000
apples_full	L1615590	3	1.0000
apples_full	L1616879	6	1.0000
apples_full	L1617022	7	1.0000
apples_full	L1619438	4	1.0000
apples_full	L1619907	6	1.0000
apples_full	L1620099	6	1.0000
apples_full	L1622776	1	1.0000
apples_full	L1622804	1	1.0000
apples_full	L1623315	3	1.0000
apples_full	L1625869	6	1.0000
apples_full	L1632251	4	1.0000
apples_full	L1632593	3	1.0000
apples_full	L1633409	5	1.0000
apples_full	L163519	3	1.0000
apples_full	L1635479	3	1.0000
apples_full	L1638116	4	1.0000
apples_full	L1642892	2	1.0000
apples_full	L1647022	6	1.0000
apples_full	L1649256	2	1.0000
apples_full	L1650196	5	1.0000
apples_full	L1654301	12	1.0000
apples_full	L1656331	6	1.0000
apples_full	L1657868	12	1.0000
apples_full	L1658774	2	1.0000
apples_full	L1660134	6	1.0000
apples_full	L166249	0	1.0000
apples_full	L1663458	11	1.0000
apples_full	L16644	3	1.0000
apples_full	L1664922	4	1.0000
apples_full	L1666954	7	1.0000
apples_full	L1668737	1	1.0000
apples_full	L167239	1	1.0000
apples_full	L167308	1	1.0000
apples_full	L1673443	3	1.0000
apples_full	L1677915	2	1.0000
apples_full	L1679070	8	1.0000
apples_full	L1679327	2	1.0000
apples_full	L1681571	4	1.0000
apples_full	L1683975	3	1.0000
apples_full	L1687257	2	1.0000
apples_full	L1689425	5	1.0000
apples_full	L1690704	6	1.0000
apples_full	L1690718	5	1.0000
apples_full	L1692614	1	1.0000
apples_full	L1693021	1	1.0000
apples_full	L1693729	1	1.0000
apples_full	L1698795	3	1.0000
apples_full	L1700325	2	1.0000
apples_full	L1701759	1	1.0000
apples_full	L1706009	5	1.0000
apples_full	L1710196	10	1.0000
apples_full	L1713230	1	1.0000
apples_full	L1714485	6	1.0000
apples_full	L1715650	4	1.0000
apples_full	L1717886	1	1.0000
apples_full	L1720587	16	1.0000
apples_full	L1721987	8	1.0000
apples_full	L1722777	5	1.0000
apples_full	L1724773	15	1.0000
apples_full	L1725448	3	1.0000
apples_full	L1727481	3	1.0000
apples_full	L1728562	3	1.0000
apples_full	L1729015	2	1.0000
apples_full	L1729974	0	1.0000
apples_full	L1731527	1	1.0000
apples_full	L173383	3	1.0000
apples_full	L1735097	4	1.0000
apples_full	L1736351	0	1.0000
apples_full	L1736591	5	1.0000
apples_full	L1739879	2	1.0000
apples_full	L1741008	0	1.0000
apples_full	L1741461	6	1.0000
apples_full	L174176	0	1.0000
apples_full	L1741919	2	1.0000
apples_full	L1743480	5	1.0000
apples_full	L1744154	6	1.0000
apples_full	L1746595	2	1.0000
apples_full	L1748112	1	1.0000
apples_full	L1748957	3	1.0000
apples_full	L1749257	1	1.0000
apples_full	L175348	10	1.0000
apples_full	L1753832	1	1.0000
apples_full	L1755416	2	1.0000
apples_full	L1758324	0	1.0000
apples_full	L1758608	5	1.0000
apples_full	L1758614	5	1.0000
apples_full	L1758704	1	1.0000
apples_full	L1762064	1	1.0000
apples_full	L1765663	2	1.0000
apples_full	L1766093	2	1.0000
apples_full	L176738	0	1.0000
apples_full	L1768336	4	1.0000
apples_full	L176876	0	1.0000
apples_full	L1768935	5	1.0000
apples_full	L1770348	3	1.0000
apples_full	L1770471	3	1.0000
apples_full	L1772400	8	1.0000
apples_full	L1774077	4	1.0000
apples_full	L1774332	4	1.0000
apples_full	L177650	0	1.0000
apples_full	L1778239	2	1.0000
apples_full	L1778753	0	1.0000
apples_full	L1785009	3	1.0000
apples_full	L1788156	1	1.0000
apples_full	L179015	1	1.0000
apples_full	L1790481	4	1.0000
apples_full	L1791527	4	1.0000
apples_full	L1792265	2	1.0000
apples_full	L1793065	4	1.0000
apples_full	L1794712	3	1.0000
apples_full	L1794839	3	1.0000
apples_full	L1796826	5	1.0000
apples_full	L1797546	1	1.0000
apples_full	L1798302	0	1.0000
apples_full	L1799840	2	1.0000
apples_full	L1801258	2	1.0000
apples_full	L1802345	9	1.0000
apples_full	L180509	0	1.0000
apples_full	L1808966	2	1.0000
apples_full	L1809234	2	1.0000
apples_full	L1811231	1	1.0000
apples_full	L1812445	3	1.0000
apples_full	L1814309	1	1.0000
apples_full	L1816451	1	1.0000
apples_full	L1817551	6	1.0000
apples_full	L1820447	0	1.0000
apples_full	L1821765	5	1.0000
apples_full	L1822989	0	1.0000
apples_full	L1823086	1	1.0000
apples_full	L1825981	2	1.0000
apples_full	L1826918	0	1.0000
apples_full	L1830338	3	1.0000
apples_full	L18313	1	1.0000
apples_full	L1831368	4	1.0000
apples_full	L183802	9	1.0000
apples_full	L1838244	0	1.0000
apples_full	L1838501	2	1.0000
apples_full	L1838652	5	1.0000
apples_full	L1840388	4	1.0000
apples_full	L1848896	2	1.0000
apples_full	L1856065	1	1.0000
apples_full	L1857129	1	1.0000
apples_full	L1858192	1	1.0000
apples_full	L1858235	6	1.0000
apples_full	L1859863	6	1.0000
apples_full	L1860283	6	1.0000
apples_full	L1867226	2	1.0000
apples_full	L186847	1	1.0000
apples_full	L1869818	5	1.0000
apples_full	L1872590	0	1.0000
apples_full	L1872595	0	1.0000
apples_full	L1873245	2	1.0000
apples_full	L1873642	1	1.0000
apples_full	L1874928	4	1.0000
apples_full	L1876149	5	1.0000
apples_full	L18800	2	1.0000
apples_full	L1882201	4	1.0000
apples_full	L1882838	0	1.0000
apples_full	L1883125	3	1.0000
apples_full	L1883999	2	1.0000
apples_full	L1886440	1	1.0000
apples_full	L1889760	0	1.0000
apples_full	L189322	1	1.0000
apples_full	L1895575	1	1.0000
apples_full	L1897444	1	1.0000
apples_full	L1898605	0	1.0000
apples_full	L1898611	0	1.0000
apples_full	L190102	0	1.0000
apples_full	L1902625	2	1.0000
apples_full	L1905283	1	1.0000
apples_full	L190650	1	1.0000
apples_full	L190687	0	1.0000
apples_full	L1908570	2	1.0000
apples_full	L1909629	2	1.0000
apples_full	L1911881	2	1.0000
apples_full	L1912	0	1.0000
apples_full	L191488	1	1.0000
apples_full	L1920826	1	1.0000
apples_full	L192237	2	1.0000
apples_full	L1924744	1	1.0000
apples_full	L1925847	0	1.0000
apples_full	L1928273	3	1.0000
apples_full	L1928790	1	1.0000
apples_full	L1932241	2	1.0000
apples_full	L1932659	0	1.0000
apples_full	L1933206	2	1.0000
apples_full	L1933253	0	1.0000
apples_full	L1933970	2	1.0000
apples_full	L1936643	3	1.0000
apples_full	L1940497	1	1.0000
apples_full	L1942177	1	1.0000
apples_full	L1942305	1	1.0000
apples_full	L1943673	2	1.0000
apples_full	L1944226	1	1.0000
apples_full	L1944640	1	1.0000
apples_full	L1944904	2	1.0000
apples_full	L194952	2	1.0000
apples_full	L1951280	3	1.0000
apples_full	L1952353	4	1.0000
apples_full	L1953692	3	1.0000
apples_full	L1954656	3	1.0000
apples_full	L1955598	1	1.0000
apples_full	L1955973	2	1.0000
apples_full	L195908	2	1.0000
apples_full	L1964032	0	1.0000
apples_full	L1965961	2	1.0000
apples_full	L1970360	2	1.0000
apples_full	L1970493	2	1.0000
apples_full	L1970551	2	1.0000
apples_full	L1970668	2	1.0000
apples_full	L1971017	0	1.0000
apples_full	L1975091	1	1.0000
apples_full	L1975857	1	1.0000
apples_full	L197613	3	1.0000
apples_full	L1976785	1	1.0000
apples_full	L1981866	1	1.0000
apples_full	L1982300	0	1.0000
apples_full	L1983183	0	1.0000
apples_full	L1986059	3	1.0000
apples_full	L1990411	1	1.0000
apples_full	L1991628	0	1.0000
apples_full	L1994839	0	1.0000
apples_full	L1996032	0	1.0000
apples_full	L202116	1	1.0000
apples_full	L204802	1	1.0000
apples_full	L208863	1	1.0000
apples_full	L209724	5	1.0000
apples_full	L2105	1	1.0000
apples_full	L210838	0	1.0000
apples_full	L21151	0	1.0000
apples_full	L216034	3	1.0000
apples_full	L216528	2	1.0000
apples_full	L217349	1	1.0000
apples_full	L222365	1	1.0000
apples_full	L225416	0	1.0000
apples_full	L227476	1	1.0000
apples_full	L228723	1	1.0000
apples_full	L231682	0	1.0000
apples_full	L232060	0	1.0000
apples_full	L233375	1	1.0000
apples_full	L235764	1	1.0000
apples_full	L238858	0	1.0000
apples_full	L243818	1	1.0000
apples_full	L244003	3	1.0000
apples_full	L244965	2	1.0000
apples_full	L24866	4	1.0000
apples_full	L250969	1	1.0000
apples_full	L252902	0	1.0000
apples_full	L253345	1	1.0000
apples_full	L257043	3	1.0000
apples_full	L257465	3	1.0000
apples_full	L258378	0	1.0000
apples_full	L258696	0	1.0000
apples_full	L260842	2	1.0000
apples_full	L260939	2	1.0000
apples_full	L261190	0	1.0000
apples_full	L267309	1	1.0000
apples_full	L267846	0	1.0000
apples_full	L270977	0	1.0000
apples_full	L272730	0	1.0000
apples_full	L273461	2	1.0000
apples_full	L282320	0	1.0000
apples_full	L283173	3	1.0000
apples_full	L283368	5	1.0000
apples_full	L288752	1	1.0000
apples_full	L2888	3	1.0000
apples_full	L293305	1	1.0000
apples_full	L293537	0	1.0000
apples_full	L294764	1	1.0000
apples_full	L299364	3	1.0000
apples_full	L299595	3	1.0000
apples_full	L299782	3	1.0000
apples_full	L300401	0	1.0000
apples_full	L30336	1	1.0000
apples_full	L310087	3	1.0000
apples_full	L312118	2	1.0000
apples_full	L318026	3	1.0000
apples_full	L318722	4	1.0000
apples_full	L31952	1	1.0000
apples_full	L319839	1	1.0000
apples_full	L319888	1	1.0000
apples_full	L320440	2	1.0000
apples_full	L321627	1	1.0000
apples_full	L322333	4	1.0000
apples_full	L322794	2	1.0000
apples_full	L322866	3	1.0000
apples_full	L324151	0	1.0000
apples_full	L324946	4	1.0000
apples_full	L32606	6	1.0000
apples_full	L326205	1	1.0000
apples_full	L327486	0	1.0000
apples_full	L331805	6	1.0000
apples_full	L331807	6	1.0000
apples_full	L333401	6	1.0000
apples_full	L333865	4	1.0000
apples_full	L335478	5	1.0000
apples_full	L336916	6	1.0000
apples_full	L337726	5	1.0000
apples_full	L343911	11	1.0000
apples_full	L346110	4	1.0000
apples_full	L35206	1	1.0000
apples_full	L352100	1	1.0000
apples_full	L353330	3	1.0000
apples_full	L353755	2	1.0000
apples_full	L354281	1	1.0000
apples_full	L355469	3	1.0000
apples_full	L355973	5	1.0000
apples_full	L358098	0	1.0000
apples_full	L358427	0	1.0000
apples_full	L36185	5	1.0000
apples_full	L36374	5	1.0000
apples_full	L36393	5	1.0000
apples_full	L364477	5	1.0000
apples_full	L368265	7	1.0000
apples_full	L369221	5	1.0000
apples_full	L370516	7	1.0000
apples_full	L375608	5	1.0000
apples_full	L375999	5	1.0000
apples_full	L376343	5	1.0000
apples_full	L377914	1	1.0000
apples_full	L380751	6	1.0000
apples_full	L382166	2	1.0000
apples_full	L382724	5	1.0000
apples_full	L383909	6	1.0000
apples_full	L385595	2	1.0000
apples_full	L386761	7	1.0000
apples_full	L38847	0	1.0000
apples_full	L388838	9	1.0000
apples_full	L390056	9	1.0000
apples_full	L390847	8	1.0000
apples_full	L391263	8	1.0000
apples_full	L394934	4	1.0000
apples_full	L396359	4	1.0000
apples_full	L397005	1	1.0000
apples_full	L398087	4	1.0000
apples_full	L401127	8	1.0000
apples_full	L402454	9	1.0000
apples_full	L403424	11	1.0000
apples_full	L405687	3	1.0000
apples_full	L409413	0	1.0000
apples_full	L411451	2	1.0000
apples_full	L414909	5	1.0000
apples_full	L414959	4	1.0000
apples_full	L418437	0	1.0000
apples_full	L419149	9	1.0000
apples_full	L422199	5	1.0000
apples_full	L42258	1	1.0000
apples_full	L425262	7	1.0000
apples_full	L425629	6	1.0000
apples_full	L431467	2	1.0000
apples_full	L433013	4	1.0000
apples_full	L435219	1	1.0000
apples_full	L442957	5	1.0000
apples_full	L4469	2	1.0000
apples_full	L446901	1	1.0000
apples_full	L449888	8	1.0000
apples_full	L450863	2	1.0000
apples_full	L454426	3	1.0000
apples_full	L456423	0	1.0000
apples_full	L458224	1	1.0000
apples_full	L45866	0	1.0000
apples_full	L459126	3	1.0000
apples_full	L459710	0	1.0000
apples_full	L460845	3	1.0000
apples_full	L462461	3	1.0000
apples_full	L462611	0	1.0000
apples_full	L465953	3	1.0000
apples_full	L466572	1	1.0000
apples_full	L469914	3	1.0000
apples_full	L472973	3	1.0000
apples_full	L47627	1	1.0000
apples_full	L477052	8	1.0000
apples_full	L477480	8	1.0000
apples_full	L478354	10	1.0000
apples_full	L480723	3	1.0000
apples_full	L481009	7	1.0000
apples_full	L481562	2	1.0000
apples_full	L481889	1	1.0000
apples_full	L482581	5	1.0000
apples_full	L488483	5	1.0000
apples_full	L494762	0	1.0000
apples_full	L496946	0	1.0000
apples_full	L497994	1	1.0000
apples_full	L498642	0	1.0000
apples_full	L499837	1	1.0000
apples_full	L500481	1	1.0000
apples_full	L501837	1	1.0000
apples_full	L506324	0	1.0000
apples_full	L5117	0	1.0000
apples_full	L511916	1	1.0000
apples_full	L515141	4	1.0000
apples_full	L516046	5	1.0000
apples_full	L520263	1	1.0000
apples_full	L521167	0	1.0000
apples_full	L521904	1	1.0000
apples_full	L523867	3	1.0000
apples_full	L524464	2	1.0000
apples_full	L525527	1	1.0000
apples_full	L529623	1	1.0000
apples_full	L531061	1	1.0000
apples_full	L533105	0	1.0000
apples_full	L534964	3	1.0000
apples_full	L535240	1	1.0000
apples_full	L535400	1	1.0000
apples_full	L536467	5	1.0000
apples_full	L536524	4	1.0000
apples_full	L539572	0	1.0000
apples_full	L539623	0	1.0000
apples_full	L541274	2	1.0000
apples_full	L541585	5	1.0000
apples_full	L543256	2	1.0000
apples_full	L544561	0	1.0000
apples_full	L545165	2	1.0000
apples_full	L546910	1	1.0000
apples_full	L548504	1	1.0000
apples_full	L551442	2	1.0000
apples_full	L555925	4	1.0000
apples_full	L556696	1	1.0000
apples_full	L559531	1	1.0000
apples_full	L560176	2	1.0000
apples_full	L561367	4	1.0000
apples_full	L564679	1	1.0000
apples_full	L566745	4	1.0000
apples_full	L568989	0	1.0000
apples_full	L570772	1	1.0000
apples_full	L572521	1	1.0000
apples_full	L577507	1	1.0000
apples_full	L578197	2	1.0000
apples_full	L584866	0	1.0000
apples_full	L586948	3	1.0000
apples_full	L589777	1	1.0000
apples_full	L589868	0	1.0000
apples_full	L590205	0	1.0000
apples_full	L59044	3	1.0000
apples_full	L599511	4	1.0000
apples_full	L60389	1	1.0000
apples_full	L614050	0	1.0000
apples_full	L617862	1	1.0000
apples_full	L620966	6	1.0000
apples_full	L623278	4	1.0000
apples_full	L62337	1	1.0000
apples_full	L626238	3	1.0000
apples_full	L626353	5	1.0000
apples_full	L62839	1	1.0000
apples_full	L632457	2	1.0000
apples_full	L635118	0	1.0000
apples_full	L636888	0	1.0000
apples_full	L639959	0	1.0000
apples_full	L640160	0	1.0000
apples_full	L641936	3	1.0000
apples_full	L642984	0	1.0000
apples_full	L644406	3	1.0000
apples_full	L644497	2	1.0000
apples_full	L646751	0	1.0000
apples_full	L649091	2	1.0000
apples_full	L652753	0	1.0000
apples_full	L657061	2	1.0000
apples_full	L657332	2	1.0000
apples_full	L657537	0	1.0000
apples_full	L658591	0	1.0000
apples_full	L659549	2	1.0000
apples_full	L660443	2	1.0000
apples_full	L663427	1	1.0000
apples_full	L665914	21	1.0000
apples_full	L666180	0	1.0000
apples_full	L667013	1	1.0000
apples_full	L667839	0	1.0000
apples_full	L669436	2	1.0000
apples_full	L66992	1	1.0000
apples_full	L677371	0	1.0000
apples_full	L678289	1	1.0000
apples_full	L678676	4	1.0000
apples_full	L679717	2	1.0000
apples_full	L680683	5	1.0000
apples_full	L681033	3	1.0000
apples_full	L681532	1	1.0000
apples_full	L681559	1	1.0000
apples_full	L681852	1	1.0000
apples_full	L684567	0	1.0000
apples_full	L685962	1	1.0000
apples_full	L686506	1	1.0000
apples_full	L689721	0	1.0000
apples_full	L691596	4	1.0000
apples_full	L692386	1	1.0000
apples_full	L693733	3	1.0000
apples_full	L694998	1	1.0000
apples_full	L699028	2	1.0000
apples_full	L700056	0	1.0000
apples_full	L700404	3	1.0000
apples_full	L702168	1	1.0000
apples_full	L70331	2	1.0000
apples_full	L704136	0	1.0000
apples_full	L704338	0	1.0000
apples_full	L705787	1	1.0000
apples_full	L706127	1	1.0000
apples_full	L706802	0	1.0000
apples_full	L707187	0	1.0000
apples_full	L710321	1	1.0000
apples_full	L711529	0	1.0000
apples_full	L71277	2	1.0000
apples_full	L713051	1	1.0000
apples_full	L715677	0	1.0000
apples_full	L716679	1	1.0000
apples_full	L720310	3	1.0000
apples_full	L720918	0	1.0000
apples_full	L722647	1	1.0000
apples_full	L722885	1	1.0000
apples_full	L725643	2	1.0000
apples_full	L730413	5	1.0000
apples_full	L731956	0	1.0000
apples_full	L736973	0	1.0000
apples_full	L740874	2	1.0000
apples_full	L741246	0	1.0000
apples_full	L742863	2	1.0000
apples_full	L743451	2	1.0000
apples_full	L748093	3	1.0000
apples_full	L751266	0	1.0000
apples_full	L752342	3	1.0000
apples_full	L752475	0	1.0000
apples_full	L752653	2	1.0000
apples_full	L75387	0	1.0000
apples_full	L754764	0	1.0000
apples_full	L755702	3	1.0000
apples_full	L759676	0	1.0000
apples_full	L759690	0	1.0000
apples_full	L759925	0	1.0000
apples_full	L760304	0	1.0000
apples_full	L762113	0	1.0000
apples_full	L762771	1	1.0000
apples_full	L763808	0	1.0000
apples_full	L764107	1	1.0000
apples_full	L764127	1	1.0000
apples_full	L764282	1	1.0000
apples_full	L764916	5	1.0000
apples_full	L77164	3	1.0000
apples_full	L773134	0	1.0000
apples_full	L774588	0	1.0000
apples_full	L774738	0	1.0000
apples_full	L775906	2	1.0000
apples_full	L778698	1	1.0000
apples_full	L779464	2	1.0000
apples_full	L779937	1	1.0000
apples_full	L780609	0	1.0000
apples_full	L784473	4	1.0000
apples_full	L787550	0	1.0000
apples_full	L789409	1	1.0000
apples_full	L790771	0	1.0000
apples_full	L792951	3	1.0000
apples_full	L79315	2	1.0000
apples_full	L793490	2	1.0000
apples_full	L79406	0	1.0000
apples_full	L79610	2	1.0000
apples_full	L796809	2	1.0000
apples_full	L798449	1	1.0000
apples_full	L801473	0	1.0000
apples_full	L801620	3	1.0000
apples_full	L801738	0	1.0000
apples_full	L803364	4	1.0000
apples_full	L803613	0	1.0000
apples_full	L804778	5	1.0000
apples_full	L808364	2	1.0000
apples_full	L809372	1	1.0000
apples_full	L809693	2	1.0000
apples_full	L811734	1	1.0000
apples_full	L81215	0	1.0000
apples_full	L812450	0	1.0000
apples_full	L812672	0	1.0000
apples_full	L815977	2	1.0000
apples_full	L816644	0	1.0000
apples_full	L81909	0	1.0000
apples_full	L819563	6	1.0000
apples_full	L821100	3	1.0000
apples_full	L822334	1	1.0000
apples_full	L824223	2	1.0000
apples_full	L827048	2	1.0000
apples_full	L827129	2	1.0000
apples_full	L829233	1	1.0000
apples_full	L83001	1	1.0000
apples_full	L830371	2	1.0000
apples_full	L832923	1	1.0000
apples_full	L834579	1	1.0000
apples_full	L834622	1	1.0000
apples_full	L837955	3	1.0000
apples_full	L843972	3	1.0000
apples_full	L845031	3	1.0000
apples_full	L846960	0	1.0000
apples_full	L847988	4	1.0000
apples_full	L849505	4	1.0000
apples_full	L851847	2	1.0000
apples_full	L853299	3	1.0000
apples_full	L855747	2	1.0000
apples_full	L855935	2	1.0000
apples_full	L856753	3	1.0000
apples_full	L85748	1	1.0000
apples_full	L858843	8	1.0000
apples_full	L862725	2	1.0000
apples_full	L864050	6	1.0000
apples_full	L86679	0	1.0000
apples_full	L868640	6	1.0000
apples_full	L869371	3	1.0000
apples_full	L869433	1	1.0000
apples_full	L873249	10	1.0000
apples_full	L883133	1	1.0000
apples_full	L883660	4	1.0000
apples_full	L884453	3	1.0000
apples_full	L885068	3	1.0000
apples_full	L885624	2	1.0000
apples_full	L886084	3	1.0000
apples_full	L886474	2	1.0000
apples_full	L886813	1	1.0000
apples_full	L888328	4	1.0000
apples_full	L888339	3	1.0000
apples_full	L888692	1	1.0000
apples_full	L892540	1	1.0000
apples_full	L894181	1	1.0000
apples_full	L895192	2	1.0000
apples_full	L895682	3	1.0000
apples_full	L898645	1	1.0000
apples_full	L900297	0	1.0000
apples_full	L902295	5	1.0000
apples_full	L902514	4	1.0000
apples_full	L906439	1	1.0000
apples_full	L907227	6	1.0000
apples_full	L90734	1	1.0000
apples_full	L909856	1	1.0000
apples_full	L910412	3	1.0000
apples_full	L910841	3	1.0000
apples_full	L911364	0	1.0000
apples_full	L912237	2	1.0000
apples_full	L913833	0	1.0000
apples_full	L914150	1	1.0000
apples_full	L914195	0	1.0000
apples_full	L91480	0	1.0000
apples_full	L918005	0	1.0000
apples_full	L918018	0	1.0000
apples_full	L923738	3	1.0000
apples_full	L924400	0	1.0000
apples_full	L925260	5	1.0000
apples_full	L928875	6	1.0000
apples_full	L93124	1	1.0000
apples_full	L93295	1	1.0000
apples_full	L933087	10	1.0000
apples_full	L933852	8	1.0000
apples_full	L936253	2	1.0000
apples_full	L940767	4	1.0000
apples_full	L941368	3	1.0000
apples_full	L941926	0	1.0000
apples_full	L942873	2	1.0000
apples_full	L943752	0	1.0000
apples_full	L948601	3	1.0000
apples_full	L94945	2	1.0000
apples_full	L949761	2	1.0000
apples_full	L953203	2	1.0000
apples_full	L95620	1	1.0000
apples_full	L957565	1	1.0000
apples_full	L960419	4	1.0000
apples_full	L962289	1	1.0000
apples_full	L96262	0	1.0000
apples_full	L962680	3	1.0000
apples_full	L967795	1	1.0000
apples_full	L968437	0	1.0000
apples_full	L969615	2	1.0000
apples_full	L970400	2	1.0000
apples_full	L972698	1	1.0000
apples_full	L974207	3	1.0000
apples_full	L979330	1	1.0000
apples_full	L983346	2	1.0000
apples_full	L984768	1	1.0000
apples_full	L984796	1	1.0000
apples_full	L985204	1	1.0000
apples_full	L985959	1	1.0000
apples_full	L986820	8	1.0000
apples_full	L989999	3	1.0000
apples_full	L994491	5	1.0000
apples_full	L997717	5	1.0000
apples_full	L998540	2	1.0000
