stock	2000	frag	0:36.20	2676060
stock	2000	full	1:19.96	2693228
fix	2000	frag	0:36.94	2655272
fix	2000	full	1:16.85	2703756
stock	9000	frag	0:48.18	12547820
stock	9000	full	1:51.65	12942568
stock	1000	frag	0:32.41	1333728
stock	1000	full	1:14.48	1359080
fix	9000	frag	1:00.26	12926096
fix	9000	full	1:39.55	12897952
fix	1000	frag	0:33.10	1316832
fix	1000	full	1:14.93	1480644
stock	5000	frag	1:22.98	7536832	4
stock	5000	full	2:41.06	7648108	4
fix	5000	frag	0:58.65	7555928	4
fix	5000	full	2:02.73	7627064	4
stock	9000	frag	0:57.00	13815960	4
