cond,rep,method,time,all_SPFN,all_SPFP,all_err,all_rawSPFP,long_SPFN,long_SPFP,long_err,long_rawSPFP
dom_f0.1_m0,R0,emma,97.43633103370667,0.00959454072926924,9.644121897212088e-05,0.004845490974120681,9.644121897212088e-05,0.4885226236862984,0.0017790403110358177,0.2451508319986671,0.0017790403110358177
dom_f0.1_m0,R1,emma,121.39039874076843,0.009706381166762479,0.0001527475222180552,0.004929564344490267,0.0001527475222180552,0.49194125224445173,0.0022917791663452647,0.2471165157053985,0.0022917791663452647
dom_f0.1_m0,R2,emma,97.45362591743469,0.00946201944752556,6.671301911109762e-05,0.004764366233318329,6.671301911109762e-05,0.48485054559338503,0.0023349193012854874,0.24359273244733526,0.0023349193012854874
dom_f0.1_m0,R0,emma-tfa,135.215158700943,0.0005201016448678208,0.00022469787636603122,0.00037239976061692603,0.00022469787636603122,0.022699991548988385,0.007655099386742248,0.015177545467865317,0.007655099386742248
dom_f0.1_m0,R1,emma-tfa,157.97298884391785,0.0003498838968363227,0.0002624159574917684,0.00030614992716404554,0.0002624159574917684,0.011720661722462222,0.00708887174992312,0.009404766736192671,0.00708887174992312
dom_f0.1_m0,R0,mafft-add,4.51948618888855,0.0016148484768010452,0.0010840145932335954,0.0013494315350173203,0.0010840145932335954,0.024115330873514584,0.020199066246264663,0.022157198559889624,0.020199066246264663
dom_f0.1_m0,R1,mafft-add,4.605102300643921,0.003180666338109539,0.0021285966071283857,0.0026546314726189624,0.0021285966071283857,0.04250709140340225,0.031195671210394238,0.036851381306898245,0.031195671210394238
dom_f0.1_m0,R2,mafft-add,4.344760417938232,0.0019432457831490835,0.0013690902555846263,0.0016561680193668549,0.0013690902555846263,0.04648236059470412,0.03684135169648983,0.041661856145596976,0.03684135169648983
dom_f0.1_m0,R0,mafft-addlong,434.36507964134216,0.0008181930916036917,0.0006995989602710528,0.0007588960259373723,0.0006995989602710528,0.03301432815688354,0.02782677842801884,0.03042055329245119,0.02782677842801884
dom_f0.1_m0,R0,upp,151.16199159622192,0.00999929776687869,8.406746332001447e-05,0.005041682615099352,0.008551133430072966,0.5018789142337189,0.000842636761839044,0.25136077549777897,0.4335812117710982
dom_f0.1_m0,R1,upp,177.59963059425354,0.010180057751165594,9.952426163117867e-05,0.0051397910063983865,0.008280221617442907,0.5023234269196711,0.0009996377647869537,0.25166153234222904,0.4281821296988767
dom_f0.1_m0,R2,upp,154.4085772037506,0.009961202069494468,3.192412314911852e-05,0.004996563096321793,0.008610134408063574,0.5006005705830205,0.0003190017623002639,0.2504597861726604,0.4402297161609483
dom_f0.1_m0,R0,upp-tfa,184.1265938282013,0.0006817742981510833,0.00022172862311442554,0.0004517514606327544,0.0002664774750145149,0.023577912173477156,0.00764703478835882,0.015612473480917988,0.009932458782432652
dom_f0.1_m0,R1,upp-tfa,192.43937420845032,0.0006468094206035779,0.00022232031899438454,0.00043456486979898123,0.00027639720240746346,0.012843501360992993,0.006890870738643362,0.009867186049818177,0.009633714109040126
dom_f0.1_m0,R0,witch,294.59107542037964,0.01003080914957255,9.220598984416295e-05,0.005061507569708357,0.008497887039521146,0.5020249608422787,0.0009259426919664415,0.25147545176712255,0.4305194436141935
dom_f0.1_m0,R1,witch,317.4955384731293,0.010185413360902618,0.00011556027099712818,0.005150486815949873,0.008674295916216712,0.5024044481472327,0.0011606330994817782,0.25178254062335725,0.4391894348273103
rand_f0.1_m0,R0,emma,90.04717707633972,8.720115727600675e-05,8.707204140079305e-05,8.71365993383999e-05,8.707204140079305e-05,0.0008692815773927443,0.0008692815773927443,0.0008692815773927443,0.0008692815773927443
rand_f0.1_m0,R1,emma,87.79782438278198,0.00013617431368062594,0.00013608579632806705,0.0001361300550043465,0.00013608579632806705,0.0013610258250758012,0.0013610258250758012,0.0013610258250758012,0.0013610258250758012
rand_f0.1_m0,R2,emma,74.6705014705658,5.204038475248307e-05,4.777485154472405e-05,4.990761814860356e-05,4.777485154472405e-05,0.0005180999400870023,0.00047719530302314794,0.0004976476215550751,0.00047719530302314794
rand_f0.1_m0,R0,emma-tfa,81.72217988967896,8.720115727600675e-05,8.707204140079305e-05,8.71365993383999e-05,8.707204140079305e-05,0.0008692815773927443,0.0008692815773927443,0.0008692815773927443,0.0008692815773927443
rand_f0.1_m0,R1,emma-tfa,87.68947696685791,0.00013617431368062594,0.00013608579632806705,0.0001361300550043465,0.00013608579632806705,0.0013610258250758012,0.0013610258250758012,0.0013610258250758012,0.0013610258250758012
rand_f0.1_m0,R2,emma-tfa,75.03064179420471,5.204038475248307e-05,4.777485154472405e-05,4.990761814860356e-05,4.777485154472405e-05,0.0005180999400870023,0.00047719530302314794,0.0004976476215550751,0.00047719530302314794
rand_f0.1_m0,R0,mafft-add,2.238002300262451,0.0001917376302232876,0.0001274082405222643,0.00015957293537277595,0.0001274082405222643,0.0019094616123447317,0.0012677636960820582,0.001588612654213395,0.0012677636960820582
rand_f0.1_m0,R1,mafft-add,1.5706562995910645,0.0002324782047860019,0.00020026800322470173,0.0002163731040053518,0.00020026800322470173,0.002320544934746982,0.002000799992131208,0.002160672463439095,0.002000799992131208
rand_f0.1_m0,R2,mafft-add,1.466775894165039,6.405835566780649e-05,4.804855273721209e-05,5.605345420250929e-05,4.804855273721209e-05,0.0006384169877849954,0.0004772527270122673,0.0005578348573986314,0.0004772527270122673
rand_f0.1_m0,R0,mafft-addlong,214.9530894756317,0.00019600689558185724,0.00017944124527158323,0.00018772407042672024,0.00017944124527158323,0.0019571159899334223,0.0017848822446127066,0.0018709991172730644,0.0017848822446127066
rand_f0.1_m0,R0,upp,133.5649425983429,0.00024796441992636087,8.406746332001447e-05,0.00016601594162318767,8.489068429551327e-05,0.002372859353034329,0.000842636761839044,0.0016077480574366865,0.0009264607389635193
rand_f0.1_m0,R1,upp,117.86767077445984,0.0004382205307276177,9.952466145757288e-05,0.0002688725960925953,0.00010053012634370084,0.0034644293729202413,0.0009996780001839678,0.0022320536865521046,0.001101359547113101
rand_f0.1_m0,R2,upp,124.4123842716217,0.0002641222244351704,3.192412314911852e-05,0.00014802317379214447,3.234181107958367e-05,0.002236096423882672,0.0003190017623002639,0.001277549093091468,0.0003614780764775727
rand_f0.1_m0,R0,upp-tfa,138.4546661376953,0.00024796441992636087,8.406746332001447e-05,0.00016601594162318767,8.489068429551327e-05,0.002372859353034329,0.000842636761839044,0.0016077480574366865,0.0009264607389635193
rand_f0.1_m0,R1,upp-tfa,117.44036197662354,0.0004382205307276177,9.952466145757288e-05,0.0002688725960925953,0.00010053012634370084,0.0034644293729202413,0.0009996780001839678,0.0022320536865521046,0.001101359547113101
rand_f0.1_m0,R2,upp-tfa,121.31005597114563,0.0002641222244351704,3.192412314911852e-05,0.00014802317379214447,3.234181107958367e-05,0.002236096423882672,0.0003190017623002639,0.001277549093091468,0.0003614780764775727
rand_f0.1_m0,R0,witch,204.02243852615356,0.0002638712668482368,9.202695820809126e-05,0.00017794911252816403,9.300353203556266e-05,0.002523217130598443,0.0009225221310672493,0.0017228696308328462,0.0010219665203109463
rand_f0.1_m0,R1,witch,191.7996792793274,0.000439612856748095,0.00011556027099712818,0.0002775865638726116,0.00011634815942074272,0.003586520190461684,0.0011606330994817782,0.002373576644971731,0.0012399515508010328
rand_f0.1_m0,R2,witch,188.51094436645508,0.0002685164958861064,5.194720126644459e-05,0.00016023184857627548,5.229249897686916e-05,0.0023179447556499477,0.0005173950512106229,0.0014176699034302853,0.000552423244724265
rand_f0.1_m0.5,R0,emma,104.3146140575409,0.00015597748881746032,0.00023919614729661642,0.00019758681805703837,0.00023919614729661642,0.0015586267980284285,0.010005849372943909,0.005782238085486169,0.010005849372943909
rand_f0.1_m0.5,R1,emma,101.33585739135742,0.0001480533495549219,0.00020800747246341178,0.00017803041100916683,0.00020800747246341178,0.0014806584382371923,0.007193107521844544,0.004336882980040868,0.007193107521844544
rand_f0.1_m0.5,R2,emma,85.24016284942627,4.80317166463573e-05,0.0001347486490674843,9.13901828569208e-05,0.0001347486490674843,0.00047799425752104163,0.009258478013954297,0.004868236135737669,0.009258478013954297
rand_f0.1_m0.5,R0,emma-tfa,97.34752631187439,0.00015597748881746032,0.00016018151710117667,0.0001580795029593185,0.00016018151710117667,0.0015586267980284285,0.0020440358745130727,0.0018013313362707506,0.0020440358745130727
rand_f0.1_m0.5,R1,emma-tfa,92.0877628326416,0.00014427877785772036,0.0001516980255595879,0.00014798840170865413,0.0001516980255595879,0.001441327168156703,0.0018535400321236795,0.0016474336001401912,0.0018535400321236795
rand_f0.1_m0.5,R2,emma-tfa,77.30398893356323,5.204038475248307e-05,5.775983732769774e-05,5.4900111040090405e-05,5.775983732769774e-05,0.0005180999400870023,0.001126365626298531,0.0008222327831927667,0.001126365626298531
rand_f0.1_m0.5,R0,mafft-add,4.624428987503052,0.002214828690360604,0.003631773151071993,0.0029233009207162985,0.003631773151071993,0.021914440673175606,0.1800108420348584,0.100962641354017,0.1800108420348584
rand_f0.1_m0.5,R1,mafft-add,3.627711534500122,0.002989436639781906,0.004167212555951427,0.0035783245978666667,0.004167212555951427,0.02937881994718139,0.17793030219961348,0.10365456107339743,0.17793030219961348
rand_f0.1_m0.5,R2,mafft-add,3.0846951007843018,9.211903241068686e-05,0.00203967705248298,0.0010658980424468334,0.00203967705248298,0.0009191567657468314,0.16889719549809012,0.08490817613191848,0.16889719549809012
rand_f0.1_m0.5,R0,mafft-addlong,288.35197591781616,0.00019600689558185724,0.002197596379765021,0.0011968016376734392,0.002197596379765021,0.0019571159899334223,0.17225610067727382,0.08710660833360362,0.17225610067727382
rand_f0.1_m0.5,R0,upp,150.68580102920532,0.00024796441992636087,8.406746332001447e-05,0.00016601594162318767,0.003399584322818283,0.002372859353034329,0.000842636761839044,0.0016077480574366865,0.25388620775680804
rand_f0.1_m0.5,R1,upp,135.20104908943176,0.00043420451521192227,9.95403616723678e-05,0.00026687243844214503,0.003169125584979504,0.003424278701379735,0.0009996377647869537,0.0022119582330833443,0.2397871758049337
rand_f0.1_m0.5,R2,upp,137.55478239059448,0.0002641222244351704,3.192412314911852e-05,0.00014802317379214447,0.003190031912414071,0.002236096423882672,0.0003190017623002639,0.001277549093091468,0.2445554413365728
rand_f0.1_m0.5,R0,upp-tfa,148.71184396743774,0.00024796441992636087,8.406746332001447e-05,0.00016601594162318767,0.0002818183860667789,0.002372859353034329,0.000842636761839044,0.0016077480574366865,0.020592479429702104
rand_f0.1_m0.5,R1,upp-tfa,123.12565684318542,0.00043420451521192227,9.95403616723678e-05,0.00026687243844214503,0.00028292494243320476,0.003424278701379735,0.0009996377647869537,0.0022119582330833443,0.01934267775446996
rand_f0.1_m0.5,R2,upp-tfa,124.96282887458801,0.0002641222244351704,3.192412314911852e-05,0.00014802317379214447,0.0002162931215180519,0.002236096423882672,0.0003190017623002639,0.001277549093091468,0.01878107681177965
rand_f0.1_m0.5,R0,witch,253.8817596435547,0.0002638712668482368,9.202695820809126e-05,0.00017794911252816403,0.003442924529842517,0.002523217130598443,0.0009225221310672493,0.0017228696308328462,0.2559779671050938
rand_f0.1_m0.5,R1,witch,242.16108083724976,0.0004355968412323996,0.0001155759063039552,0.0002755863737681774,0.003352232322813009,0.0035463695189211775,0.0011605863877097722,0.002353477953315475,0.24970529470221348
rand_f0.1_m0.5,R2,witch,233.26185774803162,0.0002685164958861064,5.194720126644459e-05,0.00016023184857627548,0.0034407332974802918,0.0023179447556499477,0.0005173950512106229,0.0014176699034302853,0.2579846986446206
rand_f0.1_m1,R0,emma,122.94391441345215,8.720115727600675e-05,0.00024280189807657226,0.0001650015276762895,0.00024280189807657226,0.0008692815773927443,0.016466380566775407,0.008667831072084076,0.016466380566775407
rand_f0.1_m1,R1,emma,157.6278257369995,0.0001480533495549219,0.00027642572516572983,0.00021223953736032586,0.00027642572516572983,0.0014806584382371923,0.014024268384348892,0.007752463411293042,0.014024268384348892
rand_f0.1_m1,R2,emma,100.92127013206482,4.80317166463573e-05,0.0002426177834763399,0.0001453247500613486,0.0002426177834763399,0.00047799425752104163,0.019938492751390036,0.010208243504455539,0.019938492751390036
rand_f0.1_m1,R0,emma-tfa,103.16497588157654,8.720115727600675e-05,9.200263020991972e-05,8.960189374296323e-05,9.200263020991972e-05,0.0008692815773927443,0.0013706077319028953,0.0011199446546478198,0.0013706077319028953
rand_f0.1_m1,R1,emma-tfa,129.18523597717285,0.00014814992708234165,0.00015563352057912372,0.00015189172383073268,0.00015563352057912372,0.0014806584382371923,0.0018993951257868513,0.0016900267820120218,0.0018993951257868513
rand_f0.1_m1,R2,emma-tfa,81.23748993873596,4.80317166463573e-05,5.3943982319393236e-05,5.098784948287527e-05,5.3943982319393236e-05,0.00047799425752104163,0.0011058942856675413,0.0007919442715942915,0.0011058942856675413
rand_f0.1_m1,R0,mafft-add,10.29401683807373,0.003471881189879955,0.006735782158502013,0.005103831674190984,0.006735782158502013,0.03400139840949412,0.30980786740391164,0.17190463290670288,0.30980786740391164
rand_f0.1_m1,R1,mafft-add,8.20926570892334,0.0053163836338820936,0.008030405563379861,0.006673394598630977,0.008030405563379861,0.05102740652063298,0.3086284070734121,0.17982790679702254,0.3086284070734121
rand_f0.1_m1,R2,mafft-add,6.163277864456177,0.0005199700437614752,0.004530875731753592,0.0025254228877575335,0.004530875731753592,0.0051736330510111506,0.3051655350498237,0.15516958405041742,0.3051655350498237
rand_f0.1_m1,R0,mafft-addlong,653.0250446796417,0.00019197974357065828,0.004387137759722881,0.0022895587516467697,0.004387137759722881,0.001916856257142996,0.3021000241870758,0.1520084402221094,0.3021000241870758
rand_f0.1_m1,R0,upp,170.30732703208923,0.00024796441992636087,8.406746332001447e-05,0.00016601594162318767,0.006583770922998222,0.002372859353034329,0.000842636761839044,0.0016077480574366865,0.4006235431983344
rand_f0.1_m1,R1,upp,184.89168167114258,0.00043420451521192227,9.954841169279582e-05,0.00026687646345235905,0.006057011767916842,0.003424278701379735,0.0009996377647869537,0.0022119582330833443,0.3800386811708316
rand_f0.1_m1,R2,upp,155.25464963912964,0.0002641222244351704,3.192412314911852e-05,0.00014802317379214447,0.006464584041193211,0.002236096423882672,0.0003190017623002639,0.001277549093091468,0.39803429855732364
rand_f0.1_m1,R0,upp-tfa,152.5589702129364,0.00024796441992636087,8.406746332001447e-05,0.00016601594162318767,0.00027468630927585114,0.002372859353034329,0.000842636761839044,0.0016077480574366865,0.01989358233001748
rand_f0.1_m1,R1,upp-tfa,172.29817295074463,0.00043420451521192227,9.954841169279582e-05,0.00026687646345235905,0.00029547765449133845,0.003424278701379735,0.0009996377647869537,0.0022119582330833443,0.020569783237087247
rand_f0.1_m1,R2,upp-tfa,127.70412135124207,0.0002641222244351704,3.192412314911852e-05,0.00014802317379214447,0.0002229272654827863,0.002236096423882672,0.0003190017623002639,0.001277549093091468,0.019430504887578026
rand_f0.1_m1,R0,witch,303.4233684539795,0.0002837891248914648,9.620968160306553e-05,0.00018999940324726516,0.006691203356289033,0.0027056183689549984,0.00096627264032767,0.0018359455046413342,0.40426585548763005
rand_f0.1_m1,R1,witch,396.2129776477814,0.000439612856748095,0.00011559247022052688,0.00027760266348431095,0.006610260951517843,0.003586520190461684,0.0011606330994817782,0.002373576644971731,0.40078610240318935
rand_f0.1_m1,R2,witch,282.96717286109924,0.0002685164958861064,5.194720126644459e-05,0.00016023184857627548,0.006936748966296813,0.0023179447556499477,0.0005173950512106229,0.0014176699034302853,0.41462727133033694
rand_f0.1_m3,R0,emma,400.2262043952942,8.720115727600675e-05,0.0005248897801644059,0.0003060454687202063,0.0005248897801644059,0.0008692815773927443,0.04352453052797167,0.022196906052682208,0.04352453052797167
rand_f0.1_m3,R1,emma,271.0735206604004,0.0001441822003303006,0.0004884174985826384,0.0003162998494564695,0.0004884174985826384,0.001441327168156703,0.034941521278272214,0.01819142422321446,0.034941521278272214
rand_f0.1_m3,R2,emma,187.60160517692566,5.204038475248307e-05,0.0006105990357914148,0.00033131971027194895,0.0006105990357914148,0.0005180999400870023,0.0543892715986668,0.0274536857693769,0.0543892715986668
rand_f0.1_m3,R0,emma-tfa,107.57413721084595,8.720115727600675e-05,9.194614256113898e-05,8.957364991857286e-05,9.194614256113898e-05,0.0008692815773927443,0.001364867073279874,0.0011170743253363091,0.001364867073279874
rand_f0.1_m3,R1,emma-tfa,159.57520484924316,0.0001482947933735268,0.00015558526222869684,0.00015194002780111182,0.00015558526222869684,0.0014814778396972095,0.0018805937630795855,0.0016810358013883975,0.0018805937630795855
rand_f0.1_m3,R2,emma-tfa,99.41957426071167,4.80317166463573e-05,5.393594939717694e-05,5.098383302176712e-05,5.393594939717694e-05,0.00047799425752104163,0.001105077220440398,0.0007915357389807198,0.001105077220440398
rand_f0.1_m3,R0,mafft-add,51.34157061576843,0.0038871378623905883,0.014984247936636219,0.009435692899513404,0.014984247936636219,0.03842668250763903,0.5607399569946069,0.29958331975112296,0.5607399569946069
rand_f0.1_m3,R1,mafft-add,35.75886511802673,0.002005826715385073,0.013777121575152207,0.00789147414526864,0.013777121575152207,0.019922927098671495,0.5649947974194036,0.29245886225903756,0.5649947974194036
rand_f0.1_m3,R2,mafft-add,23.439094066619873,5.204038475248307e-05,0.010873584660144653,0.005462812522448568,0.010873584660144653,0.0005180999400870023,0.5275230049985549,0.26402055246932093,0.5275230049985549
rand_f0.1_m3,R0,mafft-addlong,806.5578832626343,0.00019600689558185724,0.012013753519031445,0.006104880207306651,0.012013753519031445,0.0019571159899334223,0.5502837764293409,0.27612044620963716,0.5502837764293409
rand_f0.1_m3,R0,upp,431.64165329933167,0.00024794827903651395,8.807070620764357e-05,0.00016800949262207876,0.018035160095113745,0.0023736809802341607,0.0008829233732774444,0.0016283021767558026,0.6510400620761008
rand_f0.1_m3,R1,upp,285.2890431880951,0.00043420451521192227,9.953231165182874e-05,0.0002668684134318755,0.018131015788469096,0.003424278701379735,0.0009996377647869537,0.0022119582330833443,0.6523108679273757
rand_f0.1_m3,R2,upp,219.8980209827423,0.0002641222244351704,3.192412314911852e-05,0.00014802317379214447,0.017802463160719872,0.002236096423882672,0.0003190017623002639,0.001277549093091468,0.6487746263785111
rand_f0.1_m3,R0,upp-tfa,175.61744141578674,0.00024796441992636087,8.406746332001447e-05,0.00016601594162318767,0.00027710671089153927,0.002372859353034329,0.000842636761839044,0.0016077480574366865,0.020130891953614838
rand_f0.1_m3,R1,upp-tfa,195.2236053943634,0.00043420451521192227,9.953231165182874e-05,0.0002668684134318755,0.00028191862754956,0.003424278701379735,0.0009996377647869537,0.0022119582330833443,0.019241694474640858
rand_f0.1_m3,R2,upp-tfa,145.21217131614685,0.0002641222244351704,3.192412314911852e-05,0.00014802317379214447,0.0002296820130054389,0.002236096423882672,0.0003190017623002639,0.001277549093091468,0.02009274191280397
rand_f0.1_m3,R0,witch,755.034360408783,0.0002638712668482368,9.202695820809126e-05,0.00017794911252816403,0.01900978905614681,0.002523217130598443,0.0009225221310672493,0.0017228696308328462,0.663162485787675
rand_f0.1_m3,R1,witch,621.8562352657318,0.000439612856748095,0.00011557637060910508,0.00027759461367860006,0.019280030716425367,0.003586520190461684,0.0011606330994817782,0.002373576644971731,0.6663152199738047
rand_f0.1_m3,R2,witch,464.8914489746094,0.0002685164958861064,5.194720126644459e-05,0.00016023184857627548,0.018931520453522976,0.0023179447556499477,0.0005173950512106229,0.0014176699034302853,0.6627512777255518
