1	.008238436	0
1	.007472073	0
2000	7.951062382	0
2000	2.521785315	0
2000	2.746415608	0
2000	3.758326811	0
2000	2.900400359	0
2000	3.942205741	0
2000	3.559408596	0
2000	6.081055095	0
2000	2.571186765	0
2000	3.466628198	0
2000	2.888012097	0
2000	1.975979798	0
2000	7.130976516	0
2000	4.701378021	0
2000	2.195836691	0
2000	3.490736618	0
2000	1.998093492	0
2000	2.194153776	0
2000	3.260157229	0
2000	2.394468471	0
2000	3.033978184	0
2000	4.890302691	0
2000	2.001276462	0
2000	3.699793706	0
2000	2.791798478	0
2000	1.671399828	0
2000	2.905124101	0
2000	1.943365697	0
2000	2.175801176	0
2000	2.431508862	0
2000	2.660509216	0
2000	2.771992612	0
2000	2.612186505	0
2000	1.815675571	0
2000	2.304877530	0
2000	2.008952302	0
2000	1.991553213	0
2000	2.338137113	0
2000	1.704737619	0
2000	1.947147099	0
2000	1.837410869	0
2000	1.765881434	0
2000	1.986239333	0
2000	1.900101448	0
2000	1.671980229	0
2000	2.206998240	0
2000	1.631348165	0
